<body>
	<div id="2" group="1" x="609" y="1171" width="913" height="156" type="score" attribution="HM"
		sealts="277_1_1.198" section="9">
		<line c="1202" h="46" n="19">
			<w x="628">I</w>
			<w x="722">never</w>
			<w x="787">will</w>
			<w x="911">partake</w>
			<w x="967">his</w>
			<w x="1076">works,</w>
			<w x="1140">nor</w>
			<w x="1285">counsels,</w>
			<w x="1329">as</w>
			<w x="1442">before,</w>
		</line>
		<line c="1250" h="43" n="20">
			<w x="661">He</w>
			<w x="740">once</w>
			<w x="874">
				<choice>
					<orig>deceiv'd</orig>
					<reg>deceived</reg>
				</choice>
			</w>
			<w x="940">and</w>
			<w x="1053">
				<choice>
					<orig>injur'd</orig>
					<reg>injured</reg>
				</choice>
			</w>
			<w x="1120">me,</w>
			<w x="1188">and</w>
			<w x="1236">he</w>
			<w x="1318">shall</w>
			<w x="1411">never</w>
			<w x="1497">more</w>
		</line>
		<line c="1301" h="49" n="21">
			<w x="673">
				<choice>
					<orig>Tye</orig>
					<reg>Tie</reg>
				</choice>
			</w>
			<w x="732">my</w>
			<w x="884">affections</w>
			<w x="962">with</w>
			<w x="1017">his</w>
			<w x="1124">words.</w>
			<w x="1285">Enough</w>
			<w x="1320">is</w>
			<w x="1379">the</w>
			<w x="1512">increase</w>
		</line>
	</div>
	<div id="3" group="1" x="612" y="1327" width="968" height="91" type="arcedscore"
		attribution="HM" sealts="277_1_1.198" section="9">
		<line n="22" h="45" c="1350">
			<w x="659">Of</w>
			<w x="722">one</w>
			<w x="843">success</w>
			<w x="885">in</w>
			<w x="944">his</w>
			<w x="1064">deceits,</w>
			<w x="1164">which</w>
			<w x="1213">let</w>
			<w x="1278">him</w>
			<w x="1344">joy</w>
			<w x="1384">in</w>
			<w x="1487">peace,</w>
		</line>
		<line n="23" h="45" c="1395">
			<w x="689">And</w>
			<w x="760">bear</w>
			<w x="795">it</w>
			<w x="835">to</w>
			<w x="864">a</w>
			<w x="1012">wretched</w>
			<w x="1102">end.</w>
			<w x="1203">Wise</w>
			<w x="1287">Jove</w>
			<w x="1367">hath</w>
			<w x="1433">reft</w>
			<w x="1489">his</w>
			<w x="1571">brain</w>
		</line>
	</div>
</body>
