<body>
	<div id="2" group="1" x="513" y="286" width="918" height="50" type="score" attribution="HM"
		sealts="277_1_1.014" section="1">
		<line n="1" h="50" c="311">
			<w x="586">My</w>
			<w x="665">short</w>
			<w x="727">life</w>
			<w x="867">
				<choice>
					<orig>honour;</orig>
					<reg>honor;</reg>
				</choice>
			</w>
			<w x="933">yet</w>
			<w x="1003">that</w>
			<w x="1098">right</w>
			<w x="1144">he</w>
			<w x="1221">doth</w>
			<w x="1268">in</w>
			<w x="1312">no</w>
			<w x="1427">degree,</w>
		</line>
	</div>
	<div id="3" group="2" x="512" y="436" width="964" height="100" type="dottedxmark"
		type2="annotated" attribution="HM" sealts="277_1_1.014" section="1">
		<line n="4" h="50" c="461">
			<w x="578">Set</w>
			<w x="652">with</w>
			<w x="719">her</w>
			<w x="775">old</w>
			<w x="841">sire</w>
			<w x="881">in</w>
			<w x="939">his</w>
			<w x="1047">deeps,</w>
			<w x="1114">and</w>
			<w x="1255">instantly</w>
			<w x="1399">
				<choice>
					<orig>appear'd</orig>
					<reg>appeared</reg>
				</choice>
			</w>
		</line>
		<line n="5" h="50" c="511">
			<div id="4" group="2" x="519" y="494" width="57" height="45" type="underline"
				attribution="HM" sealts="277_1_1.014" section="1">
				<w x="568">Up</w>
			</div>
			<w x="662">from</w>
			<w x="718">the</w>
			<w x="797">grey</w>
			<w x="855">sea</w>
			<div id="5" group="2" x="860" y="487" width="196" height="46" type="underline"
				attribution="HM" sealts="277_1_1.014" section="1">
				<w x="927">like</w>
				<w x="959">a</w>
				<w x="1053">cloud,</w>
			</div>
			<w x="1132">sate</w>
			<w x="1179">by</w>
			<w x="1317">side,</w>
			<w x="1391">and</w>
			<w x="1468">said:</w>
		</line>
	</div>
	<div id="6" group="3" x="345" y="1936" width="1311" height="138" type="annotation"
		attribution="HM" sealts="277_1_1.014" section="1">
		<line n="1" h="69" c="1980">
			<w x="594">Exhalation</w>
		</line>
		<line n="2" h="69" c="2028">
			<blank x="451"/>
			<w x="663">Milton--</w>
			<w x="795">"rose</w>
			<w x="878">like</w>
			<w x="962">an</w>
			<w x="1259">exhalation"--</w>
			<w x="1331">the</w>
			<w x="1519">Pandemonium</w>
			<w x="1648">palace.</w>
		</line>
	</div>
</body>
