<body>
	<div id="2" group="1" x="567" y="669" width="510" height="49" type="underline" attribution="HM"
		sealts="277_2_2.211" section="22">
		<line n="9" h="49" c="694">
			<w x="618">I'll</w>
			<w x="680">not</w>
			<w x="755">sue;</w>
			<w x="829">nor</w>
			<w x="927">would</w>
			<w x="981">he</w>
			<w x="1074">grant,</w>
		</line>
	</div>
	<div id="3" group="2" x="207" y="764" width="1084" height="193" type="score2" attribution="HM"
		sealts="277_2_2.211" section="22">
		<line c="791" h="46" n="11">
			<w x="251">To</w>
			<w x="327">men</w>
			<w x="372">of</w>
			<w x="432">oak</w>
			<w x="499">and</w>
			<w x="577">rock</w>
			<w x="624">no</w>
			<w x="740">words;</w>
			<w x="864">virgins</w>
			<w x="931">and</w>
			<w x="1041">youths</w>
			<w x="1111">talk</w>
			<w x="1196">thus,</w>
		</line>
		<line c="840" h="46" n="12">
			<w x="322">Virgins</w>
			<w x="390">and</w>
			<w x="499">youths</w>
			<w x="572">that</w>
			<w x="643">love</w>
			<w x="711">and</w>
			<w x="797">woo;</w>
			<w x="918">there's</w>
			<w x="1008">other</w>
			<w x="1076">war</w>
			<w x="1152">with</w>
			<w x="1213">us;</w>
		</line>
		<line c="889" h="46" n="13">
			<w x="295">What</w>
			<w x="387">blows</w>
			<w x="455">and</w>
			<w x="587">conflicts</w>
			<w x="677">urge,</w>
			<w x="731">we</w>
			<w x="801">cry,</w>
			<w x="892">hates</w>
			<w x="961">and</w>
			<w x="1117">defiances,</w>
		</line>
		<line c="937" h="45" n="14">
			<w x="283">And,</w>
			<w x="358">with</w>
			<w x="417">the</w>
			<w x="555">garlands</w>
			<w x="641">these</w>
			<w x="721">trees</w>
			<w x="805">bear,</w>
			<w x="860">try</w>
			<w x="957">which</w>
			<w x="1040">hand</w>
			<w x="1119">Jove</w>
			<w x="1179">will</w>
			<w x="1292">bless."</w>
		</line>
	</div>
</body>
