<body>
	<div id="2" group="1" x="576" y="396" width="918" height="52" type="checkmark" attribution="HM"
		sealts="277_1_1.140" section="6">
		<line n="3" h="52" c="422">
			<w x="645">The</w>
			<w x="742">virtue</w>
			<w x="788">of</w>
			<w x="842">the</w>
			<w x="912">one</w>
			<w x="992">Jove</w>
			<w x="1096">
				<choice>
					<orig>plac'd</orig>
					<reg>placed</reg>
				</choice>
			</w>
			<w x="1217">beneath</w>
			<w x="1279">the</w>
			<w x="1394">other's</w>
			<w x="1493">
				<choice>
					<orig>pow'r.</orig>
					<reg>power.</reg>
				</choice>
			</w>
		</line>
	</div>
	<div id="3" group="2" x="580" y="648" width="474" height="49" type="underline" attribution="HM"
		sealts="277_1_1.140" section="6">
		<line n="8" h="49" c="673">
			<w x="649">The</w>
			<w x="765">danger</w>
			<w x="808">of</w>
			<w x="835">a</w>
			<w x="982">
				<choice>
					<orig>princess'</orig>
					<reg>princess's</reg>
				</choice>
			</w>
			<w x="1051">love,</w>
		</line>
	</div>
</body>
