<body>
	<div id="2" group="1" x="199" y="1160" width="1105" height="201" type="wavyscore" erasure="true"
		attribution="HM" sealts="277_2_2.057" section="15">
		<line c="1193" h="39" n="19">
			<w x="285">With</w>
			<w x="398">terrors</w>
			<w x="443">of</w>
			<w x="495">his</w>
			<w x="634">stronger</w>
			<w x="734">hands</w>
			<w x="784">on</w>
			<w x="851">me,</w>
			<w x="895">as</w>
			<w x="932">if</w>
			<w x="959">I</w>
			<w x="1041">were</w>
		</line>
		<line c="1242" h="38" n="20">
			<w x="263">The</w>
			<w x="347">most</w>
			<w x="470">ignoble</w>
			<w x="516">of</w>
			<w x="557">us</w>
			<w x="616">all.</w>
			<w x="712">Let</w>
			<w x="782">him</w>
			<w x="903">contain</w>
			<w x="945">in</w>
			<w x="1017">fear</w>
		</line>
		<line c="1292" h="41" n="21">
			<w x="258">His</w>
			<w x="420">daughters</w>
			<w x="490">and</w>
			<w x="545">his</w>
			<w x="631">sons,</w>
			<w x="728">begot</w>
			<w x="777">by</w>
			<w x="833">his</w>
			<w x="906">own</w>
			<w x="1026">person.</w>
			<w x="1136">This</w>
		</line>
		<line c="1342" h="40" n="22">
			<w x="292">Holds</w>
			<w x="381">more</w>
			<w x="584">convenience.</w>
			<w x="694">They</w>
			<w x="777">must</w>
			<w x="856">hear</w>
			<w x="945">these</w>
			<w x="1055">violent</w>
			<w x="1170">threats</w>
			<w x="1215">of</w>
			<w x="1295">his."</w>
		</line>
	</div>
</body>
