<body>
	<div id="2" group="1" x="507" y="1332" width="980" height="345" type="score" attribution="HM"
		sealts="277_1_1.010" section="1">
		<line c="1362" h="38" n="22">
			<w x="557">So</w>
			<w x="615">old</w>
			<w x="658">as</w>
			<w x="697">I.</w>
			<w x="754">I</w>
			<w x="833">
				<choice>
					<orig>liv'd</orig>
					<reg>lived</reg>
				</choice>
			</w>
			<w x="911">long</w>
			<w x="1008">since,</w>
			<w x="1077">and</w>
			<w x="1144">was</w>
			<w x="1319">companion</w>
		</line>
		<line c="1411" h="39" n="23">
			<w x="600">With</w>
			<w x="676">men</w>
			<w x="811">superior</w>
			<w x="851">to</w>
			<w x="919">you</w>
			<w x="1006">both,</w>
			<w x="1080">who</w>
			<w x="1140">yet</w>
			<w x="1239">would</w>
			<w x="1316">ever</w>
			<w x="1395">hear</w>
		</line>
		<line c="1460" h="39" n="24">
			<w x="572">My</w>
			<w x="707">counsels</w>
			<w x="785">with</w>
			<w x="911">respect.</w>
			<w x="1032">Mine</w>
			<w x="1109">eyes</w>
			<w x="1169">yet</w>
			<w x="1264">never</w>
			<w x="1385">witness</w>
			<w x="1477">were,</w>
		</line>
		<line c="1510" h="38" n="25">
			<w x="581">Nor</w>
			<w x="657">ever</w>
			<w x="723">will</w>
			<w x="778">be,</w>
			<w x="824">of</w>
			<w x="900">such</w>
			<w x="977">men</w>
			<w x="1020">as</w>
			<w x="1100">then</w>
			<w x="1253">delighted</w>
			<w x="1341">them;</w>
		</line>
		<line c="1559" h="37" n="26">
			<w x="667">Pirithous,</w>
			<w x="813">Exadius,</w>
			<w x="882">and</w>
			<w x="1021">
				<choice>
					<orig>god-like</orig>
					<reg>god like</reg>
					<reg>godlike</reg>
					<reg>god</reg>
					<reg>like</reg>
				</choice>
			</w>
			<w x="1214">Polypheme,</w>
		</line>
		<line c="1608" h="39" n="27">
			<w x="647">Caneus,</w>
			<w x="715">and</w>
			<w x="820">Dryas</w>
			<w x="930">prince</w>
			<w x="972">of</w>
			<w x="1054">men,</w>
			<w x="1179">Egean</w>
			<w x="1324">Theseus,</w>
		</line>
		<line c="1653" h="44" n="28">
			<w x="551">A</w>
			<w x="628">man</w>
			<w x="695">like</w>
			<w x="835">heaven's</w>
			<w x="998">immortals</w>
			<w x="1126">
				<choice>
					<orig>form'd;</orig>
					<reg>formed;</reg>
				</choice>
			</w>
			<w x="1193">all,</w>
			<w x="1245">all</w>
			<w x="1324">most</w>
			<w x="1476">vigorous,</w>
		</line>
	</div>
</body>
