<body>
	<div id="2" group="1" x="195" y="314" width="1100" height="93" type="checkmark" attribution="HM"
		sealts="277_1_1.121" section="5">
		<line n="1" h="46" c="337">
			<w x="273">"O</w>
			<w x="418">friends,"</w>
			<w x="492">said</w>
			<w x="550">he,</w>
			<w x="663">"hold</w>
			<w x="712">up</w>
			<w x="793">your</w>
			<w x="912">minds;</w>
		</line>
		<div id="3" group="1" x="321" y="322" width="370" height="44" type="underline"
			attribution="HM" sealts="277_1_1.121" section="5">
			<line n="1" h="46" c="337">
				<blank x="920"/>
				<w x="1057">strength</w>
				<w x="1094">is</w>
				<w x="1159">but</w>
				<w x="1286">strength</w>
			</line>
			<line n="4" h="46" c="383">
				<w x="363">of</w>
				<w x="435">will;</w>
			</line>
		</div>
	</div>
</body>
