<body>
    <div id="1" group="1" x="184" y="131" width="321" height="88" type="notation" attribution="HM"
        sealts="277_1_a02" section="frontmatter">
        <line n="1" h="88" c="175">
            <w x="278">
                <choice>
                    <orig>C.</orig>
                    <reg>Cape</reg>
                </choice>
            </w>
            <w x="391">
                <choice>
                    <orig>H.</orig>
                    <reg>Horn</reg>
                </choice>
            </w>
            <w x="500">2.</w>
        </line>
    </div>
</body>
