<body>
	<div id="2" group="1" x="237" y="624" width="1093" height="296" type="score" attribution="HM"
		sealts="277_2_2.231" section="23">
		<line c="650" h="45" n="8">
			<w x="358">Commit</w>
			<w x="453">them,</w>
			<w x="507">till</w>
			<w x="592">mine</w>
			<w x="665">own</w>
			<w x="762">bones</w>
			<w x="832">seal</w>
			<w x="895">our</w>
			<w x="976">love,</w>
			<w x="1035">my</w>
			<w x="1106">soul</w>
			<w x="1251">
				<choice>
					<orig>deceas'd.</orig>
					<reg>deceased.</reg>
				</choice>
			</w>
		</line>
		<line c="699" h="45" n="9">
			<w x="298">The</w>
			<w x="449">
				<choice>
					<orig>sepulchre</orig>
					<reg>sepulcher</reg>
				</choice>
			</w>
			<w x="478">I</w>
			<w x="559">have</w>
			<w x="620">not</w>
			<w x="746">
				<choice>
					<orig>charg'd</orig>
					<reg>charged</reg>
				</choice>
			</w>
			<w x="786">to</w>
			<w x="880">make</w>
			<w x="926">of</w>
			<w x="979">too</w>
			<w x="1074">much</w>
			<w x="1166">state,</w>
		</line>
		<line c="749" h="46" n="10">
			<w x="295">But</w>
			<w x="338">of</w>
			<w x="364">a</w>
			<w x="465">model</w>
			<w x="632">something</w>
			<w x="734">mean,</w>
			<w x="808">that</w>
			<w x="875">you</w>
			<w x="919">of</w>
			<w x="1052">younger</w>
			<w x="1128">fate,</w>
		</line>
		<line c="799" h="49" n="11">
			<w x="329">When</w>
			<w x="359">I</w>
			<w x="416">am</w>
			<w x="509">gone,</w>
			<w x="588">may</w>
			<w x="714">amplify</w>
			<w x="791">with</w>
			<w x="871">such</w>
			<w x="901">a</w>
			<w x="1028">breadth</w>
			<w x="1095">and</w>
			<w x="1205">height</w>
		</line>
		<line c="849" h="49" n="12">
			<w x="278">As</w>
			<w x="329">fits</w>
			<w x="406">your</w>
			<w x="571">judgments</w>
			<w x="633">and</w>
			<w x="691">our</w>
			<w x="825">worths."</w>
			<w x="927">This</w>
			<w x="1039">charge</w>
			<w x="1164">
				<choice>
					<orig>receiv'd</orig>
					<reg>received</reg>
				</choice>
			</w>
			<w x="1216">his</w>
			<w x="1329">weight</w>
		</line>
		<line c="898" h="49" n="13">
			<w x="272">In</w>
			<w x="321">all</w>
			<w x="505">observance.</w>
			<w x="620">First</w>
			<w x="699">they</w>
			<w x="847">
				<choice>
					<orig>quench'd</orig>
					<reg>quenched</reg>
				</choice>
			</w>
			<w x="925">with</w>
			<w x="1012">sable</w>
			<w x="1093">wine</w>
			<w x="1154">the</w>
			<w x="1236">heap</w>
		</line>
	</div>
	<div id="3" group="2" x="231" y="1071" width="1088" height="536" type="score"
		type2="crosschecks2" attribution="HM" sealts="277_2_2.231" section="23">
		<line c="1090" h="37" n="17">
			<w x="290">His</w>
			<w x="356">will</w>
			<w x="448">made</w>
			<w x="489">to</w>
			<w x="640">]Eacides,</w>
			<w x="708">and</w>
			<w x="793">what</w>
			<w x="848">his</w>
			<w x="921">love</w>
			<w x="980">did</w>
			<w x="1055">add.</w>
		</line>
		<line c="1142" h="41" n="18">
			<w x="263">A</w>
			<w x="374">golden</w>
			<w x="481">vessel,</w>
			<w x="591">double</w>
			<w x="652">fat,</w>
			<w x="803">
				<choice>
					<orig>contain'd</orig>
					<reg>contained</reg>
				</choice>
			</w>
			<w x="899">them.</w>
			<w x="988">All</w>
			<w x="1098">which,</w>
			<w x="1173">clad</w>
		</line>
		<line c="1192" h="43" n="19">
			<w x="270">In</w>
			<w x="347">veils</w>
			<w x="392">of</w>
			<w x="483">linen,</w>
			<w x="564">pure</w>
			<w x="632">and</w>
			<w x="712">rich,</w>
			<w x="795">were</w>
			<w x="941">solemnly</w>
			<w x="1085">
				<choice>
					<orig>convey'd</orig>
					<reg>conveyed</reg>
				</choice>
			</w>
		</line>
		<line c="1242" h="44" n="20">
			<w x="268">T'</w>
			<w x="408">Achilles'</w>
			<w x="489">tent.</w>
			<w x="590">The</w>
			<w x="729">platform</w>
			<w x="808">then</w>
			<w x="905">about</w>
			<w x="963">the</w>
			<w x="1030">pile</w>
			<w x="1110">they</w>
			<w x="1178">laid</w>
		</line>
		<line c="1290" h="41" n="21">
			<w x="276">Of</w>
			<w x="327">his</w>
			<w x="371">fit</w>
			<w x="533">
				<choice>
					<orig>sepulchre,</orig>
					<reg>sepulcher,</reg>
				</choice>
			</w>
			<w x="602">and</w>
			<w x="697">
				<choice>
					<orig>rais'd</orig>
					<reg>raised</reg>
				</choice>
			</w>
			<w x="727">a</w>
			<w x="809">heap</w>
			<w x="854">of</w>
			<w x="950">earth,</w>
			<w x="1020">and</w>
			<w x="1100">then</w>
		</line>
		<line c="1340" h="42" n="22">
			<w x="338">
				<choice>
					<orig>Offer'd</orig>
					<reg>Offered</reg>
				</choice>
			</w>
			<w x="502">departure.</w>
			<w x="600">But</w>
			<w x="659">the</w>
			<w x="764">prince</w>
			<w x="894">
				<choice>
					<orig>retain'd</orig>
					<reg>retained</reg>
				</choice>
			</w>
			<w x="983">there</w>
			<w x="1050">still</w>
			<w x="1106">his</w>
			<w x="1194">men,</w>
		</line>
		<line c="1390" h="43" n="23">
			<w x="400">Employing</w>
			<w x="487">them</w>
			<w x="527">to</w>
			<w x="613">fetch</w>
			<w x="695">from</w>
			<w x="770">fleet</w>
			<w x="842">rich</w>
			<w x="956">tripods</w>
			<w x="1011">for</w>
			<w x="1066">his</w>
			<w x="1183">games,</w>
		</line>
		<line c="1440" h="47" n="24">
			<w x="375">Caldrons,</w>
			<w x="476">horse,</w>
			<w x="584">mules,</w>
			<w x="805">
				<choice>
					<orig>broad-headed</orig>
					<reg>broad headed</reg>
					<reg>broad</reg>
					<reg>headed</reg>
				</choice>
			</w>
			<w x="922">beeves,</w>
			<w x="1029">bright</w>
			<w x="1118">steel,</w>
			<w x="1186">and</w>
			<w x="1321">brighter</w>
		</line>
		<line c="1488" h="41" n="25">
			<w x="456">dames.</w>
		</line>
		<line c="1538" h="43" n="26">
			<w x="333">The</w>
			<w x="406">best</w>
			<w x="448">at</w>
			<w x="617">
				<choice>
					<orig>horse-race</orig>
					<reg>horse race</reg>
					<reg>horse</reg>
					<reg>race</reg>
				</choice>
			</w>
			<w x="665">he</w>
			<w x="802">
				<choice>
					<orig>ordain'd</orig>
					<reg>ordained</reg>
				</choice>
			</w>
			<w x="831">a</w>
			<w x="907">lady</w>
			<w x="962">for</w>
			<w x="1017">his</w>
			<w x="1112">prize,</w>
		</line>
		<line c="1587" h="40" n="27">
			<w x="382">Generally</w>
			<w x="531">praiseful,</w>
			<w x="596">fair</w>
			<w x="662">and</w>
			<w x="777">young,</w>
			<w x="846">and</w>
			<w x="949">
				<choice>
					<orig>skill'd</orig>
					<reg>skilled</reg>
				</choice>
			</w>
			<w x="990">in</w>
			<w x="1200">housewiferies</w>
		</line>
	</div>
</body>
