<body>
	<div id="2" group="1" x="491" y="386" width="1113" height="110" type="score" attribution="HM"
		sealts="277_2_2.056" section="15">
		<line n="3" h="55" c="414">
			<w x="579">Jove</w>
			<w x="620">in</w>
			<w x="716">much</w>
			<w x="843">trouble,</w>
			<w x="884">to</w>
			<w x="956">free</w>
			<w x="1007">all</w>
			<w x="1091">from</w>
			<w x="1185">death</w>
			<w x="1252">that</w>
			<w x="1355">would</w>
			<w x="1420">not</w>
			<w x="1504">die."</w>
		</line>
		<line n="4" h="55" c="469">
			<w x="614">This</w>
			<w x="714">threat</w>
			<w x="788">even</w>
			<w x="878">
				<choice>
					<orig>nail'd</orig>
					<reg>nailed</reg>
				</choice>
			</w>
			<w x="945">him</w>
			<w x="980">to</w>
			<w x="1029">his</w>
			<w x="1154">throne;</w>
			<w x="1254">when</w>
			<w x="1390">heaven's</w>
			<w x="1473">chief</w>
			<w x="1598">Majesty</w>
		</line>
	</div>
</body>
