<body>
	<div id="2" group="1" x="191" y="891" width="1089" height="170" type="wavyscore"
		attribution="HM" sealts="277_1_1.115" section="5">
		<line c="930" h="55" n="13">
			<w x="216">I</w>
			<w x="335">rescu'd</w>
			<w x="416">from</w>
			<w x="471">his</w>
			<w x="584">bloody</w>
			<w x="679">hand.</w>
			<w x="792">Now</w>
			<w x="887">battle</w>
			<w x="924">is</w>
			<w x="985">not</w>
			<w x="1080">given</w>
		</line>
		<line c="977" h="49" n="14">
			<w x="239">To</w>
			<w x="307">any</w>
			<w x="436">Trojans</w>
			<w x="486">by</w>
			<w x="545">the</w>
			<w x="676">Greeks,</w>
			<w x="739">but</w>
			<w x="789">by</w>
			<w x="848">the</w>
			<w x="968">Greeks</w>
			<w x="1010">to</w>
			<w x="1159">heaven."</w>
		</line>
		<line c="1032" h="59" n="15">
			<w x="292">She</w>
			<w x="452">
				<choice>
					<orig>answer'd:</orig>
					<reg>answered:</reg>
				</choice>
			</w>
			<w x="663">"Daughter,</w>
			<w x="757">think</w>
			<w x="817">not</w>
			<w x="920">much,</w>
			<w x="1041">though</w>
			<w x="1134">much</w>
			<w x="1169">it</w>
			<w x="1273">grieve</w>
		</line>
	</div>
	<div id="3" group="2" x="165" y="1537" width="1042" height="160" type="checkmark"
		attribution="HM" sealts="277_1_1.115" section="5">
		<line c="1575" h="60" n="26">
			<w x="246">And</w>
			<w x="293">he</w>
			<w x="344">by</w>
			<w x="455">stealth</w>
			<w x="651">
				<choice>
					<orig>enfranchis'd</orig>
					<reg>enfranchised</reg>
				</choice>
			</w>
			<w x="737">him;</w>
			<w x="865">though</w>
			<w x="912">he</w>
			<w x="1004">could</w>
			<w x="1108">scarce</w>
			<w x="1204">enjoy</w>
		</line>
		<line c="1622" h="56" n="27">
			<w x="239">The</w>
			<w x="353">benefit</w>
			<w x="397">of</w>
			<w x="627">franchisement,</w>
			<w x="688">the</w>
			<w x="796">chains</w>
			<w x="856">did</w>
			<w x="899">so</w>
			<w x="1023">destroy</w>
		</line>
		<line c="1667" h="48" n="28">
			<w x="234">His</w>
			<w x="312">vital</w>
			<w x="409">forces</w>
			<w x="488">with</w>
			<w x="572">their</w>
			<w x="694">weight.</w>
			<w x="772">So</w>
			<w x="861">Juno</w>
			<w x="986">
				<choice>
					<orig>suffer'd</orig>
					<reg>suffered</reg>
				</choice>
			</w>
			<w x="1074">more</w>
		</line>
	</div>
</body>
