<body>
	<div id="2" group="1" x="190" y="736" width="1110" height="707" type="diagonalscore"
		attribution="HM" sealts="277_1_b19" mode="commentary" section="intro">
		<line c="772" h="46" n="9">
			<w x="328">"One</w>
			<w x="367">of</w>
			<w x="417">the</w>
			<w x="607">peculiarities</w>
			<w x="645">of</w>
			<w x="818">Chapman's</w>
			<w x="1026">versification,"</w>
			<w x="1092">says</w>
			<w x="1157">Mr.</w>
			<w x="1292">Singer,</w>
		</line>
		<line c="820" h="43" n="10">
			<w x="257">"is</w>
			<w x="317">the</w>
			<w x="497">interlacing</w>
			<w x="541">of</w>
			<w x="600">the</w>
			<w x="717">verses,</w>
			<w x="761">or</w>
			<w x="824">the</w>
			<w x="960">running</w>
			<w x="1004">of</w>
			<w x="1063">the</w>
			<w x="1148">lines</w>
			<w x="1216">one</w>
			<w x="1291">into</w>
		</line>
		<line c="871" h="44" n="11">
			<w x="245">the</w>
			<w x="345">other,</w>
			<w x="389">so</w>
			<w x="463">that</w>
			<w x="522">the</w>
			<w x="615">sense</w>
			<w x="692">does</w>
			<w x="753">not</w>
			<w x="832">close</w>
			<w x="909">with</w>
			<w x="966">the</w>
			<w x="1102">couplet;</w>
			<w x="1174">this</w>
			<w x="1211">is</w>
			<w x="1293">what</w>
		</line>
		<line c="920" h="44" n="12">
			<w x="245">the</w>
			<w x="373">French</w>
			<w x="481">critics</w>
			<w x="589">object</w>
			<w x="633">to</w>
			<w x="738">under</w>
			<w x="797">the</w>
			<w x="894">name</w>
			<w x="941">of</w>
			<w x="1146">
				<choice>
					<orig>enjambement</orig>
					<reg>enjambment</reg>
				</choice>
			</w>
			<w x="1207">des</w>
			<w x="1291">vers,</w>
		</line>
		<line c="967" h="41" n="13">
			<w x="253">and</w>
			<w x="286">is</w>
			<w x="371">what</w>
			<w x="463">made</w>
			<w x="541">Ben</w>
			<w x="658">Jonson</w>
			<w x="730">say,</w>
			<w x="821">'that</w>
			<w x="880">the</w>
			<w x="1062">translations</w>
			<w x="1107">of</w>
			<w x="1225">Homer</w>
			<w x="1292">and</w>
		</line>
		<line c="1018" h="45" n="14">
			<w x="291">Virgil</w>
			<w x="335">in</w>
			<w x="414">long</w>
			<w x="627">Alexandrines</w>
			<w x="710">were</w>
			<w x="777">but</w>
			<w x="892">prose.'</w>
			<w x="993">The</w>
			<w x="1139">practice,</w>
			<w x="1291">however,</w>
		</line>
		<line c="1069" h="46" n="15">
			<w x="278">when</w>
			<w x="346">not</w>
			<div id="3" group="1" x="356" y="1041" width="544" height="46" type="underline"
				attribution="HM" sealts="277_1_b19" mode="commentary" section="intro">
				<w x="561">injudiciously</w>
				<w x="718">excessive</w>
				<w x="771">in</w>
				<w x="827">its</w>
				<w x="893">use,</w>
			</div>
			<w x="982">gives</w>
			<w x="1118">freedom</w>
			<w x="1193">and</w>
			<w x="1291">spirit</w>
		</line>
		<line c="1110" h="59" n="16">
			<w x="226">to</w>
			<w x="309">long</w>
			<w x="522">compositions,</w>
			<w x="627">while</w>
			<w x="678">the</w>
			<w x="777">strict</w>
			<w x="940">observance</w>
			<w x="985">of</w>
			<w x="1137">confining</w>
			<w x="1199">the</w>
			<w x="1290">sense</w>
		</line>
		<line c="1165" h="41" n="17">
			<w x="225">to</w>
			<w x="384">terminate</w>
			<w x="468">with</w>
			<w x="532">the</w>
			<w x="655">couplet</w>
			<w x="746">gives</w>
			<w x="782">a</w>
			<w x="854">stiff</w>
			<w x="921">and</w>
			<w x="1036">formal</w>
			<w x="1102">air,</w>
			<w x="1177">and</w>
			<w x="1290">makes</w>
		</line>
		<line c="1217" h="44" n="18">
			<w x="249">one</w>
			<w x="354">rather</w>
			<w x="440">seem</w>
			<w x="480">to</w>
			<w x="528">be</w>
			<w x="657">reading</w>
			<w x="687">a</w>
			<w x="788">string</w>
			<w x="831">of</w>
			<w x="988">epigrams,</w>
			<w x="1067">than</w>
			<w x="1097">a</w>
			<w x="1196">poem.</w>
			<w x="1288">The</w>
		</line>
		<line c="1265" h="42" n="19">
			<w x="334">following</w>
			<w x="475">judicious</w>
			<w x="636">reflections</w>
			<w x="678">of</w>
			<w x="720">an</w>
			<w x="862">excellent</w>
			<w x="916">old</w>
			<w x="992">poet</w>
			<w x="1057">and</w>
			<w x="1152">critic,</w>
			<w x="1192">in</w>
			<w x="1288">which</w>
		</line>
		<line c="1316" h="46" n="20">
			<w x="246">our</w>
			<w x="379">author's</w>
			<w x="496">custom</w>
			<w x="535">is</w>
			<w x="697">defended,</w>
			<w x="765">will</w>
			<w x="857">place</w>
			<w x="927">this</w>
			<w x="1051">subject</w>
			<w x="1092">in</w>
			<w x="1123">a</w>
			<w x="1194">just</w>
			<w x="1288">point</w>
		</line>
		<line c="1356" h="28" n="21">
			<w x="229">of</w>
			<w x="321">view:</w>
		</line>
		<line c="1412" h="40" n="22">
			<w x="276">'I</w>
			<w x="362">must</w>
			<w x="479">confess</w>
			<w x="565">that,</w>
			<w x="606">to</w>
			<w x="698">mine</w>
			<w x="774">own</w>
			<w x="847">ear,</w>
			<w x="940">those</w>
			<w x="1091">continual</w>
			<w x="1241">cadences</w>
			<w x="1287">in</w>
		</line>
	</div>
	<div id="4" group="2" x="180" y="1786" width="1111" height="101" type="checkmark"
		attribution="HM" sealts="277_1_b19" mode="commentary" section="intro">
		<line n="30" h="50" c="1811">
			<w x="240">the</w>
			<w x="313">ear</w>
			<w x="395">with</w>
			<w x="424">a</w>
			<w x="554">running</w>
			<w x="624">out</w>
			<w x="697">and</w>
			<w x="819">passing</w>
			<w x="896">over</w>
			<w x="960">the</w>
			<w x="1079">rhyme,</w>
			<w x="1132">as</w>
			<w x="1180">no</w>
			<w x="1284">bound</w>
		</line>
		<line n="31" h="50" c="1861">
			<w x="222">to</w>
			<w x="295">stay</w>
			<w x="341">us</w>
			<w x="380">in</w>
			<w x="443">the</w>
			<w x="501">line</w>
			<div id="5" group="2" x="506" y="1833" width="772" height="52" type="underline"
				attribution="HM" sealts="277_1_b19" mode="commentary" section="intro">
				<w x="604">where</w>
				<w x="656">the</w>
				<w x="787">violence</w>
				<w x="825">of</w>
				<w x="883">the</w>
				<w x="992">matter</w>
				<w x="1056">will</w>
				<w x="1148">break</w>
				<w x="1275">through,</w>
			</div>
		</line>
	</div>
</body>
