<body>
	<div id="2" group="1" x="193" y="988" width="1039" height="215" type="wavyscore2"
		attribution="HM" sealts="277_1_1.021" section="1">
		<line c="1027" h="44" n="15">
			<w x="272">And</w>
			<w x="374">
				<choice>
					<orig>hurl'd</orig>
					<reg>hurled</reg>
				</choice>
			</w>
			<w x="432">me</w>
			<w x="492">out</w>
			<w x="537">of</w>
			<w x="659">heaven.</w>
			<w x="748">All</w>
			<w x="815">day</w>
			<w x="844">I</w>
			<w x="912">was</w>
			<w x="955">in</w>
			<w x="1064">falling</w>
			<w x="1173">down;</w>
		</line>
		<line c="1076" h="43" n="16">
			<w x="245">At</w>
			<w x="354">length</w>
			<w x="396">in</w>
			<w x="530">Lemnos</w>
			<w x="561">I</w>
			<w x="667">struck</w>
			<w x="767">earth.</w>
			<w x="869">The</w>
			<w x="1115">
				<choice>
					<orig>likewise-falling</orig>
					<reg>likewise falling</reg>
					<reg>likewise</reg>
					<reg>falling</reg>
				</choice>
			</w>
			<w x="1179">sun</w>
		</line>
		<line c="1125" h="43" n="17">
			<w x="270">And</w>
			<w x="309">I,</w>
			<w x="457">together,</w>
			<w x="513">set;</w>
			<w x="600">my</w>
			<w x="659">life</w>
			<w x="771">almost</w>
			<w x="825">set</w>
			<w x="881">too;</w>
			<w x="969">yet</w>
			<w x="1058">there</w>
		</line>
		<line c="1175" h="43" n="18">
			<w x="264">The</w>
			<w x="360">Sintii</w>
			<w x="483">
				<choice>
					<orig>cheer'd</orig>
					<reg>cheered</reg>
				</choice>
			</w>
			<w x="551">and</w>
			<w x="627">took</w>
			<w x="685">me</w>
			<w x="764">up."</w>
			<w x="873">This</w>
			<w x="934">did</w>
			<w x="974">to</w>
			<w x="1114">laughter</w>
			<w x="1208">cheer</w>
		</line>
	</div>
	<div id="3" group="2" x="194" y="1293" width="833" height="98" type="wavyscore" attribution="HM"
		sealts="277_1_1.021" section="1">
		<line n="21" h="49" c="1318">
			<w x="310">Nectar</w>
			<w x="356">to</w>
			<w x="406">all</w>
			<w x="461">the</w>
			<w x="555">other</w>
			<w x="665">Gods.</w>
			<w x="723">A</w>
			<w x="861">laughter</w>
			<w x="957">never</w>
			<w x="1019">left</w>
		</line>
		<line n="22" h="49" c="1367">
			<w x="305">Shook</w>
			<w x="354">all</w>
			<w x="410">the</w>
			<w x="529">blessed</w>
			<w x="647">deities,</w>
			<w x="690">to</w>
			<w x="747">see</w>
			<w x="809">the</w>
			<w x="890">lame</w>
			<w x="933">so</w>
			<w x="1007">deft</w>
		</line>
	</div>
</body>
