<body>
    <div id="1" group="1" x="143" y="385" width="357" height="152" type="notation" attribution="HM" sealts="277_1_a05" section="frontmatter">
        <line n="1" h="76" c="423">
            <w x="416">Pittsfield</w>
        </line>
        <line n="2" h="76" c="499">
            <w x="300">Nov.</w>
            <w x="495">1858</w>
        </line>
    </div>
    <div id="2" group="1" x="662" y="206" width="796" height="258" type="autograph" type2="presentation" attribution="HM" sealts="277_1_a05" section="frontmatter">
        <line n="1" h="86" c="267">
            <w x="801">H.</w>
            <w x="1111">Melville</w>
        </line>
        <line n="2" h="85" c="347">
            <blank x="770"/>
            <w x="900">from</w>
        </line>
        <line n="3" h="85" c="408">
            <blank x="886"/>
            <w x="1076">George</w>
            <w x="1459">Duyckinck</w>
        </line>
    </div>
</body>
