<body>
	<div id="2" group="1" x="202" y="1639" width="1065" height="56" type="underline"
		type2="checkmark" attribution="HM" sealts="277_1_1.125" section="5">
		<line n="28" h="56" c="1667">
			<w x="285">And</w>
			<w x="364">what</w>
			<w x="414">he</w>
			<w x="590">
				<choice>
					<orig>threaten'd,</orig>
					<reg>threatened,</reg>
				</choice>
			</w>
			<w x="643">
				<choice>
					<orig>th'</orig>
					<reg>the</reg>
				</choice>
			</w>
			<w x="735">other</w>
			<w x="829">gave,</w>
			<w x="898">that</w>
			<w x="1052">darkness,</w>
			<w x="1119">and</w>
			<w x="1193">that</w>
			<w x="1263">hell.</w>
		</line>
	</div>
</body>
