<body>
	<div id="2" group="1" x="533" y="428" width="445" height="63" type="underline" attribution="HM"
		sealts="277_1_1.062" section="3">
		<line n="4" h="63" c="459">
			<blank x="1191"/>
			<w x="1332">
				<choice>
					<orig>bestow'd</orig>
					<reg>bestowed</reg>
				</choice>
			</w>
			<w x="1415">their</w>
			<w x="1527">thrifty</w>
			<w x="1630">breath</w>
		</line>
		<line n="5" h="53" c="514">
			<w x="577">In</w>
			<w x="720">strength</w>
			<w x="761">of</w>
			<w x="995">
				<choice>
					<orig>far-resounding</orig>
					<reg>far resounding</reg>
					<reg>far</reg>
					<reg>resounding</reg>
				</choice>
			</w>
			<w x="1094">blows,</w>
		</line>
	</div>
</body>
