<body>
	<div id="2" group="1" x="205" y="733" width="1127" height="261" type="wavyscore"
		attribution="HM" sealts="277_1_1.023" section="1">
		<line c="769" h="46" n="4">
			<w x="264">the</w>
			<w x="368">divine</w>
			<w x="491">rapture</w>
			<w x="523">is</w>
			<w x="608">most</w>
			<w x="727">exempt</w>
			<w x="809">from</w>
			<w x="944">capacity</w>
			<w x="981">in</w>
			<w x="1193">grammarians</w>
			<w x="1316">merely,</w>
		</line>
		<line c="814" h="37" n="5">
			<w x="272">and</w>
			<w x="480">grammatical</w>
			<w x="599">critics,</w>
			<w x="675">and</w>
			<w x="783">where</w>
			<w x="850">the</w>
			<w x="973">inward</w>
			<w x="1071">sense</w>
			<w x="1123">or</w>
			<w x="1201">soul</w>
			<w x="1253">of</w>
			<w x="1316">the</w>
		</line>
		<line c="868" h="44" n="6">
			<w x="311">sacred</w>
			<w x="401">muse</w>
			<w x="437">is</w>
			<w x="515">only</w>
			<w x="623">within</w>
			<w x="762">
				<choice>
					<orig>eye-shot</orig>
					<reg>eye shot</reg>
					<reg>eye</reg>
					<reg>shot</reg>
				</choice>
			</w>
			<w x="806">of</w>
			<w x="832">a</w>
			<w x="960">poetical</w>
			<w x="1073">spirit's</w>
			<w x="1238">inspection</w>
			<w x="1317">(lest</w>
		</line>
		<line c="916" h="45" n="7">
			<w x="233">I</w>
			<w x="280">be</w>
			<w x="452">prejudiced</w>
			<w x="531">with</w>
			<w x="663">opinion,</w>
			<w x="705">to</w>
			<w x="830">dissent,</w>
			<w x="876">of</w>
			<w x="1045">ignorance,</w>
			<w x="1091">or</w>
			<w x="1280">singularity)</w>
			<w x="1316">I</w>
		</line>
		<line c="964" h="38" n="8">
			<w x="262">am</w>
			<w x="380">bound,</w>
			<w x="432">by</w>
			<w x="498">this</w>
			<w x="590">brief</w>
			<w x="748">comment,</w>
			<w x="790">to</w>
			<w x="877">show</w>
			<w x="909">I</w>
			<w x="1093">understand</w>
			<w x="1171">how</w>
			<w x="1220">all</w>
			<w x="1316">other</w>
		</line>
	</div>
	<div id="3" group="2" x="202" y="1187" width="428" height="52" type="underline" attribution="HM"
		sealts="277_1_1.023" section="1">
		<line n="13" h="52" c="1213">
			<blank x="889"/>
			<w x="997">pitiful</w>
			<w x="1183">castigations</w>
			<w x="1258">with</w>
			<w x="1312">his</w>
		</line>
		<line n="14" h="47" c="1260">
			<w x="329">praises,</w>
		</line>
	</div>
</body>
