<body>
	<div id="2" group="1" x="573" y="1475" width="345" height="43" type="underline" attribution="HM"
		sealts="277_1_1.190" section="21">
		<line n="25" h="43" c="1497">
			<blank x="1140"/>
			<w x="1215">who,</w>
			<w x="1315">living</w>
			<w x="1391">thus</w>
			<w x="1481">apart,</w>
		</line>
		<div id="3" group="1" x="573" y="1529" width="342" height="45" type="checkmark"
			attribution="HM" sealts="277_1_1.190" section="21">
			<line n="26" h="42" c="1548">
				<w x="683">Proves</w>
				<w x="724">us</w>
				<w x="789">but</w>
				<w x="912">number,</w>
			</line>
		</div>
	</div>
	<div id="4" group="1" x="572" y="1527" width="986" height="42" type="checkmark" attribution="HM"
		sealts="277_1_1.190" section="21">
		<line n="26" h="42" c="1548">
			<blank x="912"/>
			<w x="971">for</w>
			<w x="1036">his</w>
			<w x="1110">want</w>
			<w x="1216">makes</w>
			<w x="1267">all</w>
			<w x="1332">our</w>
			<w x="1478">weakness</w>
			<w x="1556">seen.</w>
		</line>
	</div>
</body>
