<body>
	<div id="2" group="1" x="580" y="288" width="1098" height="298" type="score" attribution="HM"
		sealts="277_1_1.120" section="5">
		<line c="316" h="36" n="1">
			<w x="709">Then</w>
			<w x="786">with</w>
			<w x="845">the</w>
			<w x="913">feet</w>
			<w x="957">of</w>
			<w x="1045">horse</w>
			<w x="1114">and</w>
			<w x="1182">foot</w>
			<w x="1241">the</w>
			<w x="1317">dust</w>
			<w x="1359">in</w>
			<w x="1464">clouds</w>
			<w x="1524">did</w>
			<w x="1606">rise;</w>
		</line>
		<line c="369" h="41" n="2">
			<w x="656">And</w>
			<w x="707">as,</w>
			<w x="750">in</w>
			<w x="858">sacred</w>
			<w x="949">floors</w>
			<w x="993">of</w>
			<w x="1094">barns,</w>
			<w x="1181">upon</w>
			<w x="1433">
				<choice>
					<orig>corn-winnowers</orig>
					<reg>corn winnowers</reg>
					<reg>corn</reg>
					<reg>winnowers</reg>
				</choice>
			</w>
			<w x="1505">flies</w>
		</line>
		<line c="418" h="43" n="3">
			<w x="651">The</w>
			<w x="743">chaff,</w>
			<w x="851">driven</w>
			<w x="930">with</w>
			<w x="978">an</w>
			<w x="1112">opposite</w>
			<w x="1207">wind,</w>
			<w x="1299">when</w>
			<w x="1408">yellow</w>
			<w x="1506">Ceres</w>
			<w x="1598">dites,</w>
		</line>
		<line c="467" h="42" n="4">
			<w x="694">Which</w>
			<w x="744">all</w>
			<w x="803">the</w>
			<w x="908">diters'</w>
			<w x="987">feet,</w>
			<w x="1069">legs,</w>
			<w x="1166">arms,</w>
			<w x="1248">their</w>
			<w x="1344">heads</w>
			<w x="1409">and</w>
			<w x="1561">shoulders</w>
			<w x="1675">whites,</w>
		</line>
		<line c="517" h="42" n="5">
			<w x="629">So</w>
			<w x="733">
				<choice>
					<orig>look'd</orig>
					<reg>looked</reg>
				</choice>
			</w>
			<w x="791">the</w>
			<w x="937">Grecians</w>
			<w x="1020">grey</w>
			<w x="1098">with</w>
			<w x="1182">dust,</w>
			<w x="1257">that</w>
			<w x="1362">struck</w>
			<w x="1421">the</w>
			<w x="1503">solid</w>
			<w x="1629">heaven,</w>
		</line>
		<line c="567" h="42" n="6">
			<w x="689">
				<choice>
					<orig>Rais'd</orig>
					<reg>Raised</reg>
				</choice>
			</w>
			<w x="770">from</w>
			<w x="925">returning</w>
			<w x="1065">chariots,</w>
			<w x="1134">and</w>
			<w x="1237">troops</w>
			<w x="1376">together</w>
			<w x="1491">driven.</w>
		</line>
		<line c="612" h="39" n="7">
			<w x="671">Each</w>
			<w x="741">side</w>
			<w x="827">stood</w>
			<w x="867">to</w>
			<w x="949">their</w>
			<w x="1069">
				<choice>
					<orig>labours</orig>
					<reg>labors</reg>
				</choice>
			</w>
			<w x="1148">firm.</w>
			<w x="1279">Fierce</w>
			<w x="1367">Mars</w>
			<w x="1435">flew</w>
			<w x="1565">through</w>
			<w x="1624">the</w>
			<w x="1684">air,</w>
		</line>
	</div>
</body>
