<body>
	<div id="2" group="1" x="627" y="983" width="1074" height="809" type="score" attribution="HM"
		sealts="277_1_1.130" section="5">
		<line c="1020" h="57" n="15">
			<w x="745">Tydeus</w>
			<w x="902">exampled</w>
			<w x="962">not</w>
			<w x="1087">himself</w>
			<w x="1125">in</w>
			<w x="1201">thee</w>
			<w x="1257">his</w>
			<w x="1339">son;</w>
			<w x="1409">not</w>
			<w x="1509">great,</w>
		</line>
		<line c="1068" h="57" n="16">
			<w x="694">But</w>
			<w x="753">yet</w>
			<w x="800">he</w>
			<w x="867">was</w>
			<w x="898">a</w>
			<w x="1026">soldier;</w>
			<w x="1065">a</w>
			<w x="1142">man</w>
			<w x="1185">of</w>
			<w x="1224">so</w>
			<w x="1320">much</w>
			<w x="1405">heat,</w>
		</line>
		<line c="1112" h="52" n="17">
			<w x="712">That</w>
			<w x="754">in</w>
			<w x="810">his</w>
			<w x="947">embassy</w>
			<w x="1003">for</w>
			<w x="1134">Thebes,</w>
			<w x="1227">when</w>
			<w x="1256">I</w>
			<w x="1365">forbad</w>
			<w x="1419">his</w>
			<w x="1509">mind</w>
		</line>
		<line c="1159" h="57" n="18">
			<w x="681">To</w>
			<w x="728">be</w>
			<w x="786">too</w>
			<w x="944">
				<choice>
					<orig>vent'rous,</orig>
					<reg>venturous,</reg>
				</choice>
			</w>
			<w x="1014">and</w>
			<w x="1105">when</w>
			<w x="1200">feasts</w>
			<w x="1256">his</w>
			<w x="1347">heart</w>
			<w x="1449">might</w>
			<w x="1530">have</w>
			<w x="1669">
				<choice>
					<orig>declin'd,</orig>
					<reg>declined,</reg>
				</choice>
			</w>
		</line>
		<line c="1210" h="55" n="19">
			<w x="721">With</w>
			<w x="822">which</w>
			<w x="900">they</w>
			<w x="1052">
				<choice>
					<orig>welcom'd</orig>
					<reg>welcomed</reg>
				</choice>
			</w>
			<w x="1132">him,</w>
			<w x="1181">he</w>
			<w x="1274">made</w>
			<w x="1305">a</w>
			<w x="1460">challenge</w>
			<w x="1501">to</w>
			<w x="1562">the</w>
			<w x="1644">best,</w>
		</line>
		<line c="1260" h="52" n="20">
			<w x="708">And</w>
			<w x="796">
				<choice>
					<orig>foil'd</orig>
					<reg>foiled</reg>
				</choice>
			</w>
			<w x="856">the</w>
			<w x="944">best;</w>
			<w x="982">I</w>
			<w x="1064">gave</w>
			<w x="1135">him</w>
			<w x="1202">aid,</w>
			<w x="1330">because</w>
			<w x="1390">the</w>
			<w x="1461">rust</w>
			<w x="1504">of</w>
			<w x="1578">rest,</w>
		</line>
		<line c="1308" h="56" n="21">
			<w x="718">That</w>
			<w x="819">would</w>
			<w x="899">have</w>
			<w x="995">
				<choice>
					<orig>seiz'd</orig>
					<reg>seized</reg>
				</choice>
			</w>
			<w x="1121">another</w>
			<w x="1219">mind,</w>
			<w x="1268">he</w>
			<w x="1392">
				<choice>
					<orig>suffer'd</orig>
					<reg>suffered</reg>
				</choice>
			</w>
			<w x="1461">not,</w>
			<w x="1524">but</w>
			<w x="1596">
				<choice>
					<orig>us'd</orig>
					<reg>used</reg>
				</choice>
			</w>
		</line>
		<line c="1358" h="54" n="22">
			<w x="706">The</w>
			<w x="782">trial</w>
			<w x="811">I</w>
			<w x="904">made</w>
			<w x="972">like</w>
			<w x="1002">a</w>
			<w x="1089">man,</w>
			<w x="1158">and</w>
			<w x="1241">their</w>
			<w x="1308">soft</w>
			<w x="1403">feasts</w>
			<w x="1526">
				<choice>
					<orig>refus'd.</orig>
					<reg>refused.</reg>
				</choice>
			</w>
		</line>
		<line c="1408" h="62" n="23">
			<w x="714">Yet,</w>
			<w x="807">when</w>
			<w x="836">I</w>
			<w x="891">set</w>
			<w x="966">thee</w>
			<w x="1025">on,</w>
			<w x="1105">thou</w>
			<w x="1240">
				<choice>
					<orig>faint'st;</orig>
					<reg>faint;</reg>
				</choice>
			</w>
			<w x="1278">I</w>
			<w x="1379">guard</w>
			<w x="1464">thee,</w>
			<w x="1588">charge,</w>
			<w x="1697">exhort</w>
		</line>
		<line c="1459" h="58" n="24">
			<w x="731">That,</w>
			<w x="761">I</w>
			<w x="899">abetting</w>
			<w x="985">thee,</w>
			<w x="1065">thou</w>
			<w x="1200">
				<choice>
					<orig>shouldst</orig>
					<reg>should</reg>
				</choice>
			</w>
			<w x="1246">be</w>
		</line>
		<div id="3" group="1" x="645" y="1424" width="321" height="47" type="underline"
			attribution="HM" sealts="277_1_1.130" section="5">
			<line n="1" h="47" c="1447">
				<blank x="1254"/>
				<w x="1294">to</w>
				<w x="1355">the</w>
				<w x="1473">Greeks</w>
				<w x="1501">a</w>
				<w x="1572">fort,</w>
			</line>
			<line c="1509" h="52" n="25">
				<w x="722">And</w>
				<w x="750">a</w>
				<w x="869">dismay</w>
				<w x="914">to</w>
				<w x="996">Ilion,</w>
			</line>
		</div>
		<line c="1509" h="52" n="25">
			<w x="1062">yet</w>
			<w x="1141">thou</w>
			<w x="1259">
				<choice>
					<orig>obey'st</orig>
					<reg>obey</reg>
				</choice>
			</w>
			<w x="1299">in</w>
			<w x="1427">
				<choice>
					<orig>nought,</orig>
					<reg>naught,</reg>
				</choice>
			</w>
		</line>
		<line c="1555" h="60" n="26">
			<w x="760">Afraid,</w>
			<w x="804">or</w>
			<w x="936">slothful,</w>
			<w x="980">or</w>
			<w x="1047">else</w>
			<w x="1143">both;</w>
			<w x="1324">henceforth</w>
			<w x="1471">renounce</w>
			<w x="1520">all</w>
			<w x="1649">thought</w>
		</line>
		<line c="1602" h="55" n="27">
			<w x="728">That</w>
			<w x="803">ever</w>
			<w x="882">thou</w>
			<w x="961">wert</w>
			<w x="1093">Tydeus'</w>
			<w x="1185">son."</w>
			<w x="1274">He</w>
			<w x="1421">
				<choice>
					<orig>answer'd</orig>
					<reg>answered</reg>
				</choice>
			</w>
			<w x="1498">her:</w>
			<w x="1569">"I</w>
			<w x="1662">know</w>
		</line>
		<line c="1654" h="52" n="28">
			<w x="737">Thou</w>
			<w x="792">art</w>
			<w x="897">Jove's</w>
			<w x="1056">daughter,</w>
			<w x="1133">and,</w>
			<w x="1189">for</w>
			<w x="1270">that,</w>
			<w x="1313">in</w>
			<w x="1363">all</w>
			<w x="1431">just</w>
			<w x="1511">duty</w>
			<w x="1579">owe</w>
		</line>
		<line c="1707" h="60" n="29">
			<w x="720">Thy</w>
			<w x="861">speeches</w>
			<w x="1025">reverence,</w>
			<w x="1086">yet</w>
			<w x="1186">affirm</w>
			<w x="1379">ingenuously</w>
			<w x="1451">that</w>
			<w x="1521">fear</w>
		</line>
	</div>
</body>
