<body>
	<div id="2" group="1" x="582" y="526" width="1015" height="412" type="score" attribution="HM"
		sealts="277_1_1.214" section="10">
		<line c="558" h="44" n="6">
			<w x="660">And</w>
			<w x="739">both</w>
			<w x="816">took</w>
			<w x="922">course</w>
			<w x="964">to</w>
			<w x="1105">Diomed.</w>
			<w x="1226">They</w>
			<w x="1323">found</w>
			<w x="1393">him</w>
			<w x="1461">laid</w>
			<w x="1503">in</w>
			<w x="1588">field,</w>
		</line>
		<line c="609" h="44" n="7">
			<w x="651">Far</w>
			<w x="732">from</w>
			<w x="788">his</w>
			<w x="878">tent;</w>
			<w x="943">his</w>
			<w x="1065">
				<choice>
					<orig>armour</orig>
					<reg>armor</reg>
				</choice>
			</w>
			<w x="1133">by;</w>
			<w x="1237">about</w>
			<w x="1307">him</w>
			<w x="1374">was</w>
			<w x="1515">dispread</w>
		</line>
		<line c="661" h="49" n="8">
			<w x="623">A</w>
			<w x="699">ring</w>
			<w x="743">of</w>
			<w x="872">soldiers,</w>
			<w x="967">every</w>
			<w x="1044">man</w>
			<w x="1100">his</w>
			<w x="1199">shield</w>
			<w x="1330">beneath</w>
			<w x="1385">his</w>
			<w x="1485">head;</w>
		</line>
		<line c="710" h="50" n="9">
			<w x="651">His</w>
			<w x="743">spear</w>
			<w x="820">
				<choice>
					<orig>fix'd</orig>
					<reg>fixed</reg>
				</choice>
			</w>
			<w x="870">by</w>
			<w x="940">him</w>
			<w x="983">as</w>
			<w x="1031">he</w>
			<w x="1122">slept,</w>
			<w x="1184">the</w>
			<w x="1272">great</w>
			<w x="1339">end</w>
			<w x="1380">in</w>
			<w x="1439">the</w>
			<w x="1569">ground,</w>
		</line>
		<line c="760" h="50" n="10">
			<w x="657">The</w>
			<w x="754">point,</w>
			<w x="828">that</w>
			<w x="952">bristled</w>
			<w x="1013">the</w>
			<w x="1095">dark</w>
			<w x="1195">earth,</w>
			<w x="1267">cast</w>
			<w x="1297">a</w>
			<w x="1447">reflection</w>
			<w x="1547">round</w>
		</line>
		<line c="809" h="49" n="11">
			<w x="668">Like</w>
			<w x="765">pallid</w>
			<w x="929">lightnings</w>
			<w x="1047">thrown</w>
			<w x="1130">from</w>
			<w x="1232">Jove;</w>
			<w x="1316">thus</w>
			<w x="1384">this</w>
			<w x="1478">
				<choice>
					<orig>heroe</orig>
					<reg>hero</reg>
				</choice>
			</w>
			<w x="1546">lay,</w>
		</line>
		<line c="858" h="44" n="12">
			<w x="663">And</w>
			<w x="762">under</w>
			<w x="832">him</w>
			<w x="862">a</w>
			<w x="922">big</w>
			<w x="1066">
				<choice>
					<orig>ox-hide;</orig>
					<reg>ox hide;</reg>
					<reg>oxhide;</reg>
					<reg>ox</reg>
					<reg>hide;</reg>
				</choice>
			</w>
			<w x="1130">his</w>
			<w x="1219">royal</w>
			<w x="1303">head</w>
			<w x="1371">had</w>
			<w x="1444">stay</w>
		</line>
		<line c="908" h="46" n="13">
			<w x="645">On</w>
			<w x="732">arras</w>
			<w x="892">hangings,</w>
			<w x="991">rolled</w>
			<w x="1059">up;</w>
			<w x="1208">whereon</w>
			<w x="1256">he</w>
			<w x="1340">slept</w>
			<w x="1382">so</w>
			<w x="1458">fast,</w>
		</line>
	</div>
	<div id="3" group="2" x="603" y="1365" width="950" height="58" type="checkmark" attribution="HM"
		sealts="277_1_1.214" section="10">
		<line n="23" h="58" c="1394">
			<w x="677">But,</w>
			<w x="743">you</w>
			<w x="831">must</w>
			<w x="899">see,</w>
			<w x="1062">imperious</w>
			<w x="1153">Need</w>
			<w x="1230">hath</w>
			<w x="1281">all</w>
			<w x="1325">at</w>
			<w x="1390">her</w>
			<w x="1549">command.</w>
		</line>
	</div>
</body>
