<body>
	<div id="2" group="1" x="210" y="1070" width="1083" height="489" type="wavyscore"
		attribution="HM" sealts="277_2_2.151" section="18">
		<line c="1094" h="39" n="17">
			<w x="294">To</w>
			<w x="383">these</w>
			<w x="442">the</w>
			<w x="523">fiery</w>
			<w x="650">Artizan</w>
			<w x="710">did</w>
			<w x="777">add</w>
			<w x="807">a</w>
			<w x="972">
				<choice>
					<orig>new-ear'd</orig>
					<reg>new ear'd</reg>
					<reg>new eared</reg>
					<reg>new-eared</reg>
					<reg>new</reg>
					<reg>ear'd</reg>
					<reg>eared</reg>
				</choice>
			</w>
			<w x="1058">field,</w>
		</line>
		<line c="1145" h="42" n="18">
			<w x="306">Large</w>
			<w x="373">and</w>
			<w x="472">thrice</w>
			<w x="625">
				<choice>
					<orig>plough'd,</orig>
					<reg>ploughed,</reg>
				</choice>
			</w>
			<w x="685">the</w>
			<w x="749">soil</w>
			<w x="844">being</w>
			<w x="920">soft,</w>
			<w x="989">and</w>
			<w x="1033">of</w>
			<w x="1060">a</w>
			<w x="1190">wealthy</w>
			<w x="1296">yield;</w>
		</line>
		<line c="1193" h="39" n="19">
			<w x="279">And</w>
			<w x="375">many</w>
			<w x="451">men</w>
			<w x="493">at</w>
			<w x="607">plough</w>
			<w x="655">he</w>
			<w x="757">made,</w>
			<w x="831">that</w>
			<w x="926">drave</w>
			<w x="1017">earth</w>
			<w x="1095">here</w>
			<w x="1164">and</w>
			<w x="1262">there,</w>
		</line>
		<line c="1243" h="41" n="20">
			<w x="279">And</w>
			<w x="384">
				<choice>
					<orig>turn'd</orig>
					<reg>turned</reg>
				</choice>
			</w>
			<w x="432">up</w>
			<w x="556">stitches</w>
			<w x="685">orderly,</w>
			<w x="728">at</w>
			<w x="831">whose</w>
			<w x="899">end</w>
			<w x="989">when</w>
			<w x="1069">they</w>
			<w x="1160">were,</w>
		</line>
		<line c="1292" h="40" n="21">
			<w x="243">A</w>
			<w x="342">fellow</w>
			<w x="417">ever</w>
			<w x="499">gave</w>
			<w x="583">their</w>
			<w x="682">hands</w>
			<w x="745">full</w>
			<w x="826">cups</w>
			<w x="870">of</w>
			<w x="996">luscious</w>
			<w x="1095">wine;</w>
		</line>
		<line c="1342" h="40" n="22">
			<w x="317">Which</w>
			<w x="457">emptied,</w>
			<w x="513">for</w>
			<w x="640">another</w>
			<w x="744">stitch,</w>
			<w x="805">the</w>
			<w x="897">earth</w>
			<w x="975">they</w>
			<w x="1158">undermine,</w>
		</line>
		<line c="1391" h="41" n="23">
			<w x="281">And</w>
			<w x="360">long</w>
			<w x="409">till</w>
			<w x="458">
				<choice>
					<orig>th'</orig>
					<reg>the</reg>
				</choice>
			</w>
			<w x="573">utmost</w>
			<w x="677">bound</w>
			<w x="725">be</w>
			<w x="848">
				<choice>
					<orig>reach'd</orig>
					<reg>reached</reg>
				</choice>
			</w>
			<w x="892">of</w>
			<w x="938">all</w>
			<w x="998">the</w>
			<w x="1101">ample</w>
			<w x="1194">close.</w>
		</line>
		<line c="1440" h="39" n="24">
			<w x="275">The</w>
			<w x="338">soil</w>
			<w x="443">
				<choice>
					<orig>turn'd</orig>
					<reg>turned</reg>
				</choice>
			</w>
			<w x="492">up</w>
			<w x="607">behind</w>
			<w x="667">the</w>
			<w x="785">plough</w>
			<w x="834">all</w>
			<w x="927">black</w>
			<w x="995">like</w>
			<w x="1086">earth</w>
			<w x="1184">arose,</w>
		</line>
		<line c="1491" h="42" n="25">
			<w x="335">Though</w>
			<w x="438">
				<choice>
					<orig>forg'd</orig>
					<reg>forged</reg>
				</choice>
			</w>
			<w x="482">of</w>
			<w x="607">nothing</w>
			<w x="675">else</w>
			<w x="737">but</w>
			<w x="825">gold,</w>
			<w x="894">and</w>
			<w x="952">lay</w>
			<w x="994">in</w>
			<w x="1081">show</w>
			<w x="1124">as</w>
			<w x="1208">light</w>
		</line>
		<line c="1535" h="49" n="26">
			<w x="256">As</w>
			<w x="294">if</w>
			<w x="325">it</w>
			<w x="393">had</w>
			<w x="474">been</w>
			<w x="617">
				<choice>
					<orig>plough'd</orig>
					<reg>ploughed</reg>
				</choice>
			</w>
			<w x="737">indeed,</w>
			<w x="914">miraculous</w>
			<w x="955">to</w>
			<w x="1052">sight.</w>
		</line>
	</div>
</body>
