<body>
	<div id="2" group="1" x="570" y="278" width="1090" height="341" type="score" attribution="HM"
		sealts="277_1_1.152" section="6">
		<line c="308" h="48" n="1">
			<w x="661">Thus</w>
			<w x="739">they</w>
			<w x="805">will</w>
			<w x="928">nourish</w>
			<w x="992">thy</w>
			<w x="1154">extremes:</w>
			<w x="1268">'This</w>
			<w x="1360">dame</w>
			<w x="1428">was</w>
			<w x="1570">Hector's</w>
			<w x="1654">wife,</w>
		</line>
		<line c="357" h="43" n="2">
			<w x="612">A</w>
			<w x="689">man</w>
			<w x="770">that,</w>
			<w x="813">at</w>
			<w x="872">the</w>
			<w x="953">wars</w>
			<w x="998">of</w>
			<w x="1092">Troy,</w>
			<w x="1154">did</w>
			<w x="1277">breathe</w>
			<w x="1337">the</w>
			<w x="1486">worthiest</w>
			<w x="1546">life</w>
		</line>
		<line c="408" h="44" n="3">
			<w x="626">Of</w>
			<w x="672">all</w>
			<w x="754">their</w>
			<w x="863">army.'</w>
			<w x="972">This</w>
			<w x="1070">again</w>
			<w x="1136">will</w>
			<w x="1198">rub</w>
			<w x="1261">thy</w>
			<w x="1378">fruitful</w>
			<w x="1511">wounds,</w>
		</line>
		<line c="453" h="50" n="4">
			<w x="627">To</w>
			<w x="705">miss</w>
			<w x="764">the</w>
			<w x="842">man</w>
			<w x="915">that</w>
			<w x="955">to</w>
			<w x="1018">thy</w>
			<w x="1117">bands</w>
			<w x="1210">could</w>
			<w x="1285">give</w>
			<w x="1365">such</w>
			<w x="1483">narrow</w>
			<w x="1609">bounds.</w>
		</line>
		<div id="3" group="1" x="580" y="474" width="1007" height="56" type="underline"
			attribution="HM" sealts="277_1_1.152" section="6">
			<line n="5" h="56" c="502">
				<w x="647">But</w>
				<w x="719">that</w>
				<w x="784">day</w>
				<w x="867">shall</w>
				<w x="927">not</w>
				<w x="1039">wound</w>
				<w x="1126">mine</w>
				<w x="1226">eyes;</w>
				<w x="1286">the</w>
				<w x="1368">solid</w>
				<w x="1449">heap</w>
				<w x="1495">of</w>
				<w x="1579">night</w>
			</line>
		</div>
		<line c="550" h="57" n="6">
			<w x="662">Shall</w>
			<w x="820">interpose,</w>
			<w x="889">and</w>
			<w x="962">stop</w>
			<w x="1049">mine</w>
			<w x="1122">ears</w>
			<w x="1245">against</w>
			<w x="1308">thy</w>
			<w x="1428">plaints,</w>
			<w x="1510">and</w>
			<w x="1629">plight."</w>
		</line>
		<line c="604" h="42" n="7">
			<w x="691">This</w>
			<w x="772">said,</w>
			<w x="821">he</w>
			<w x="945">
				<choice>
					<orig>reach'd</orig>
					<reg>reached</reg>
				</choice>
			</w>
			<w x="985">to</w>
			<w x="1062">take</w>
			<w x="1119">his</w>
			<w x="1190">son,</w>
			<w x="1274">who,</w>
			<w x="1320">of</w>
			<w x="1372">his</w>
			<w x="1458">arms</w>
			<w x="1567">afraid,</w>
		</line>
	</div>
	<div id="4" group="2" x="860" y="920" width="237" height="54" type="underline" attribution="HM"
		sealts="277_1_1.152" section="6">
		<line n="14" h="54" c="947">
			<w x="953">bench</w>
			<w x="1000">of</w>
			<w x="1092">Gods:</w>
		</line>
	</div>
	<div id="5" group="3" x="584" y="1663" width="1031" height="148" type="score" attribution="HM"
		sealts="277_1_1.152" section="6">
		<line c="1692" h="44" n="29">
			<w x="671">With</w>
			<w x="761">these</w>
			<w x="836">vain</w>
			<w x="942">griefs.</w>
			<w x="1032">He</w>
			<w x="1113">doth</w>
			<w x="1173">not</w>
			<w x="1238">live</w>
			<w x="1311">that</w>
			<w x="1375">can</w>
			<w x="1485">disjoin</w>
			<w x="1546">my</w>
			<w x="1604">life</w>
		</line>
		<line c="1740" h="43" n="30">
			<w x="659">And</w>
			<w x="726">this</w>
			<w x="800">firm</w>
			<w x="916">bosom,</w>
			<w x="979">but</w>
			<w x="1038">my</w>
			<w x="1123">fate;</w>
			<w x="1200">and</w>
			<w x="1276">fate,</w>
			<w x="1379">whose</w>
			<w x="1478">wings</w>
			<w x="1543">can</w>
			<w x="1614">fly?</w>
		</line>
		<line c="1792" h="46" n="31">
			<w x="690">Noble,</w>
			<w x="822">ignoble,</w>
			<w x="891">fate</w>
			<w x="1030">controls.</w>
			<div id="6" group="3" x="1066" y="1760" width="459" height="50" type="underline"
				attribution="HM" sealts="277_1_1.152" section="6">
				<w x="1154">Once</w>
				<w x="1244">born,</w>
				<w x="1309">the</w>
				<w x="1377">best</w>
				<w x="1463">must</w>
				<w x="1519">die.</w>
			</div>
		</line>
	</div>
</body>
