<body>

	<div id="2" group="1" x="206" y="818" width="1056" height="60" type="checkmark" attribution="HM"
		sealts="277_2_2.209" section="22">
		<line n="12" h="60" c="848">
			<w x="310">Troy's</w>
			<w x="460">husbands</w>
			<w x="528">and</w>
			<w x="609">their</w>
			<w x="714">wives,</w>
			<w x="774">nor</w>
			<div id="3" group="1" x="204" y="828" width="480" height="53" type="underline"
				attribution="HM" sealts="277_2_2.209" section="22">
				<div id="4" group="1" x="204" y="828" width="480" height="53" type="checkmark"
					attribution="HM" sealts="277_2_2.209" section="22">
					<line n="12" h="53" c="854">
						<blank x="782"/>
						<w x="852">give</w>
						<w x="940">thine</w>
						<w x="1011">own</w>
						<w x="1072">life</w>
						<w x="1113">to</w>
						<w x="1173">the</w>
						<w x="1259">grave</w>
					</line>
				</div>
				<line n="13" h="49" c="892">
					<w x="266">For</w>
					<w x="333">this</w>
					<w x="432">man's</w>
					<w x="525">glory.</w>
				</line>
			</div>
		</line>
	</div>
	<div id="5" group="2" x="194" y="1466" width="1086" height="199" type="enclosure"
		attribution="HM" sealts="277_2_2.209" section="22">
		<line c="1487" h="43" n="25">
			<w x="241">Of</w>
			<w x="326">war's</w>
			<w x="410">most</w>
			<w x="534">cruelty,</w>
			<w x="584">no</w>
			<w x="693">wound</w>
			<w x="738">of</w>
			<w x="911">whatsoever</w>
			<w x="987">ruth</w>
		</line>
		<line c="1541" h="51" n="26">
			<w x="254">But</w>
			<w x="289">is</w>
			<w x="345">his</w>
			<w x="517">ornament;</w>
			<w x="586">but</w>
			<w x="624">I,</w>
			<w x="655">a</w>
			<w x="731">man</w>
			<w x="774">so</w>
			<w x="829">far</w>
			<w x="911">from</w>
			<w x="1017">youth,</w>
		</line>
		<line c="1593" h="57" n="27">
			<w x="291">White</w>
			<w x="378">head,</w>
			<w x="605">white-bearded,</w>
			<w x="747">wrinkled,</w>
			<w x="840">pin'd,</w>
			<w x="885">all</w>
			<w x="999">shames</w>
			<w x="1078">must</w>
			<w x="1159">show</w>
			<w x="1211">the</w>
			<w x="1278">eye.</w>
		</line>
		<line c="1641" h="54" n="28">
			<w x="273">Live,</w>
			<w x="399">prevent</w>
			<w x="464">this</w>
			<w x="552">then,</w>
			<w x="620">this</w>
			<w x="703">most</w>
			<w x="808">shame</w>
			<w x="853">of</w>
			<w x="899">all</w>
			<w x="998">man's</w>
			<w x="1140">misery."</w>
		</line>
	</div>
</body>
