<body>
	<div id="2" group="1" x="579" y="925" width="1073" height="208" type="score" attribution="HM"
		sealts="277_1_1.138" section="6">
		<line c="957" h="43" n="14">
			<w x="704">Then</w>
			<w x="887">
				<choice>
					<orig>fair-helm'd</orig>
					<reg>fair helm'd</reg>
					<reg>fair helmed</reg>
					<reg>fair-helmed</reg>
					<reg>fair</reg>
					<reg>helm'd</reg>
					<reg>helmed</reg>
				</choice>
			</w>
			<w x="1006">Hector</w>
			<w x="1111">
				<choice>
					<orig>turn'd</orig>
					<reg>turned</reg>
				</choice>
			</w>
			<w x="1151">to</w>
			<w x="1249">Troy,</w>
			<w x="1326">and,</w>
			<w x="1371">as</w>
			<w x="1419">he</w>
			<w x="1508">
				<choice>
					<orig>trode</orig>
					<reg>trod</reg>
				</choice>
			</w>
			<w x="1568">the</w>
			<w x="1654">field,</w>
		</line>
		<line c="1013" h="54" n="15">
			<w x="646">The</w>
			<w x="738">black</w>
			<w x="830">bull's</w>
			<w x="916">hide,</w>
			<w x="988">that</w>
			<w x="1030">at</w>
			<w x="1085">his</w>
			<w x="1169">back</w>
			<w x="1216">he</w>
			<w x="1299">wore</w>
			<w x="1395">about</w>
			<w x="1449">his</w>
			<w x="1559">shield,</w>
		</line>
		<line c="1060" h="50" n="16">
			<w x="622">In</w>
			<w x="681">the</w>
			<w x="814">extreme</w>
			<w x="1046">circumference,</w>
			<w x="1115">was</w>
			<w x="1193">with</w>
			<w x="1248">his</w>
			<w x="1321">gait</w>
			<w x="1363">so</w>
			<w x="1479">
				<choice>
					<orig>rock'd,</orig>
					<reg>rocked,</reg>
				</choice>
			</w>
		</line>
		<line c="1109" h="50" n="17">
			<w x="669">That,</w>
			<w x="767">being</w>
			<w x="865">large,</w>
			<w x="901">it</w>
			<w x="979">both</w>
			<w x="1021">at</w>
			<w x="1100">once</w>
			<w x="1156">his</w>
			<w x="1240">neck</w>
			<w x="1307">and</w>
			<w x="1415">ankles</w>
			<w x="1556">
				<choice>
					<orig>knock'd.</orig>
					<reg>knocked.</reg>
				</choice>
			</w>
		</line>
	</div>
</body>
