<body>
	<div id="2" group="1" x="595" y="1521" width="1087" height="411" type="score" attribution="HM"
		sealts="277_1_1.186" section="22">
		<line c="1549" h="39" n="14">
			<w x="690">Grief,</w>
			<w x="751">not</w>
			<w x="791">to</w>
			<w x="838">be</w>
			<w x="973">endur'd,</w>
			<w x="1034">did</w>
			<w x="1143">wound</w>
			<w x="1191">all</w>
			<w x="1310">Greeks</w>
			<w x="1354">of</w>
			<w x="1483">greatest</w>
			<w x="1586">worth.</w>
		</line>
		<line c="1597" h="36" n="15">
			<w x="670">And</w>
			<w x="712">as</w>
			<w x="776">two</w>
			<w x="968">
				<choice>
					<orig>lateral-sited</orig>
					<reg>lateral sited</reg>
					<reg>lateral</reg>
					<reg>sited</reg>
				</choice>
			</w>
			<w x="1074">winds,</w>
			<w x="1134">the</w>
			<w x="1212">west</w>
			<w x="1295">wind</w>
			<w x="1362">and</w>
			<w x="1421">the</w>
			<w x="1522">north,</w>
		</line>
		<line c="1648" h="39" n="16">
			<w x="682">Meet</w>
			<w x="722">at</w>
			<w x="781">the</w>
			<w x="928">Thracian</w>
			<w x="1009">sea's</w>
			<w x="1101">black</w>
			<w x="1212">breast,</w>
			<w x="1282">join</w>
			<w x="1324">in</w>
			<w x="1355">a,</w>
			<w x="1470">sudden</w>
			<w x="1565">blore,</w>
		</line>
		<line c="1700" h="42" n="17">
			<w x="720">Tumble</w>
			<w x="857">together</w>
			<w x="916">the</w>
			<w x="997">dark</w>
			<w x="1105">waves,</w>
			<w x="1173">and</w>
			<w x="1253">pour</w>
			<w x="1338">upon</w>
			<w x="1397">the</w>
			<w x="1488">shore</w>
		</line>
		<line c="1749" h="43" n="18">
			<w x="635">A</w>
			<w x="753">mighty</w>
			<w x="826">deal</w>
			<w x="869">of</w>
			<w x="949">froth</w>
			<w x="1017">and</w>
			<w x="1112">weed,</w>
			<w x="1190">with</w>
			<w x="1289">which</w>
			<w x="1364">men</w>
			<w x="1488">manure</w>
			<w x="1624">ground;</w>
		</line>
		<line c="1797" h="41" n="19">
			<w x="644">So</w>
			<w x="727">Jove</w>
			<w x="795">and</w>
			<w x="881">Troy</w>
			<w x="940">did</w>
			<w x="1026">drive</w>
			<w x="1085">the</w>
			<w x="1214">Greeks,</w>
			<w x="1283">and</w>
			<w x="1331">all</w>
			<w x="1414">their</w>
			<w x="1514">minds</w>
			<w x="1670">confound.</w>
		</line>
		<line c="1879" h="34" n="20">
			<w x="732">With</w>
			<w x="811">which</w>
			<w x="868">men</w>
			<w x="968">manure</w>
			<w x="1074">ground.--</w>
			<w x="1163">This</w>
			<w x="1241">piece</w>
			<w x="1278">of</w>
			<w x="1444">agricultural</w>
			<w x="1614">information</w>
			<w x="1644">is</w>
			<w x="1687">an</w>
		</line>
		<line c="1913" h="31" n="21">
			<w x="718">addition</w>
			<w x="756">of</w>
			<w x="918">Chapman's.</w>
		</line>
	</div>
</body>
