<body>
    <div id="2" group="2" x="488" y="297" width="1557" height="264" type="annotation"
        attribution="HM" sealts="277_1_1.192" section="9">
        <line n="1" h="65" c="350">
            <w x="729">"'Amused</w>
            <w x="808">at</w>
            <w x="920">ease</w>
            <w x="1032">the</w>
            <w x="1250">god-like</w>
            <w x="1379">man</w>
            <w x="1506">they</w>
            <w x="1706">found,</w>
        </line>
        <line n="2" h="65" c="399">
            <w x="727">Pleased</w>
            <w x="832">with</w>
            <w x="916">the</w>
            <w x="1112">solemn</w>
            <w x="1258">harp's</w>
            <w x="1537">harmonious</w>
            <w x="1723">sound;</w>
        </line>
        <line n="3" h="66" c="462">
            <w x="648">With</w>
            <w x="754">this</w>
            <w x="815">he</w>
            <w x="979">soothes</w>
            <w x="1059">his</w>
            <w x="1226">angry</w>
            <w x="1337">soul,</w>
            <w x="1463">and</w>
            <w x="1612">sings</w>
        </line>
        <line n="4" h="66" c="515">
            <w x="646">The</w>
            <w x="885">immortal</w>
            <w x="1041">deeds</w>
            <w x="1125">of</w>
            <w x="1264">heroes</w>
            <w x="1406">and</w>
            <w x="1480">of</w>
            <w x="1668">kings.'</w>
            <blank x="1707"/>
            <w x="1840">Pope's</w>
            <w x="2038">version."</w>
        </line>
    </div>
</body>
