<body>
	<div id="2" group="1" x="227" y="970" width="917" height="97" type="wavyscore" attribution="HM"
		sealts="277_1_1.205" section="9">
		<line n="14" h="48" c="994">
			<w x="393">Becoming</w>
			<w x="527">gracious</w>
			<w x="570">to</w>
			<w x="629">my</w>
			<w x="690">foe.</w>
			<w x="792">Nor</w>
			<w x="855">fits</w>
			<w x="885">it</w>
			<w x="945">the</w>
			<w x="1074">respects</w>
		</line>
		<line n="15" h="48" c="1042">
			<w x="276">Of</w>
			<w x="341">thy</w>
			<w x="437">
				<choice>
					<orig>vow'd</orig>
					<reg>vowed</reg>
				</choice>
			</w>
			<w x="511">love</w>
			<w x="548">to</w>
			<w x="673">
				<choice>
					<orig>honour</orig>
					<reg>honor</reg>
				</choice>
			</w>
			<w x="741">him</w>
			<w x="812">that</w>
			<w x="891">hath</w>
			<w x="1080">
				<choice>
					<orig>dishonour'd</orig>
					<reg>dishonoured</reg>
					<reg>dishonored</reg>
				</choice>
			</w>
			<w x="1142">me,</w>
		</line>
	</div>
</body>
