<body>
	<div id="2" group="1" x="607" y="283" width="1091" height="483" type="score" attribution="HM"
		sealts="277_2_2.216" section="22">
		<line c="304" h="38" n="1">
			<w x="811">"Deiphobus,</w>
			<w x="938">another</w>
			<w x="1056">lance."</w>
			<w x="1191">Lance</w>
			<w x="1254">nor</w>
			<w x="1427">Deiphobus</w>
		</line>
		<line c="353" h="38" n="2">
			<w x="695">Stood</w>
			<w x="773">near</w>
			<w x="827">his</w>
			<w x="900">call.</w>
			<w x="1007">And</w>
			<w x="1086">then</w>
			<w x="1141">his</w>
			<w x="1231">mind</w>
			<w x="1298">saw</w>
			<w x="1348">all</w>
			<w x="1454">things</w>
			<w x="1599">ominous,</w>
		</line>
		<line c="403" h="38" n="3">
			<w x="676">And</w>
			<w x="752">thus</w>
			<w x="926">suggested:</w>
			<w x="1052">"Woe</w>
			<w x="1088">is</w>
			<w x="1155">me,</w>
			<w x="1215">the</w>
			<w x="1305">Gods</w>
			<w x="1387">have</w>
			<w x="1495">called,</w>
			<w x="1564">and</w>
			<w x="1593">I</w>
		</line>
		<line c="452" h="38" n="4">
			<w x="688">Must</w>
			<w x="772">meet</w>
			<w x="866">death</w>
			<w x="959">here!</w>
			<w x="1138">Deiphobus</w>
			<w x="1168">I</w>
			<w x="1241">well</w>
			<w x="1337">
				<choice>
					<orig>hop'd</orig>
					<reg>hoped</reg>
				</choice>
			</w>
			<w x="1404">had</w>
			<w x="1486">been</w>
			<w x="1535">by</w>
		</line>
		<line c="500" h="39" n="5">
			<w x="690">With</w>
			<w x="745">his</w>
			<w x="838">white</w>
			<w x="954">shield;</w>
			<w x="1023">but</w>
			<w x="1084">our</w>
			<w x="1192">strong</w>
			<w x="1279">walls</w>
			<w x="1380">shield</w>
			<w x="1464">him,</w>
			<w x="1533">and</w>
			<w x="1599">this</w>
			<w x="1704">deceit</w>
		</line>
		<line c="550" h="38" n="6">
			<w x="700">Flows</w>
			<w x="783">from</w>
			<w x="930">Minerva.</w>
			<w x="1000">N</w>
			<w x="1049">ow,</w>
			<w x="1090">O</w>
			<w x="1173">now,</w>
			<w x="1217">ill</w>
			<w x="1312">death</w>
			<w x="1423">comes,</w>
			<w x="1473">no</w>
			<w x="1561">more</w>
			<w x="1663">flight,</w>
		</line>
		<line c="600" h="38" n="7">
			<w x="658">No</w>
			<w x="746">more</w>
			<w x="894">recovery.</w>
			<w x="961">O</w>
			<w x="1054">Jove,</w>
			<w x="1122">this</w>
			<w x="1203">hath</w>
			<w x="1285">been</w>
			<w x="1449">otherwise,</w>
		</line>
		<line c="649" h="38" n="8">
			<w x="674">Thy</w>
			<w x="780">bright</w>
			<w x="842">son</w>
			<w x="910">and</w>
			<w x="1025">thyself</w>
			<w x="1102">have</w>
			<w x="1157">set</w>
			<w x="1216">the</w>
			<w x="1336">Greeks</w>
			<w x="1367">a</w>
			<w x="1488">greater</w>
			<w x="1573">prize</w>
		</line>
		<line c="698" h="39" n="9">
			<w x="653">Of</w>
			<w x="791">Hector's</w>
			<w x="883">blood</w>
			<w x="962">than</w>
			<w x="1043">now,</w>
			<w x="1088">of</w>
			<w x="1194">which,</w>
			<w x="1276">even</w>
			<w x="1401">jealous,</w>
			<w x="1469">you</w>
			<w x="1536">had</w>
			<w x="1627">care;</w>
		</line>
		<line c="748" h="38" n="10">
			<w x="669">But</w>
			<w x="750">Fate</w>
			<w x="822">now</w>
			<w x="984">conquers;</w>
			<w x="1022">I</w>
			<w x="1080">am</w>
			<w x="1172">hers;</w>
			<w x="1248">and</w>
			<w x="1307">yet</w>
			<w x="1368">not</w>
			<w x="1429">she</w>
			<w x="1510">shall</w>
			<w x="1603">share</w>
		</line>
	</div>
</body>
