<body>
	<div id="2" group="1" x="190" y="1565" width="988" height="53" type="checkmark" attribution="HM"
		sealts="277_2_2.251" section="24">
		<line n="27" h="53" c="1592">
			<w x="281">Thus</w>
			<w x="322">to</w>
			<w x="376">
				<choice>
					<orig>th'</orig>
					<reg>the</reg>
				</choice>
			</w>
			<w x="560">Immortals:</w>
			<w x="765">"Shameless</w>
			<w x="864">Gods,</w>
			<w x="986">authors</w>
			<w x="1032">of</w>
			<w x="1068">ill</w>
			<w x="1117">ye</w>
			<w x="1175">are</w>
		</line>
	</div>
</body>
