<body>
	<div id="2" group="1" x="208" y="467" width="956" height="57" type="underline" attribution="HM"
		sealts="277_2_2.055" section="15">
		<line n="5" h="57" c="496">
			<w x="275">For</w>
			<w x="376">which</w>
			<w x="469">great</w>
			<w x="623">eminence</w>
			<w x="673">all</w>
			<w x="740">you</w>
			<w x="838">Gods,</w>
			<w x="987">whatever</w>
			<w x="1030">ill</w>
			<w x="1074">he</w>
			<w x="1158">does,</w>
		</line>
		<line n="6" h="48" c="544">
			<w x="329">Sustain</w>
			<w x="409">with</w>
			<w x="553">patience.</w>
		</line>
	</div>
</body>
