<body>
	<div id="2" group="1" x="222" y="343" width="401" height="44" type="underline" attribution="HM"
		sealts="277_2_2.035" section="14">
		<line n="2" h="44" c="365">
			<blank x="797"/>
			<w x="857">sad</w>
			<w x="927">and</w>
			<w x="1085">suspicious</w>
			<w x="1189">hearts</w>
		</line>
		<line n="3" h="50" c="411">
			<w x="426">
				<choice>
					<orig>Distemp'ring</orig>
					<reg>Distempering</reg>
				</choice>
			</w>
			<w x="523">them,</w>
		</line>
	</div>
</body>
