<body>
	<div id="2" group="1" x="230" y="300" width="984" height="305" type="score" attribution="HM"
		sealts="277_1_1.193" section="9">
		<line c="336" h="48" n="1">
			<w x="367">Aetion's</w>
			<w x="444">city,</w>
			<w x="492">he</w>
			<w x="553">did</w>
			<w x="662">choose</w>
			<w x="705">as</w>
			<w x="760">his</w>
			<w x="889">especial</w>
			<w x="983">
				<choice>
					<orig>prise,</orig>
					<reg>prize,</reg>
				</choice>
			</w>
		</line>
		<line c="379" h="47" n="2">
			<w x="317">And,</w>
			<w x="423">loving</w>
			<w x="529">sacred</w>
			<w x="626">music</w>
			<w x="707">well,</w>
			<w x="799">made</w>
			<w x="834">it</w>
			<w x="888">his</w>
			<w x="1028">exercise.</w>
		</line>
		<line c="434" h="46" n="3">
			<w x="283">To</w>
			<w x="318">it</w>
			<w x="366">he</w>
			<w x="451">sung</w>
			<w x="509">the</w>
			<w x="640">glorious</w>
			<w x="735">deeds</w>
			<w x="779">of</w>
			<w x="867">great</w>
			<w x="975">heroes</w>
			<w x="1066">dead,</w>
		</line>
		<line c="484" h="49" n="4">
			<w x="305">And</w>
			<w x="360">his</w>
			<w x="432">true</w>
			<w x="530">mind,</w>
			<w x="603">that</w>
			<w x="731">practice</w>
			<w x="828">
				<choice>
					<orig>fail'd,</orig>
					<reg>failed,</reg>
				</choice>
			</w>
			<w x="922">sweet</w>
			<w x="1141">contemplation</w>
			<w x="1207">fed.</w>
		</line>
		<line c="532" h="47" n="5">
			<w x="319">With</w>
			<w x="388">him</w>
			<w x="488">alone,</w>
			<w x="556">and</w>
			<w x="697">opposite,</w>
			<w x="747">all</w>
			<w x="839">silent</w>
			<w x="894">sat</w>
			<w x="948">his</w>
			<w x="1058">friend,</w>
		</line>
		<line c="583" h="48" n="6">
			<w x="387">Attentive,</w>
			<w x="455">and</w>
			<w x="614">beholding</w>
			<w x="692">him,</w>
			<w x="765">who</w>
			<w x="839">now</w>
			<w x="892">his</w>
			<w x="975">song</w>
			<w x="1035">did</w>
			<w x="1110">end.</w>
		</line>
	</div>
</body>
