<body>
	<div id="2" group="1" x="186" y="1102" width="1073" height="158" type="wavyscore"
		attribution="HM" sealts="277_1_1.117" section="5">
		<line c="1142" h="50" n="17">
			<w x="263">And</w>
			<w x="353">
				<choice>
					<orig>ask'd</orig>
					<reg>asked</reg>
				</choice>
			</w>
			<w x="438">him:</w>
			<w x="598">"What!</w>
			<w x="688">Not</w>
			<w x="774">yield</w>
			<w x="814">to</w>
			<w x="918">gods?</w>
			<w x="1015">Thy</w>
			<w x="1121">equals</w>
			<w x="1209">learn</w>
			<w x="1251">to</w>
		</line>
		<line c="1181" h="29" n="18">
			<w x="403">know.</w>
		</line>
		<line c="1238" h="47" n="19">
			<w x="256">The</w>
			<w x="332">race</w>
			<w x="377">of</w>
			<w x="462">Gods</w>
			<w x="498">is</w>
			<w x="554">far</w>
			<w x="651">above</w>
			<w x="728">men</w>
			<w x="871">creeping</w>
			<w x="949">here</w>
			<w x="1075">below."</w>
		</line>
	</div>
</body>
