<body>
	<div id="2" group="1" x="565" y="582" width="875" height="89" type="diagonalscore"
		attribution="HM" sealts="277_2_2.186" section="21">
		<line n="7" h="44" c="604">
			<w x="607">In</w>
			<w x="664">his</w>
			<w x="728">hot</w>
			<w x="809">fury,</w>
			<w x="856">he</w>
			<w x="927">was</w>
			<w x="1013">none</w>
			<w x="1053">of</w>
			<w x="1139">these</w>
			<w x="1314">remorseful</w>
			<w x="1399">men,</w>
		</line>
		<line n="8" h="44" c="648">
			<w x="672">Gentle</w>
			<w x="737">and</w>
			<w x="857">affable,</w>
			<w x="919">but</w>
			<w x="1019">fierce</w>
			<w x="1059">at</w>
			<w x="1108">all</w>
			<w x="1210">times,</w>
			<w x="1276">and</w>
			<w x="1361">mad</w>
			<w x="1438">then.</w>
		</line>
	</div>
</body>
