<body>
    <div id="25" group="1" x="151" y="153" width="1225" height="280" type="autograph" type2="notation" attribution="HM" sealts="277_2_a5" section="frontmatter">
        <line n="1" h="93" c="199">
            <blank x="693"/>
            <w x="807">H.</w>
            <w x="1038">Melville</w>
        </line>
        <line n="2" h="92" c="288">
            <blank x="770"/>
            <w x="881">from</w>
            <w x="1069">George</w>
            <w x="1373">Duyckinck</w>
        </line>
        <line n="3" h="93" c="385">
            <w x="319">Nov.</w>
            <w x="507">1858</w>
        </line>
    </div>
    
</body>
