<body>
	<div id="2" group="1" x="180" y="896" width="1108" height="154" type="bracket" attribution="HM"
		sealts="277_1_b15" mode="commentary" section="intro">
		<line n="13" h="52" c="924">
			<blank x="971"/>
			<w x="1040">But</w>
		</line>
		<div id="3" group="1" x="1042" y="901" width="129" height="47" type="border"
			attribution="HM" sealts="277_1_b15" mode="commentary" section="intro">
			<line n="13" h="52" c="924">
				<w x="1157">passion</w>
			</line>
		</div>
		<div id="4" group="1" x="182" y="901" width="110" height="50" type="underline"
			attribution="HM" sealts="277_1_b15" mode="commentary" section="intro">
			<line n="13" h="52" c="924">
				<blank x="1181"/>
				<w x="1237">(the</w>
				<w x="1284">all</w>
			</line>
			<line n="14" h="56" c="973">
				<w x="222">in</w>
				<w x="271">all</w>
				<w x="323">in</w>
				<w x="437">poetry)</w>
			</line>
		</div>
		<line n="14" h="56" c="973">
			<blank x="437"/>
			<w x="482">is</w>
			<w x="666">everywhere</w>
			<w x="799">present,</w>
			<w x="921">raising</w>
			<w x="983">the</w>
			<w x="1054">low,</w>
			<w x="1222">dignifying</w>
			<w x="1276">the</w>
		</line>
		<line n="15" h="43" c="1023">
			<w x="287">mean,</w>
			<w x="356">and</w>
			<w x="474">putting</w>
			<w x="567">sense</w>
			<w x="639">into</w>
			<w x="702">the</w>
			<w x="810">absurd.</w>
		</line>
	</div>
	<div id="5" group="2" x="740" y="1594" width="343" height="48" type="underline" attribution="HM"
		sealts="277_1_b15" mode="commentary" section="intro">
		<line n="27" h="48" c="1618">
			<w x="905">"Homer's</w>
			<w x="1080">Chapman,"</w>
		</line>
	</div>
	<div id="6" group="3" x="1154" y="1594" width="142" height="52" type="underline"
		attribution="HM" sealts="277_1_b15" mode="commentary" section="intro">
		<line n="27" h="52" c="1620">
			<w x="1289">"Pope's</w>
		</line>
	</div>
	<div id="7" group="3" x="190" y="1645" width="141" height="41" type="underline" attribution="HM"
		sealts="277_1_b15" mode="commentary" section="intro">
		<line n="28" h="41" c="1666">
			<w x="325">Homer."</w>
		</line>
	</div>
	<div id="8" group="4" x="882" y="1694" width="334" height="52" type="underline" attribution="HM"
		sealts="277_1_b15" mode="commentary" section="intro">
		<line n="29" h="52" c="1720">
			<w x="938">his</w>
			<w x="1065">tasteful</w>
			<w x="1214">timidities</w>
		</line>
	</div>
	<div id="9" group="5" x="188" y="1741" width="302" height="48" type="underline" attribution="HM"
		sealts="277_1_b15" mode="commentary" section="intro">
		<line n="30" h="48" c="1765">
			<w x="311">general</w>
			<w x="486">misgivings,</w>
		</line>
	</div>
	<div id="10" group="6" x="779" y="1892" width="333" height="47" type="border" attribution="HM"
		sealts="277_1_b15" mode="commentary" section="intro">
		<line n="33" h="47" c="1916">
			<w x="839">his</w>
			<w x="999">primitive</w>
			<w x="1108">power,</w>
		</line>
	</div>
</body>
