<body>
	<div id="2" group="1" x="491" y="444" width="1112" height="1146" type="score" attribution="HM"
		sealts="277_2_2.052" section="15">
		<line c="476" h="41" n="4">
			<w x="551">By</w>
			<w x="615">one</w>
			<w x="688">that</w>
			<w x="754">was</w>
			<w x="813">the</w>
			<w x="944">weakest</w>
			<w x="1058">Greek.</w>
			<w x="1158">But</w>
			<w x="1228">him</w>
			<w x="1312">Jove</w>
			<w x="1416">
				<choice>
					<orig>look'd</orig>
					<reg>looked</reg>
				</choice>
			</w>
			<w x="1502">upon</w>
		</line>
		<line c="526" h="39" n="5">
			<w x="586">With</w>
			<w x="663">eyes</w>
			<w x="707">of</w>
			<w x="791">pity;</w>
			<w x="848">on</w>
			<w x="904">his</w>
			<w x="978">wife</w>
			<w x="1055">with</w>
			<w x="1185">horrible</w>
			<w x="1300">aspect,</w>
		</line>
		<line c="574" h="39" n="6">
			<w x="548">To</w>
			<w x="649">whom</w>
			<w x="697">he</w>
			<w x="784">said:</w>
			<w x="866">"O</w>
			<w x="947">thou</w>
			<w x="989">in</w>
			<w x="1032">ill</w>
			<w x="1116">most</w>
			<w x="1252">cunning</w>
			<w x="1404">architect,</w>
		</line>
		<line c="623" h="37" n="7">
			<w x="555">All</w>
			<w x="622">arts</w>
			<w x="690">and</w>
			<w x="850">comments</w>
			<w x="923">that</w>
			<w x="1080">
				<choice>
					<orig>exceed'st,</orig>
					<reg>exceed,</reg>
				</choice>
			</w>
			<w x="1143">not</w>
			<w x="1220">only</w>
			<w x="1260">to</w>
			<w x="1382">enforce</w>
		</line>
		<line c="674" h="40" n="8">
			<w x="613">Hector</w>
			<w x="694">from</w>
			<w x="787">fight,</w>
			<w x="850">but</w>
			<w x="927">with</w>
			<w x="982">his</w>
			<w x="1060">men</w>
			<w x="1101">to</w>
			<w x="1189">show</w>
			<w x="1248">the</w>
			<w x="1369">Greeks</w>
			<w x="1400">a</w>
			<w x="1515">course,</w>
		</line>
		<line c="723" h="41" n="9">
			<w x="524">I</w>
			<w x="603">fear,</w>
			<w x="647">as</w>
			<w x="797">formerly,</w>
			<w x="841">so</w>
			<w x="924">now,</w>
			<w x="1015">these</w>
			<w x="1072">ills</w>
			<w x="1153">have</w>
			<w x="1232">with</w>
			<w x="1295">thy</w>
			<w x="1395">hands</w>
		</line>
		<line c="770" h="39" n="10">
			<w x="591">Their</w>
			<w x="663">first</w>
			<w x="753">fruits</w>
			<w x="847">sown,</w>
			<w x="912">and</w>
			<w x="1060">therefore</w>
			<w x="1149">could</w>
			<w x="1224">load</w>
			<w x="1269">all</w>
			<w x="1332">thy</w>
			<w x="1420">limbs</w>
			<w x="1495">with</w>
			<w x="1599">bands.</w>
		</line>
		<line c="822" h="43" n="11">
			<w x="658">
				<choice>
					<orig>Forgett'st</orig>
					<reg>Forget</reg>
				</choice>
			</w>
			<w x="736">thou</w>
			<w x="827">when</w>
			<w x="857">I</w>
			<w x="976">
				<choice>
					<orig>hang'd</orig>
					<reg>hanged</reg>
				</choice>
			</w>
			<w x="1051">thee</w>
			<w x="1111">up,</w>
			<w x="1185">how</w>
			<w x="1226">to</w>
			<w x="1289">thy</w>
			<w x="1357">feet</w>
			<w x="1386">I</w>
			<w x="1455">tied</w>
		</line>
		<line c="871" h="41" n="12">
			<w x="573">Two</w>
			<w x="681">anvils,</w>
			<w x="797">golden</w>
			<w x="945">manacles</w>
			<w x="995">on</w>
			<w x="1058">thy</w>
			<w x="1138">false</w>
			<w x="1238">wrists</w>
			<w x="1372">implied,</w>
		</line>
		<line c="921" h="39" n="13">
			<w x="574">And</w>
			<w x="623">let</w>
			<w x="698">thee</w>
			<w x="877">mercilessly</w>
			<w x="965">hang</w>
			<w x="1048">from</w>
			<w x="1110">our</w>
			<w x="1225">refined</w>
			<w x="1343">heaven</w>
		</line>
		<line c="970" h="41" n="14">
			<w x="586">Even</w>
			<w x="626">to</w>
			<w x="741">earth's</w>
			<w x="879">
				<choice>
					<orig>vapours,</orig>
					<reg>vapors,</reg>
				</choice>
			</w>
			<w x="930">all</w>
			<w x="990">the</w>
			<w x="1079">Gods</w>
			<w x="1122">in</w>
			<w x="1213">great</w>
			<w x="1361">Olympus</w>
			<w x="1455">given</w>
		</line>
		<line c="1020" h="40" n="15">
			<w x="550">To</w>
			<w x="690">mutinies</w>
			<w x="784">about</w>
			<w x="870">thee,</w>
			<w x="940">yet,</w>
			<w x="1060">though</w>
			<w x="1109">all</w>
			<w x="1199">stood</w>
			<w x="1318">staring</w>
			<w x="1376">on,</w>
		</line>
		<line c="1067" h="39" n="16">
			<w x="590">None</w>
			<w x="679">durst</w>
			<w x="805">dissolve</w>
			<w x="892">thee,</w>
			<w x="948">for</w>
			<w x="1037">these</w>
			<w x="1147">hands,</w>
			<w x="1216">had</w>
			<w x="1294">they</w>
			<w x="1356">but</w>
			<w x="1452">
				<choice>
					<orig>seiz'd</orig>
					<reg>seized</reg>
				</choice>
			</w>
			<w x="1538">upon</w>
		</line>
		<line c="1118" h="43" n="17">
			<w x="572">Thy</w>
			<w x="682">friend,</w>
			<w x="751">had</w>
			<w x="900">headlong</w>
			<w x="1017">thrown</w>
			<w x="1088">him</w>
			<w x="1141">off</w>
			<w x="1221">from</w>
			<w x="1284">our</w>
			<w x="1484">
				<choice>
					<orig>star-bearing</orig>
					<reg>star bearing</reg>
					<reg>star</reg>
					<reg>bearing</reg>
				</choice>
			</w>
			<w x="1593">round,</w>
		</line>
		<line c="1166" h="41" n="18">
			<w x="565">Till</w>
			<w x="612">he</w>
			<w x="680">had</w>
			<w x="813">tumbled</w>
			<w x="874">out</w>
			<w x="929">his</w>
			<w x="1046">breath,</w>
			<w x="1112">and</w>
			<w x="1289">
				<choice>
					<orig>piece-meal</orig>
					<reg>piece meal</reg>
					<reg>piecemeal</reg>
					<reg>piece</reg>
					<reg>meal</reg>
				</choice>
			</w>
			<w x="1398">
				<choice>
					<orig>dash'd</orig>
					<reg>dashed</reg>
				</choice>
			</w>
			<w x="1457">the</w>
			<w x="1601">ground?</w>
		</line>
		<line c="1218" h="40" n="19">
			<w x="571">Nor</w>
			<w x="637">was</w>
			<w x="697">my</w>
			<w x="799">angry</w>
			<w x="890">spirit</w>
			<w x="1002">
				<choice>
					<orig>calm'd</orig>
					<reg>calmed</reg>
				</choice>
			</w>
			<w x="1045">so</w>
			<w x="1135">soon,</w>
			<w x="1191">for</w>
			<w x="1281">those</w>
			<w x="1351">foul</w>
			<w x="1434">seas,</w>
		</line>
		<line c="1267" h="44" n="20">
			<w x="558">On</w>
			<w x="667">which,</w>
			<w x="812">inducing</w>
			<w x="954">northern</w>
			<w x="1049">flaws,</w>
			<w x="1131">thou</w>
			<w x="1346">
				<choice>
					<orig>shipwrack'dst</orig>
					<reg>shipwrecked</reg>
				</choice>
			</w>
			<w x="1504">Hercules,</w>
		</line>
		<line c="1314" h="38" n="21">
			<w x="578">And</w>
			<w x="674">
				<choice>
					<orig>toss'd</orig>
					<reg>tossed</reg>
				</choice>
			</w>
			<w x="743">him</w>
			<w x="785">to</w>
			<w x="844">the</w>
			<w x="935">Coan</w>
			<w x="1037">shore,</w>
			<w x="1110">that</w>
			<w x="1190">thou</w>
			<w x="1324">
				<choice>
					<orig>shouldst</orig>
					<reg>should</reg>
				</choice>
			</w>
			<w x="1424">tempt</w>
			<w x="1519">again</w>
		</line>
		<line c="1365" h="42" n="22">
			<w x="564">My</w>
			<w x="685">wrath's</w>
			<w x="874">importance,</w>
			<w x="967">when</w>
			<w x="1045">thou</w>
			<w x="1139">seest,</w>
			<w x="1267">besides,</w>
		</line>
		<div id="3" group="1" x="506" y="1329" width="266" height="58" type="underline"
			attribution="HM" sealts="277_2_2.052" section="15">
			<line c="1365" h="42" n="22">
				<blank x="1274"/>
				<w x="1348">how</w>
				<w x="1467">grossly</w>
				<w x="1538">vain</w>
			</line>
			<line c="1413" h="49" n="23">
				<w x="570">My</w>
				<w x="675">
					<choice>
						<orig>pow'rs</orig>
						<reg>powers</reg>
					</choice>
				</w>
				<w x="736">can</w>
				<w x="832">make</w>
				<w x="897">thy</w>
				<w x="1034">policies;</w>
			</line>
		</div>
		<line c="1413" h="49" n="23">
			<w x="1096">for</w>
			<w x="1179">from</w>
			<w x="1263">their</w>
			<w x="1377">utmost</w>
			<w x="1492">force</w>
		</line>
		<line c="1461" h="48" n="24">
			<w x="529">I</w>
			<w x="618">freed</w>
			<w x="678">my</w>
			<w x="749">son,</w>
			<w x="818">and</w>
			<w x="872">set</w>
			<w x="943">him</w>
			<w x="1012">safe</w>
			<w x="1055">ill</w>
			<w x="1176">Argos,</w>
			<w x="1272">nurse</w>
			<w x="1316">of</w>
			<w x="1414">horse.</w>
		</line>
		<line c="1513" h="42" n="25">
			<w x="604">These</w>
			<w x="633">I</w>
			<w x="798">remember</w>
			<w x="838">to</w>
			<w x="901">thy</w>
			<w x="1048">thoughts,</w>
			<w x="1119">that</w>
			<w x="1198">thou</w>
			<w x="1300">mayst</w>
			<w x="1384">shun</w>
			<w x="1472">these</w>
			<w x="1603">sleights,</w>
		</line>
		<line c="1563" h="42" n="26">
			<w x="581">And</w>
			<w x="672">know</w>
			<w x="745">how</w>
			<w x="839">badly</w>
			<w x="1008">
				<choice>
					<orig>bed-sports</orig>
					<reg>bed sports</reg>
					<reg>bed</reg>
					<reg>sports</reg>
				</choice>
			</w>
			<w x="1108">thrive</w>
			<w x="1247">
				<choice>
					<orig>procur'd</orig>
					<reg>procured</reg>
				</choice>
			</w>
			<w x="1296">by</w>
			<w x="1373">base</w>
			<w x="1516">deceits."</w>
		</line>
	</div>
</body>
