<body>
	<div id="2" group="1" x="549" y="428" width="1098" height="91" type="checkmark" attribution="HM"
		sealts="277_2_2.180" section="21">
		<line n="4" h="45" c="450">
			<w x="616">But</w>
			<w x="701">Jove</w>
			<w x="790">gives</w>
			<w x="906">virtue;</w>
			<w x="963">he</w>
			<w x="1129">augments,</w>
			<w x="1200">and</w>
			<w x="1249">he</w>
			<w x="1372">impairs</w>
			<w x="1434">the</w>
			<w x="1531">worth</w>
		</line>
		<line n="5" h="45" c="495">
			<w x="601">Of</w>
			<w x="649">all</w>
			<w x="743">men;</w>
			<w x="817">and</w>
			<w x="876">his</w>
			<w x="942">will</w>
			<w x="1022">their</w>
			<w x="1112">rule;</w>
			<w x="1179">he,</w>
			<w x="1334">
				<choice>
					<orig>strong'st,</orig>
					<reg>strongest,</reg>
				</choice>
			</w>
			<w x="1386">all</w>
			<w x="1528">strength</w>
			<w x="1646">affords.</w>
		</line>
	</div>
</body>
