<body>
	<div id="2" group="1" x="184" y="1291" width="1100" height="207" type="wavyscore"
		attribution="HM" sealts="277_1_1.119" section="5">
		<line c="1324" h="46" n="21">
			<w x="318">This</w>
			<w x="415">stung</w>
			<w x="507">great</w>
			<w x="648">Hector's</w>
			<w x="755">heart;</w>
			<w x="832">and</w>
			<w x="900">yet,</w>
			<w x="945">as</w>
			<w x="1039">every</w>
			<w x="1186">generous</w>
			<w x="1275">mind</w>
		</line>
		<line c="1373" h="48" n="22">
			<w x="314">Should</w>
			<w x="409">silent</w>
			<w x="487">bear</w>
			<w x="517">a</w>
			<w x="585">just</w>
			<w x="713">reproof,</w>
			<w x="783">and</w>
			<w x="869">show</w>
			<w x="954">what</w>
			<w x="1038">good</w>
			<w x="1117">they</w>
			<w x="1186">find</w>
		</line>
		<line c="1421" h="44" n="23">
			<w x="244">In</w>
			<w x="362">worthy</w>
			<w x="507">counsels,</w>
			<w x="559">by</w>
			<w x="643">their</w>
			<w x="722">ends</w>
			<w x="785">put</w>
			<w x="854">into</w>
			<w x="976">present</w>
			<w x="1081">deeds,</w>
		</line>
		<line c="1471" h="47" n="24">
			<w x="267">Not</w>
			<w x="403">stomach</w>
			<w x="466">nor</w>
			<w x="513">be</w>
			<w x="618">vainly</w>
			<w x="746">sham'd,</w>
			<w x="790">so</w>
			<w x="933">Hector's</w>
			<w x="1024">spirit</w>
			<w x="1175">proceeds,</w>
		</line>
	</div>
</body>
