<body>
	<div id="2" group="1" x="187" y="1228" width="1048" height="196" type="wavyscore"
		attribution="HM" sealts="277_2_2.159" section="19">
		<line c="1255" h="48" n="20">
			<w x="234">Of</w>
			<w x="293">our</w>
			<w x="411">debate,</w>
			<w x="485">that</w>
			<w x="575">Fury</w>
			<w x="654">stole</w>
			<w x="696">in</w>
			<w x="769">that</w>
			<w x="826">act</w>
			<w x="873">on</w>
			<w x="934">my</w>
			<w x="1038">
				<choice>
					<orig>pow'r.</orig>
					<reg>power.</reg>
				</choice>
			</w>
		</line>
		<line c="1305" h="48" n="21">
			<w x="257">And</w>
			<w x="361">more;</w>
			<w x="419">all</w>
			<w x="526">things</w>
			<w x="582">are</w>
			<w x="665">done</w>
			<w x="716">by</w>
			<w x="822">strife;</w>
			<w x="903">that</w>
			<w x="1024">ancient</w>
			<w x="1101">seed</w>
			<w x="1145">of</w>
			<w x="1233">Jove,</w>
		</line>
		<line c="1350" h="49" n="22">
			<w x="256">Ate,</w>
			<w x="330">that</w>
			<w x="420">hurts</w>
			<w x="478">all,</w>
			<w x="607">perfects</w>
			<w x="666">all,</w>
			<w x="730">her</w>
			<w x="798">feet</w>
			<w x="857">are</w>
			<w x="932">soft,</w>
			<w x="1001">and</w>
			<w x="1091">move</w>
		</line>
		<line c="1403" h="46" n="23">
			<w x="249">Not</w>
			<w x="297">on</w>
			<w x="357">the</w>
			<w x="456">earth,</w>
			<w x="536">they</w>
			<w x="615">hear</w>
			<w x="677">her</w>
			<w x="744">still</w>
			<w x="824">aloft</w>
			<w x="923">men's</w>
			<w x="1030">heads,</w>
			<w x="1098">and</w>
			<w x="1187">there</w>
		</line>
	</div>
</body>
