<body>
	<div id="2" group="1" x="540" y="394" width="936" height="50" type="checkmark" attribution="HM"
		sealts="277_1_1.094" section="4">
		<line n="3" h="50" c="419">
			<w x="617">But</w>
			<w x="702">Gods</w>
			<w x="743">at</w>
			<w x="792">all</w>
			<w x="885">times</w>
			<w x="965">give</w>
			<w x="1019">not</w>
			<w x="1067">all</w>
			<w x="1155">their</w>
			<w x="1233">gifts</w>
			<w x="1276">to</w>
			<w x="1387">mortal</w>
			<w x="1471">men.</w>
		</line>
	</div>
	<div id="3" group="1" x="543" y="455" width="1103" height="93" type="underline" attribution="HM"
		sealts="277_1_1.094" section="4">
		<line n="4" h="46" c="478">
			<w x="585">If</w>
			<w x="660">then</w>
			<w x="692">I</w>
			<w x="758">had</w>
			<w x="822">the</w>
			<w x="955">strength</w>
			<w x="1000">of</w>
			<w x="1103">youth,</w>
			<w x="1136">I</w>
			<w x="1243">
				<choice>
					<orig>miss'd</orig>
					<reg>missed</reg>
				</choice>
			</w>
			<w x="1305">the</w>
			<w x="1437">counsels</w>
			<w x="1513">then</w>
		</line>
		<line n="5" h="46" c="524">
			<w x="629">That</w>
			<w x="715">years</w>
			<w x="781">now</w>
			<w x="848">give</w>
			<w x="920">me;</w>
			<w x="988">and</w>
			<w x="1057">now</w>
			<w x="1143">years</w>
			<w x="1221">want</w>
			<w x="1290">that</w>
			<w x="1369">main</w>
			<w x="1500">strength</w>
			<w x="1542">of</w>
			<w x="1642">youth;</w>
		</line>
	</div>
</body>
