<body>
	<div id="2" group="1" x="533" y="1552" width="979" height="202" type="score" attribution="HM"
		sealts="277_1_1.042" section="2">
		<line c="1588" h="38" n="28">
			<w x="582">In</w>
			<w x="685">breast</w>
			<w x="751">like</w>
			<w x="903">Neptune,</w>
			<w x="994">Mars</w>
			<w x="1037">in</w>
			<w x="1143">waist;</w>
			<w x="1220">and</w>
			<w x="1263">as</w>
			<w x="1294">a</w>
			<w x="1407">goodly</w>
			<w x="1476">bull</w>
		</line>
		<line c="1636" h="39" n="29">
			<w x="623">Most</w>
			<w x="755">eminent</w>
			<w x="798">of</w>
			<w x="844">all</w>
			<w x="874">a</w>
			<w x="963">herd,</w>
			<w x="1048">most</w>
			<w x="1164">strong,</w>
			<w x="1249">most</w>
			<w x="1409">masterful,</w>
		</line>
		<line c="1686" h="38" n="30">
			<w x="585">So</w>
			<w x="790">Agamemnon</w>
			<w x="873">Jove</w>
			<w x="946">that</w>
			<w x="1012">day</w>
			<w x="1104">made</w>
			<w x="1312">
				<choice>
					<orig>overheighten</orig>
					<reg>over heighten</reg>
					<reg>over-heighten</reg>
					<reg>over</reg>
					<reg>heighten</reg>
				</choice>
			</w>
			<w x="1397">clear</w>
		</line>
		<line c="1735" h="39" n="31">
			<w x="621">That</w>
			<w x="846">
				<choice>
					<orig>heaven-bright</orig>
					<reg>heaven bright</reg>
					<reg>heaven</reg>
					<reg>bright</reg>
				</choice>
			</w>
			<w x="944">army,</w>
			<w x="1014">and</w>
			<w x="1158">
				<choice>
					<orig>preferr'd</orig>
					<reg>preferred</reg>
				</choice>
			</w>
			<w x="1198">to</w>
			<w x="1248">all</w>
			<w x="1300">
				<choice>
					<orig>th'</orig>
					<reg>the</reg>
				</choice>
			</w>
			<w x="1409">heroes</w>
			<w x="1507">there.</w>
		</line>
	</div>
</body>
