<body>
	<div id="2" group="1" x="203" y="558" width="957" height="97" type="arcedscore" attribution="HM"
		sealts="277_1_1.105" section="5">
		<line n="6" h="48" c="582">
			<w x="250">It</w>
			<w x="324">took</w>
			<w x="377">his</w>
			<w x="621">
				<choice>
					<orig>forward-turned</orig>
					<reg>forward turned</reg>
					<reg>forward</reg>
					<reg>turned</reg>
				</choice>
			</w>
			<w x="715">back,</w>
			<w x="781">and</w>
			<w x="887">
				<choice>
					<orig>look'd</orig>
					<reg>looked</reg>
				</choice>
			</w>
			<w x="947">out</w>
			<w x="984">of</w>
			<w x="1040">his</w>
			<w x="1154">breast;</w>
		</line>
		<line n="7" h="48" c="630">
			<w x="278">His</w>
			<w x="360">huge</w>
			<w x="456">trunk</w>
			<w x="597">sounded,</w>
			<w x="667">and</w>
			<w x="723">his</w>
			<w x="810">arms</w>
			<w x="874">did</w>
			<w x="955">echo</w>
			<w x="1012">the</w>
			<w x="1146">resound.</w>
		</line>
	</div>
	<div id="3" group="2" x="197" y="1338" width="924" height="109" type="checkmark"
		attribution="HM" sealts="277_1_1.105" section="5">
		<line n="22" h="54" c="1365">
			<w x="265">His</w>
			<w x="377">body's</w>
			<w x="459">ruin,</w>
			<w x="531">and</w>
			<w x="585">his</w>
			<w x="683">arms,</w>
			<w x="724">so</w>
			<w x="854">sounded</w>
			<w x="906">in</w>
			<w x="960">his</w>
			<w x="1022">fall,</w>
		</line>
		<line n="23" h="54" c="1419">
			<w x="289">That</w>
			<w x="345">his</w>
			<w x="505">affrighted</w>
			<w x="596">horse</w>
			<w x="667">flew</w>
			<w x="719">off,</w>
			<w x="787">and</w>
			<w x="851">left</w>
			<w x="934">him,</w>
			<w x="995">like</w>
			<w x="1054">his</w>
			<w x="1116">life.</w>
		</line>
	</div>
</body>
