<body>
	<div id="2" group="1" x="623" y="404" width="553" height="46" type="underline" attribution="HM"
		sealts="277_1_1.216" section="10">
		<line n="3" h="46" c="427">
			<w x="677">All</w>
			<w x="843">
				<choice>
					<orig>reverenc'd</orig>
					<reg>reverenced</reg>
				</choice>
			</w>
			<w x="906">one</w>
			<w x="1060">another's</w>
			<w x="1174">worth;</w>
		</line>
	</div>
	<div id="3" group="2" x="574" y="696" width="1051" height="198" type="score3" attribution="HM"
		sealts="277_1_1.216" section="10">
		<line c="728" h="41" n="9">
			<w x="663">(One</w>
			<w x="762">going</w>
			<w x="866">before</w>
			<w x="990">another</w>
			<w x="1071">still)</w>
			<w x="1127">sly</w>
			<w x="1244">danger</w>
			<w x="1338">every</w>
			<w x="1427">way;</w>
		</line>
		<line c="773" h="49" n="10">
			<w x="651">One</w>
			<w x="742">spirit</w>
			<w x="828">upon</w>
			<w x="954">another</w>
			<w x="1064">works,</w>
			<w x="1132">and</w>
			<w x="1222">takes</w>
			<w x="1301">with</w>
			<w x="1405">firmer</w>
			<w x="1478">stay</w>
		</line>
		<line c="824" h="43" n="11">
			<w x="647">The</w>
			<w x="760">benefit</w>
			<w x="804">of</w>
			<w x="850">all</w>
			<w x="905">his</w>
			<w x="1038">powers;</w>
			<w x="1101">for</w>
			<w x="1220">though</w>
			<w x="1285">one</w>
			<w x="1377">knew</w>
			<w x="1433">his</w>
			<w x="1551">course,</w>
		</line>
		<line c="872" h="47" n="12">
			<w x="644">Yet</w>
			<w x="746">might</w>
			<w x="793">he</w>
			<w x="866">well</w>
			<w x="991">distrust</w>
			<w x="1121">himself,</w>
			<w x="1222">which</w>
			<w x="1274">
				<choice>
					<orig>th'</orig>
					<reg>the</reg>
				</choice>
			</w>
			<w x="1366">other</w>
			<w x="1469">might</w>
			<w x="1618">enforce."</w>
		</line>
	</div>
	<div id="4" group="3" x="581" y="1836" width="932" height="100" type="score" attribution="HM"
		sealts="277_1_1.216" section="10">
		<line c="1861" h="44" n="32">
			<w x="752">Ulysses,</w>
			<w x="824">loth</w>
			<w x="865">to</w>
			<w x="912">be</w>
			<w x="1055">
				<choice>
					<orig>esteem'd</orig>
					<reg>esteemed</reg>
				</choice>
			</w>
			<w x="1085">a</w>
			<w x="1171">lover</w>
			<w x="1215">of</w>
			<w x="1267">his</w>
			<w x="1378">praise,</w>
		</line>
		<line c="1908" h="46" n="33">
			<w x="669">With</w>
			<w x="749">such</w>
			<w x="917">exceptions</w>
			<w x="1058">humbled</w>
			<w x="1129">him</w>
			<w x="1172">as</w>
			<w x="1233">did</w>
			<w x="1303">him</w>
			<w x="1414">higher</w>
			<w x="1505">raise,</w>
		</line>
	</div>
</body>
