<body>
	<div id="2" group="1" x="442" y="502" width="794" height="47" type="underline" type2="checkmark"
		attribution="HM" sealts="277_1_b55" mode="commentary" section="frontverse">
		<line n="6" h="47" c="526">
			<w x="558">Turned</w>
			<w x="618">into</w>
			<w x="705">verse,</w>
			<w x="773">that</w>
			<w x="819">no</w>
			<w x="897">prose</w>
			<w x="961">may</w>
			<w x="1047">come</w>
			<w x="1114">near</w>
			<w x="1230">Homer.</w>
		</line>
	</div>
	<div id="3" group="2" x="278" y="1553" width="765" height="94" type="checkmark" attribution="HM"
		sealts="277_1_b55" mode="commentary" section="frontverse">
		<line n="27" h="47" c="1576">
			<w x="352">The</w>
			<w x="460">Found</w>
			<w x="501">of</w>
			<w x="572">Wit</w>
			<w x="661">was</w>
			<w x="788">Homer,</w>
			<w x="963">Learning's</w>
			<w x="1042">Sire,</w>
		</line>
		<div id="4" group="2" x="324" y="1603" width="557" height="48" type="underline"
			attribution="HM" sealts="277_1_b55" mode="commentary" section="frontverse">
			<line n="28" h="48" c="1627">
				<w x="398">And</w>
				<w x="480">gave</w>
				<w x="641">Antiquity</w>
				<w x="699">her</w>
				<w x="798">living</w>
				<w x="874">fire.'</w>
			</line>
		</div>
	</div>
</body>
