<body>
	<div id="2" group="1" x="217" y="749" width="933" height="74" type="underline" attribution="HM"
		sealts="277_1_1.249" section="11">
		<line n="10" h="74" c="786">
			<w x="298">And</w>
			<w x="331">I</w>
			<w x="393">had</w>
			<w x="513">
				<choice>
					<orig>honour</orig>
					<reg>honor</reg>
				</choice>
			</w>
			<w x="551">of</w>
			<w x="711">my</w>
			<w x="816">youth</w>
			<w x="890">which</w>
			<w x="947">dies</w>
			<w x="988">not</w>
			<w x="1045">in</w>
			<w x="1145">my</w>
			<w x="1230">years.</w>
		</line>
	</div>
</body>
