<body>
	<div id="2" group="1" x="202" y="681" width="1114" height="1142" type="wavyscore"
		attribution="HM" sealts="277_2_2.149" section="18">
		<line c="709" h="46" n="9">
			<w x="326">This</w>
			<w x="405">said,</w>
			<w x="453">he</w>
			<w x="515">left</w>
			<w x="577">her</w>
			<w x="676">there,</w>
			<w x="746">and</w>
			<w x="831">forth</w>
			<w x="891">did</w>
			<w x="931">to</w>
			<w x="987">his</w>
			<w x="1108">bellows</w>
			<w x="1168">go,</w>
		</line>
		<line c="758" h="44" n="10">
			<w x="341">
				<choice>
					<orig>Appos'd</orig>
					<reg>Apposed</reg>
				</choice>
			</w>
			<w x="427">them</w>
			<w x="468">to</w>
			<w x="528">the</w>
			<w x="590">fire</w>
			<w x="696">again,</w>
			<w x="905">commanding</w>
			<w x="992">them</w>
			<w x="1033">to</w>
			<w x="1124">blow.</w>
		</line>
		<line c="809" h="46" n="11">
			<w x="350">Through</w>
			<w x="463">twenty</w>
			<w x="550">holes</w>
			<w x="644">made</w>
			<w x="685">to</w>
			<w x="741">his</w>
			<w x="852">hearth</w>
			<w x="894">at</w>
			<w x="974">once</w>
			<w x="1055">blew</w>
			<w x="1170">twenty</w>
			<w x="1251">pair,</w>
		</line>
		<line c="856" h="45" n="12">
			<w x="291">That</w>
			<w x="363">
				<choice>
					<orig>fir'd</orig>
					<reg>fired</reg>
				</choice>
			</w>
			<w x="417">his</w>
			<w x="512">coals,</w>
			<w x="680">sometimes</w>
			<w x="759">with</w>
			<w x="836">soft,</w>
			<w x="1002">sometimes</w>
			<w x="1080">with</w>
			<w x="1245">vehement,</w>
			<w x="1309">air,</w>
		</line>
		<line c="905" h="41" n="13">
			<w x="258">As</w>
			<w x="306">he</w>
			<w x="409">will'd,</w>
			<w x="479">and</w>
			<w x="533">his</w>
			<w x="621">work</w>
			<w x="762">
				<choice>
					<orig>requir'd.</orig>
					<reg>required.</reg>
				</choice>
			</w>
			<w x="901">Amids</w>
			<w x="962">the</w>
			<w x="1055">flame</w>
			<w x="1103">he</w>
			<w x="1175">cast</w>
		</line>
		<line c="957" h="46" n="14">
			<w x="280">Tin,</w>
			<w x="382">silver,</w>
			<w x="519">precious</w>
			<w x="607">gold,</w>
			<w x="676">and</w>
			<w x="783">brass;</w>
			<w x="860">and</w>
			<w x="902">in</w>
			<w x="961">the</w>
			<w x="1052">stock</w>
			<w x="1100">he</w>
			<w x="1204">
				<choice>
					<orig>plac'd</orig>
					<reg>placed</reg>
				</choice>
			</w>
		</line>
		<line c="1005" h="42" n="15">
			<w x="244">A</w>
			<w x="364">mighty</w>
			<w x="465">anvil;</w>
			<w x="530">his</w>
			<w x="619">right</w>
			<w x="705">hand</w>
			<w x="736">a</w>
			<w x="868">weighty</w>
			<w x="1003">hammer</w>
			<w x="1089">held,</w>
		</line>
		<line c="1055" h="45" n="16">
			<w x="269">His</w>
			<w x="331">left</w>
			<w x="386">his</w>
			<w x="490">tongs.</w>
			<w x="590">And</w>
			<w x="661">first</w>
			<w x="709">he</w>
			<w x="809">
				<choice>
					<orig>forg'd</orig>
					<reg>forged</reg>
				</choice>
			</w>
			<w x="838">a</w>
			<w x="944">strong</w>
			<w x="1012">and</w>
			<w x="1148">spacious</w>
			<w x="1245">shield</w>
		</line>
		<line c="1104" h="45" n="17">
			<w x="340">
				<choice>
					<orig>Adorn'd</orig>
					<reg>Adorned</reg>
				</choice>
			</w>
			<w x="417">with</w>
			<w x="529">twenty</w>
			<w x="645">several</w>
			<w x="742">hues;</w>
			<w x="846">about</w>
			<w x="948">whose</w>
			<w x="1044">verge</w>
			<w x="1093">he</w>
			<w x="1169">beat</w>
		</line>
		<line c="1152" h="41" n="18">
			<w x="242">A</w>
			<w x="327">ring,</w>
			<w x="490">
				<choice>
					<orig>three-fold</orig>
					<reg>three fold</reg>
					<reg>threefold</reg>
					<reg>three</reg>
					<reg>fold</reg>
				</choice>
			</w>
			<w x="557">and</w>
			<w x="687">radiant,</w>
			<w x="757">and</w>
			<w x="805">on</w>
			<w x="864">the</w>
			<w x="947">back</w>
			<w x="995">he</w>
			<w x="1050">set</w>
		</line>
		<line c="1203" h="42" n="19">
			<w x="242">A</w>
			<w x="335">silver</w>
			<w x="464">handle;</w>
			<w x="610">
				<choice>
					<orig>five-fold</orig>
					<reg>five fold</reg>
					<reg>fivefold</reg>
					<reg>five</reg>
					<reg>fold</reg>
				</choice>
			</w>
			<w x="692">were</w>
			<w x="752">the</w>
			<w x="845">equal</w>
			<w x="925">lines</w>
			<w x="974">he</w>
			<w x="1060">drew</w>
		</line>
		<line c="1250" h="39" n="20">
			<w x="307">About</w>
			<w x="365">the</w>
			<w x="464">whole</w>
			<w x="697">circumference,</w>
			<w x="741">in</w>
			<w x="842">which</w>
			<w x="897">his</w>
			<w x="984">hand</w>
			<w x="1044">did</w>
			<w x="1131">shew</w>
		</line>
		<line c="1302" h="43" n="21">
			<w x="358">(Directed</w>
			<w x="436">with</w>
			<w x="466">a</w>
			<w x="607">knowing</w>
			<w x="710">mind)</w>
			<w x="742">a</w>
			<w x="815">rare</w>
			<w x="950">variety;</w>
		</line>
		<line c="1352" h="45" n="22">
			<w x="269">For</w>
			<w x="310">in</w>
			<w x="346">it</w>
			<w x="394">he</w>
			<w x="551">presented</w>
			<w x="669">Earth;</w>
			<w x="720">in</w>
			<w x="755">it</w>
			<w x="813">the</w>
			<w x="883">Sea</w>
			<w x="950">and</w>
			<w x="1039">Sky;</w>
		</line>
		<line c="1401" h="44" n="23">
			<w x="247">In</w>
			<w x="282">it</w>
			<w x="341">the</w>
			<w x="569">
				<choice>
					<orig>never-wearied</orig>
					<reg>never wearied</reg>
					<reg>never</reg>
					<reg>wearied</reg>
				</choice>
			</w>
			<w x="651">Sun,</w>
			<w x="711">the</w>
			<w x="811">Moon</w>
			<w x="932">exactly</w>
			<w x="1041">round,</w>
		</line>
		<line c="1451" h="45" n="24">
			<w x="277">And</w>
			<w x="326">all</w>
			<w x="416">those</w>
			<w x="506">Stars</w>
			<w x="584">with</w>
			<w x="684">which</w>
			<w x="743">the</w>
			<w x="842">brows</w>
			<w x="888">of</w>
			<w x="986">ample</w>
			<w x="1104">heaven</w>
			<w x="1163">are</w>
			<w x="1303">
				<choice>
					<orig>crown'd</orig>
					<reg>crowned</reg>
				</choice>
			</w>
		</line>
		<line c="1500" h="45" n="25">
			<w x="307">Orion,</w>
			<w x="358">all</w>
			<w x="417">the</w>
			<w x="566">Pleiades,</w>
			<w x="633">and</w>
			<w x="723">those</w>
			<w x="817">seven</w>
			<w x="910">Atlas</w>
			<w x="981">got,</w>
		</line>
		<line c="1549" h="43" n="26">
			<w x="271">The</w>
			<w x="480">
				<choice>
					<orig>close-beam'd</orig>
					<reg>close beam'd</reg>
					<reg>close beamed</reg>
					<reg>close-beamed</reg>
					<reg>close</reg>
					<reg>beam'd</reg>
					<reg>beamed</reg>
				</choice>
			</w>
			<w x="619">Hyades,</w>
			<w x="680">the</w>
			<w x="776">Bear,</w>
			<w x="929">
				<choice>
					<orig>surnam'd</orig>
					<reg>surnamed</reg>
				</choice>
			</w>
			<w x="989">the</w>
		</line>
		<line c="1600" h="47" n="27">
			<w x="284">That</w>
			<w x="373">turns</w>
			<w x="469">about</w>
			<w x="608">heaven's</w>
			<w x="765">axle-tree,</w>
			<w x="856">holds</w>
			<w x="920">
				<choice>
					<orig>ope</orig>
					<reg>open</reg>
				</choice>
			</w>
			<w x="951">a</w>
			<w x="1088">constant</w>
			<w x="1151">eye</w>
		</line>
		<line c="1648" h="45" n="28">
			<w x="294">Upon</w>
			<w x="403">Orion,</w>
			<w x="472">and</w>
			<w x="517">of</w>
			<w x="562">all</w>
			<w x="621">the</w>
			<w x="747">cressets</w>
			<w x="789">in</w>
			<w x="849">the</w>
			<w x="913">sky</w>
		</line>
		<line c="1698" h="47" n="29">
			<w x="267">His</w>
			<w x="378">golden</w>
			<w x="520">forehead</w>
			<w x="614">never</w>
			<w x="698">bows</w>
			<w x="738">to</w>
			<w x="787">
				<choice>
					<orig>th'</orig>
					<reg>the</reg>
				</choice>
			</w>
			<w x="897">Ocean</w>
			<w x="1031">empery.</w>
		</line>
		<line c="1748" h="46" n="30">
			<w x="316">Two</w>
			<w x="405">cities</w>
			<w x="447">in</w>
			<w x="504">the</w>
			<w x="640">spacious</w>
			<w x="717">field</w>
			<w x="763">he</w>
			<w x="853">built,</w>
			<w x="932">with</w>
			<w x="1045">goodly</w>
			<w x="1127">state</w>
		</line>
		<line c="1797" h="46" n="31">
			<w x="254">Of</w>
			<w x="517">
				<choice>
					<orig>divers-languag'd</orig>
					<reg>divers languaged</reg>
					<reg>diverse languaged</reg>
					<reg>diverse-languaged</reg>
					<reg>divers</reg>
					<reg>diverse</reg>
					<reg>languag'd</reg>
					<reg>languaged</reg>
				</choice>
			</w>
			<w x="602">men.</w>
			<w x="703">The</w>
			<w x="768">one</w>
			<w x="829">did</w>
			<w x="959">nuptials</w>
			<w x="1115">celebrate,</w>
		</line>
		<line c="1875" h="38" n="32">
			<w x="562">Presented.--</w>
			<w x="612">The</w>
			<w x="714">second</w>
			<w x="792">folio,</w>
			<w x="852">and</w>
			<w x="965">Taylor,</w>
			<w x="1165">"represented."</w>
		</line>
	</div>
</body>
