<body>
	<div id="2" group="1" x="577" y="736" width="1042" height="94" type="checkmark" attribution="HM"
		sealts="277_1_1.230" section="11">
		<line n="10" h="47" c="759">
			<w x="698">Where</w>
			<w x="761">she</w>
			<w x="844">hath</w>
			<w x="942">
				<choice>
					<orig>calf'd</orig>
					<reg>calfed</reg>
				</choice>
			</w>
			<w x="1003">two</w>
			<w x="1089">little</w>
			<w x="1196">twins,</w>
			<w x="1233">at</w>
			<w x="1298">will</w>
			<w x="1368">and</w>
			<w x="1449">ease</w>
			<w x="1519">doth</w>
			<w x="1610">grind</w>
		</line>
		<line n="11" h="47" c="806">
			<w x="684">Their</w>
			<w x="774">joints</w>
			<w x="909">
				<choice>
					<orig>snatch'd</orig>
					<reg>snatched</reg>
				</choice>
			</w>
			<w x="951">in</w>
			<w x="1007">his</w>
			<w x="1091">solid</w>
			<w x="1182">jaws,</w>
			<w x="1252">and</w>
			<div id="3" group="1" x="1254" y="784" width="298" height="48" type="underline"
				attribution="HM" sealts="277_1_1.230" section="11">
				<w x="1389">
					<choice>
						<orig>crusheth</orig>
						<reg>crushes</reg>
					</choice>
				</w>
				<w x="1461">into</w>
				<w x="1543">mist</w>
			</div>
		</line>
	</div>
</body>
