<body>
	<div id="2" group="1" x="590" y="485" width="1052" height="93" type="checkmark" attribution="HM"
		sealts="277_1_1.234" section="11">
		<line n="5" h="46" c="508">
			<w x="671">The</w>
			<w x="772">king's</w>
			<w x="863">brass</w>
			<w x="989">javelin,</w>
			<w x="1031">as</w>
			<w x="1082">he</w>
			<w x="1180">drew,</w>
			<w x="1236">did</w>
			<w x="1336">strike</w>
			<w x="1406">him</w>
			<w x="1534">helpless</w>
			<w x="1635">dead;</w>
		</line>
		<line n="6" h="46" c="554">
			<w x="688">Who</w>
			<w x="779">made</w>
			<w x="949">Iphidamas</w>
			<w x="1014">the</w>
			<w x="1112">block,</w>
			<w x="1180">and</w>
			<w x="1243">cut</w>
			<w x="1292">off</w>
			<w x="1399">Coon's</w>
			<w x="1490">head.</w>
		</line>
	</div>
	<div id="3" group="2" x="601" y="1075" width="1080" height="146" type="score" attribution="HM"
		sealts="277_1_1.234" section="11">
		<line c="1107" h="38" n="17">
			<w x="670">The</w>
			<w x="787">woman</w>
			<w x="829">in</w>
			<w x="892">her</w>
			<w x="1001">travail</w>
			<w x="1110">strives</w>
			<w x="1151">to</w>
			<w x="1229">take</w>
			<w x="1289">the</w>
			<w x="1383">worst</w>
			<w x="1418">it</w>
			<w x="1516">gives,</w>
		</line>
		<line c="1156" h="40" n="18">
			<w x="691">With</w>
			<w x="821">thought</w>
			<w x="855">it</w>
			<w x="941">must</w>
			<w x="997">be,</w>
			<w x="1056">
				<choice>
					<orig>'tis</orig>
					<reg>it is</reg>
					<reg>it</reg>
					<reg>is</reg>
				</choice>
			</w>
			<w x="1152">love's</w>
			<w x="1240">fruit,</w>
			<w x="1302">the</w>
			<w x="1370">end</w>
			<w x="1424">for</w>
			<w x="1525">which</w>
			<w x="1587">she</w>
			<w x="1676">lives,</w>
		</line>
		<line c="1204" h="36" n="19">
			<w x="671">The</w>
			<w x="764">mean</w>
			<w x="804">to</w>
			<w x="899">make</w>
			<w x="1016">herself</w>
			<w x="1086">new</w>
			<w x="1177">born,</w>
			<w x="1264">what</w>
			<w x="1405">comforts</w>
			<w x="1472">will</w>
			<w x="1625">redound;</w>
		</line>
	</div>
	<div id="4" group="3" x="604" y="1672" width="1094" height="90" type="checkmark"
		attribution="HM" sealts="277_1_1.234" section="11">
		<line n="29" h="45" c="1694">
			<w x="662">To</w>
			<w x="741">bear</w>
			<w x="828">their</w>
			<w x="970">wounded</w>
			<w x="1126">sovereign</w>
			<w x="1222">apart</w>
			<w x="1282">the</w>
			<w x="1404">martial</w>
			<w x="1513">thrust,</w>
		</line>
		<line n="30" h="45" c="1739">
			<w x="783">Sprinkling</w>
			<w x="872">their</w>
			<w x="1007">powerful</w>
			<w x="1124">breasts</w>
			<w x="1203">with</w>
			<w x="1299">foam,</w>
			<w x="1364">and</w>
			<w x="1504">snowing</w>
			<w x="1553">on</w>
			<w x="1616">the</w>
			<w x="1688">dust.</w>
		</line>
	</div>
</body>
