<body>
	<div id="2" group="1" x="566" y="1537" width="1108" height="100" type="checkmark"
		attribution="HM" sealts="277_1_1.056" section="2">
		<line n="21" h="50" c="1562">
			<w x="659">being</w>
			<w x="710">all</w>
			<w x="877">homer's;</w>
			<w x="984">which</w>
			<w x="1052">laid</w>
			<w x="1102">by</w>
			<w x="1132">a</w>
			<w x="1219">man,</w>
			<w x="1297">that</w>
			<w x="1395">which</w>
			<w x="1445">he</w>
			<w x="1562">
				<choice>
					<orig>addeth</orig>
					<reg>adds</reg>
				</choice>
			</w>
			<w x="1596">is</w>
			<w x="1669">only</w>
		</line>
		<line n="22" h="50" c="1612">
			<div id="3" group="1" x="569" y="1587" width="353" height="52" type="underline"
				attribution="HM" sealts="277_1_1.056" section="2">
				<w x="628">the</w>
				<w x="718">work</w>
				<w x="765">of</w>
				<w x="796">a</w>
				<w x="918">woman,</w>
			</div>
			<w x="963">to</w>
			<div id="4" group="1" x="975" y="1584" width="276" height="53" type="underline"
				attribution="HM" sealts="277_1_1.056" section="2">
				<w x="1073">netify</w>
				<w x="1146">and</w>
				<w x="1249">polish.</w>
			</div>
			<w x="1360">Nor</w>
			<w x="1421">do</w>
			<w x="1463">I,</w>
			<w x="1546">alas,</w>
			<w x="1614">but</w>
			<w x="1670">the</w>
		</line>
	</div>
</body>
