<body>
	<div id="2" group="1" x="580" y="1139" width="914" height="54" type="checkmark" attribution="HM"
		sealts="277_1_1.088" section="4">
		<line n="18" h="54" c="1166">
			<w x="643">For</w>
			<w x="768">nothing</w>
			<w x="863">decks</w>
			<w x="897">a</w>
			<w x="1004">soldier</w>
			<w x="1063">so,</w>
			<w x="1106">as</w>
			<w x="1182">doth</w>
			<w x="1231">an</w>
			<w x="1381">
				<choice>
					<orig>honour'd</orig>
					<reg>honored</reg>
				</choice>
			</w>
			<w x="1489">wound.</w>
		</line>
	</div>
</body>
