<body>
	<div id="2" group="1" x="199" y="900" width="503" height="44" type="underline" attribution="HM"
		sealts="277_1_1.153" section="6">
		<line n="13" h="44" c="922">
			<blank x="730"/>
			<w x="783">his</w>
			<w x="958">
				<choice>
					<orig>long-ebb'd</orig>
					<reg>long ebb'd</reg>
					<reg>long ebbed</reg>
					<reg>long-ebbed</reg>
					<reg>long</reg>
					<reg>ebb'd</reg>
					<reg>ebbed</reg>
				</choice>
			</w>
			<w x="1063">spirits</w>
			<w x="1138">now</w>
			<w x="1231">flow'd</w>
		</line>
		<div id="3" group="1" x="194" y="948" width="1083" height="497" type="wavyscore"
			attribution="HM" sealts="277_1_1.153" section="6">
			<line c="978" h="43" n="14">
				<w x="267">The</w>
				<w x="380">higher</w>
				<w x="434">for</w>
				<w x="520">their</w>
				<w x="614">lower</w>
				<w x="673">ebb.</w>
			</line>
		</div>
	</div>
	<div id="4" group="1" x="194" y="948" width="1083" height="497" type="wavyscore"
		attribution="HM" sealts="277_1_1.153" section="6">
		<line c="978" h="43" n="14">
			<w x="787">And</w>
			<w x="830">as</w>
			<w x="861">a</w>
			<w x="925">fair</w>
			<w x="1014">steed</w>
			<w x="1113">proud</w>
		</line>
		<line c="1023" h="49" n="15">
			<w x="281">With</w>
			<w x="444">
				<choice>
					<orig>full-given</orig>
					<reg>full given</reg>
					<reg>full</reg>
					<reg>given</reg>
				</choice>
			</w>
			<w x="592">mangers,</w>
			<w x="671">long</w>
			<w x="740">tied</w>
			<w x="799">up,</w>
			<w x="868">and</w>
			<w x="950">now,</w>
			<w x="1006">his</w>
			<w x="1168">
				<choice>
					<orig>head-stall</orig>
					<reg>head stall</reg>
					<reg>head</reg>
					<reg>stall</reg>
				</choice>
			</w>
			<w x="1273">broke,</w>
		</line>
		<line c="1077" h="44" n="16">
			<w x="249">He</w>
			<w x="360">breaks</w>
			<w x="444">from</w>
			<w x="553">stable,</w>
			<w x="632">runs</w>
			<w x="692">the</w>
			<w x="778">field,</w>
			<w x="847">and</w>
			<w x="925">with</w>
			<w x="974">an</w>
			<w x="1076">ample</w>
			<w x="1181">stroke</w>
		</line>
		<line c="1125" h="42" n="17">
			<w x="342">Measures</w>
			<w x="402">the</w>
			<w x="518">centre,</w>
			<w x="640">neighs,</w>
			<w x="709">and</w>
			<w x="778">lifts</w>
			<w x="857">aloft</w>
			<w x="913">his</w>
			<w x="1034">wanton</w>
			<w x="1126">head,</w>
		</line>
		<line c="1175" h="41" n="18">
			<w x="293">About</w>
			<w x="349">his</w>
			<w x="502">shoulders</w>
			<w x="614">shakes</w>
			<w x="670">his</w>
			<w x="763">crest,</w>
			<w x="832">and</w>
			<w x="935">where</w>
			<w x="983">he</w>
			<w x="1064">hath</w>
			<w x="1145">been</w>
			<w x="1213">fed,</w>
		</line>
		<line c="1229" h="51" n="19">
			<w x="241">Or</w>
			<w x="283">in</w>
			<w x="371">some</w>
			<w x="456">calm</w>
			<w x="540">flood</w>
			<w x="664">
				<choice>
					<orig>wash'd,</orig>
					<reg>washed,</reg>
				</choice>
			</w>
			<w x="718">or,</w>
			<div id="5" group="1" x="729" y="1197" width="414" height="48" type="underline"
				attribution="HM" sealts="277_1_1.153" section="6">
				<w x="821">stung</w>
				<w x="895">with</w>
				<w x="951">his</w>
				<w x="1035">high</w>
				<w x="1138">plight,</w>
			</div>
			<w x="1191">he</w>
			<w x="1262">flies</w>
		</line>
		<line c="1274" h="41" n="20">
			<w x="336">Amongst</w>
			<w x="391">his</w>
			<w x="525">females,</w>
			<w x="665">strength</w>
			<w x="727">put</w>
			<w x="821">forth,</w>
			<w x="878">his</w>
			<w x="1000">beauty</w>
			<w x="1152">beautifies,</w>
		</line>
		<line c="1323" h="40" n="21">
			<w x="273">And,</w>
			<w x="342">like</w>
			<w x="425">life's</w>
			<w x="545">mirror,</w>
			<w x="637">bears</w>
			<w x="693">his</w>
			<w x="781">gait;</w>
			<w x="832">so</w>
			<w x="924">Paris</w>
			<w x="1007">from</w>
			<w x="1067">the</w>
			<w x="1156">
				<choice>
					<orig>tow'r</orig>
					<reg>tower</reg>
				</choice>
			</w>
		</line>
		<line c="1374" h="42" n="22">
			<w x="240">Of</w>
			<w x="317">lofty</w>
			<w x="482">Pergamus</w>
			<w x="572">came</w>
			<w x="674">forth;</w>
			<w x="732">he</w>
			<w x="847">
				<choice>
					<orig>show'd</orig>
					<reg>showed</reg>
				</choice>
			</w>
			<w x="877">a</w>
			<w x="1013">
				<choice>
					<orig>sun-like</orig>
					<reg>sun like</reg>
					<reg>sunlike</reg>
					<reg>sun</reg>
					<reg>like</reg>
				</choice>
			</w>
			<w x="1110">
				<choice>
					<orig>pow'r</orig>
					<reg>power</reg>
				</choice>
			</w>
		</line>
		<line c="1422" h="38" n="23">
			<w x="233">In</w>
			<w x="369">carriage</w>
			<w x="414">of</w>
			<w x="466">his</w>
			<w x="580">goodly</w>
			<w x="676">parts,</w>
			<w x="830">
				<choice>
					<orig>address'd</orig>
					<reg>addressed</reg>
				</choice>
			</w>
			<w x="903">now</w>
			<w x="943">to</w>
			<w x="1003">the</w>
			<w x="1109">strife;</w>
		</line>
	</div>
	<div id="6" group="2" x="711" y="1842" width="342" height="48" type="underline" attribution="HM"
		sealts="277_1_1.153" section="6">
		<line n="32" h="48" c="1866">
			<w x="827">enough</w>
			<w x="893">will</w>
			<w x="934">is</w>
			<w x="991">not</w>
			<w x="1046">put</w>
		</line>
	</div>
</body>
