<body>
	<div id="2" group="1" x="199" y="1183" width="1100" height="640" type="score" attribution="HM"
		sealts="277_2_2.161" section="19">
		<line c="1210" h="45" n="19">
			<w x="272">The</w>
			<w x="392">conflict</w>
			<w x="525">wearing</w>
			<w x="585">out</w>
			<w x="647">our</w>
			<w x="724">men</w>
			<w x="790">was</w>
			<w x="867">late,</w>
			<w x="937">and</w>
			<w x="1013">held</w>
			<w x="1056">as</w>
			<w x="1146">long,</w>
		</line>
		<line c="1260" h="47" n="20">
			<w x="354">Wherein,</w>
			<w x="477">though</w>
			<w x="563">most</w>
			<w x="650">Jove</w>
			<w x="745">stood</w>
			<w x="803">for</w>
			<w x="904">Troy,</w>
			<w x="958">he</w>
			<w x="1024">yet</w>
			<w x="1120">made</w>
			<w x="1188">our</w>
			<w x="1264">part</w>
		</line>
		<line c="1308" h="33" n="21">
			<w x="423">strong</w>
		</line>
		<line c="1355" h="38" n="22">
			<w x="250">To</w>
			<w x="329">bear</w>
			<w x="401">that</w>
			<w x="493">most.</w>
			<w x="592">But</w>
			<w x="680">
				<choice>
					<orig>'twas</orig>
					<reg>it was</reg>
					<reg>it</reg>
					<reg>was</reg>
				</choice>
			</w>
			<w x="721">to</w>
			<w x="809">bear,</w>
			<w x="878">and</w>
			<w x="951">that</w>
			<w x="1059">breeds</w>
			<w x="1141">little</w>
			<w x="1240">heart.</w>
		</line>
		<line c="1407" h="45" n="23">
			<w x="263">Let</w>
			<w x="344">wine</w>
			<w x="413">and</w>
			<w x="510">bread</w>
			<w x="588">then</w>
			<w x="655">add</w>
			<w x="695">to</w>
			<w x="746">it;</w>
			<w x="835">they</w>
			<w x="910">help</w>
			<w x="971">the</w>
			<w x="1092">twofold</w>
			<w x="1176">part,</w>
		</line>
		<line c="1454" h="38" n="24">
			<w x="267">The</w>
			<w x="339">soul</w>
			<w x="407">and</w>
			<w x="499">body,</w>
			<w x="543">in</w>
			<w x="573">a</w>
			<w x="659">man,</w>
			<w x="739">both</w>
			<w x="824">force</w>
			<w x="892">and</w>
			<w x="1042">fortitude.</w>
		</line>
		<line c="1505" h="41" n="25">
			<w x="255">All</w>
			<w x="319">day</w>
			<w x="396">men</w>
			<w x="509">cannot</w>
			<w x="592">fight</w>
			<w x="659">and</w>
			<w x="734">fast,</w>
			<w x="855">though</w>
			<w x="951">never</w>
			<w x="993">so</w>
			<w x="1108">indued</w>
		</line>
		<line c="1556" h="46" n="26">
			<w x="287">With</w>
			<w x="390">minds</w>
			<w x="431">to</w>
			<w x="524">fight,</w>
			<w x="589">for,</w>
			<w x="662">that</w>
			<w x="811">
				<choice>
					<orig>suppos'd,</orig>
					<reg>supposed,</reg>
				</choice>
			</w>
			<w x="901">there</w>
			<w x="989">lurks</w>
			<w x="1050">yet</w>
			<w x="1177">secretly</w>
		</line>
		<line c="1606" h="46" n="27">
			<w x="308">Thirst,</w>
			<w x="439">hunger,</w>
			<w x="482">in</w>
			<w x="534">
				<choice>
					<orig>th'</orig>
					<reg>the</reg>
				</choice>
			</w>
			<w x="690">oppressed</w>
			<w x="784">joints</w>
			<w x="887">which</w>
			<w x="935">no</w>
			<w x="1025">mind</w>
			<w x="1090">can</w>
			<w x="1209">supply.</w>
		</line>
		<line c="1655" h="46" n="28">
			<w x="285">They</w>
			<w x="361">take</w>
			<w x="452">away</w>
			<w x="481">a</w>
			<w x="640">marcher's</w>
			<w x="747">knees.</w>
			<w x="880">Men's</w>
			<w x="986">bodies</w>
			<w x="1147">
				<choice>
					<orig>throughly</orig>
					<reg>thoroughly</reg>
				</choice>
			</w>
			<w x="1215">fed,</w>
		</line>
		<line c="1704" h="45" n="29">
			<w x="289">Their</w>
			<w x="391">minds</w>
			<w x="483">share</w>
			<w x="562">with</w>
			<w x="649">them</w>
			<w x="691">in</w>
			<w x="775">their</w>
			<w x="929">strength;</w>
			<w x="1015">and,</w>
			<w x="1066">all</w>
			<w x="1133">day</w>
			<w x="1297">combated,</w>
		</line>
		<line c="1753" h="45" n="30">
			<w x="267">One</w>
			<w x="342">stirs</w>
			<w x="412">not,</w>
			<w x="468">till</w>
			<w x="535">you</w>
			<w x="599">call</w>
			<w x="651">off</w>
			<w x="705">all.</w>
			<w x="864">Dismiss</w>
			<w x="953">them</w>
			<w x="1031">then</w>
			<w x="1073">to</w>
			<w x="1169">meat,</w>
		</line>
		<line c="1801" h="42" n="31">
			<w x="271">And</w>
			<w x="320">let</w>
			<w x="444">Atrides</w>
			<w x="553">tender</w>
			<w x="640">here,</w>
			<w x="684">in</w>
			<w x="771">sight</w>
			<w x="816">of</w>
			<w x="861">all</w>
			<w x="928">this</w>
			<w x="1009">seat,</w>
		</line>
	</div>
</body>
