<body>
	<div id="2" group="1" x="588" y="270" width="950" height="51" type="checkmark" attribution="HM"
		sealts="277_1_1.266" section="12">
		<line n="1" h="51" c="296">
			<w x="633">In</w>
			<w x="725">some</w>
			<w x="805">deep</w>
			<w x="885">river)</w>
			<w x="966">left</w>
			<w x="1020">his</w>
			<w x="1155">height;</w>
			<w x="1216">life</w>
			<w x="1277">left</w>
			<w x="1331">his</w>
			<w x="1434">bones</w>
			<w x="1533">withal.</w>
		</line>
	</div>
</body>
