<body>
	<div id="2" group="1" x="201" y="1585" width="1007" height="99" type="arcedscore"
		attribution="HM" sealts="277_1_1.149" section="6">
		<line n="27" h="49" c="1609">
			<w x="284">Her</w>
			<w x="362">son,</w>
			<w x="457">borne</w>
			<w x="500">in</w>
			<w x="557">his</w>
			<w x="668">nurse's</w>
			<w x="775">arms;</w>
			<w x="884">when,</w>
			<w x="956">like</w>
			<w x="986">a</w>
			<w x="1133">heavenly</w>
			<w x="1203">sign,</w>
		</line>
		<line n="28" h="49" c="1658">
			<w x="359">Compact</w>
			<w x="397">of</w>
			<w x="493">many</w>
			<w x="607">golden</w>
			<w x="694">stars,</w>
			<w x="760">the</w>
			<w x="888">princely</w>
			<w x="975">child</w>
			<w x="1035">did</w>
			<w x="1138">shine,</w>
		</line>
	</div>
</body>
