<body>
	<div id="2" group="1" x="197" y="1634" width="1100" height="90" type="checkmark"
		attribution="HM" sealts="277_2_2.163" section="19">
		<line n="28" h="45" c="1656">
			<w x="280">That</w>
			<w x="342">one</w>
			<w x="439">day's</w>
			<w x="529">moan</w>
			<w x="639">should</w>
			<w x="731">serve</w>
			<w x="790">one</w>
			<w x="880">man.</w>
			<w x="981">The</w>
			<w x="1066">dead</w>
			<w x="1156">must</w>
			<w x="1222">end</w>
			<w x="1296">with</w>
		</line>
		<line n="29" h="45" c="1701">
			<w x="412">death,</w>
		</line>
	</div>
</body>
