<body>
	<div id="2" group="1" x="590" y="1379" width="1066" height="445" type="score" attribution="HM"
		sealts="277_1_1.174" section="8">
		<line c="1406" h="36" n="23">
			<w x="716">Then</w>
			<w x="861">
				<choice>
					<orig>cherish'd</orig>
					<reg>cherished</reg>
				</choice>
			</w>
			<w x="909">he</w>
			<w x="965">his</w>
			<w x="1082">famous</w>
			<w x="1191">horse:</w>
			<w x="1272">"O</w>
			<w x="1423">Xanthus,</w>
			<w x="1524">now,"</w>
			<w x="1597">said</w>
			<w x="1654">he,</w>
		</line>
		<line c="1458" h="39" n="24">
			<w x="698">"And</w>
			<w x="775">thou</w>
			<w x="937">Podargus,</w>
			<w x="1056">Ethon</w>
			<w x="1123">too,</w>
			<w x="1191">and</w>
			<w x="1334">Lampus,</w>
			<w x="1413">dear</w>
			<w x="1453">to</w>
			<w x="1519">me,</w>
		</line>
		<line c="1507" h="39" n="25">
			<w x="683">Make</w>
			<w x="739">me</w>
			<w x="825">some</w>
			<w x="942">worthy</w>
			<w x="1127">recompense</w>
			<w x="1178">for</w>
			<w x="1221">so</w>
			<w x="1315">much</w>
			<w x="1418">choice</w>
			<w x="1462">of</w>
			<w x="1552">meat,</w>
		</line>
		<line c="1558" h="40" n="26">
			<w x="687">Given</w>
			<w x="752">you</w>
			<w x="801">by</w>
			<w x="865">fair</w>
			<w x="1086">Andromache;</w>
			<w x="1190">bread</w>
			<w x="1234">of</w>
			<w x="1288">the</w>
			<w x="1393">purest</w>
			<w x="1500">wheat,</w>
		</line>
		<line c="1606" h="40" n="27">
			<w x="664">And</w>
			<w x="741">with</w>
			<w x="783">it,</w>
			<w x="838">for</w>
			<w x="918">your</w>
			<w x="1020">drink,</w>
			<w x="1118">
				<choice>
					<orig>mix'd</orig>
					<reg>mixed</reg>
				</choice>
			</w>
			<w x="1208">wine,</w>
			<w x="1249">to</w>
			<w x="1342">make</w>
			<w x="1389">ye</w>
			<w x="1501">wished</w>
			<w x="1602">cheer,</w>
		</line>
		<line c="1656" h="40" n="28">
			<w x="661">Still</w>
			<w x="782">serving</w>
			<w x="847">you</w>
			<w x="950">before</w>
			<w x="1068">myself,</w>
			<w x="1131">her</w>
			<w x="1266">husband</w>
			<w x="1372">young</w>
			<w x="1438">and</w>
			<w x="1523">dear.</w>
		</line>
		<line c="1705" h="40" n="29">
			<w x="712">Pursue,</w>
			<w x="780">and</w>
			<w x="839">use</w>
			<w x="918">your</w>
			<w x="1040">swiftest</w>
			<w x="1143">speed,</w>
			<w x="1216">that</w>
			<w x="1267">we</w>
			<w x="1344">may</w>
			<w x="1418">take</w>
			<w x="1472">for</w>
			<w x="1555">
				<choice>
					<orig>prise</orig>
					<reg>prize</reg>
				</choice>
			</w>
		</line>
		<line c="1753" h="36" n="30">
			<w x="659">The</w>
			<w x="758">shield</w>
			<w x="801">of</w>
			<w x="855">old</w>
			<w x="1004">Neleides,</w>
			<w x="1104">which</w>
			<w x="1202">Fame</w>
			<w x="1271">lifts</w>
			<w x="1311">to</w>
			<w x="1370">the</w>
			<w x="1463">skies,</w>
		</line>
		<line c="1803" h="39" n="31">
			<w x="676">Even</w>
			<w x="717">to</w>
			<w x="776">the</w>
			<w x="900">handles</w>
			<w x="1008">telling</w>
			<w x="1042">it</w>
			<w x="1082">to</w>
			<w x="1129">be</w>
			<w x="1173">of</w>
			<w x="1272">massy</w>
			<w x="1356">gold.</w>
		</line>
		<line c="1850" h="37" n="32">
			<w x="666">And</w>
			<w x="747">from</w>
			<w x="806">the</w>
			<w x="957">shoulders</w>
			<w x="1007">let</w>
			<w x="1051">us</w>
			<w x="1135">take,</w>
			<w x="1180">of</w>
			<w x="1307">Diomed</w>
			<w x="1365">the</w>
			<w x="1449">hold,</w>
		</line>
	</div>
</body>
