<body>
    <div id="2" group="1" x="577" y="384" width="1073" height="645" type="score" attribution="HM"
        sealts="277_1_1.222" section="10">
        <line c="417" h="43" n="3">
            <div id="3" group="1" x="618" y="389" width="429" height="50" type="underline"
                attribution="HM" sealts="277_1_1.222" section="10">
                <w x="747">Tydides</w>
                <w x="907">dreadfully</w>
                <w x="1041">replied:</w>
            </div>
            <w x="1184">"Think</w>
            <w x="1245">not</w>
            <w x="1288">of</w>
            <w x="1413">passage</w>
            <w x="1498">thus,</w>
        </line>
        <line c="466" h="43" n="4">
            <w x="703">Though</w>
            <w x="747">of</w>
            <w x="830">right</w>
            <w x="996">acceptable</w>
            <w x="1082">news</w>
            <w x="1162">thou</w>
            <w x="1236">hast</w>
            <w x="1393">
                <choice>
                    <orig>advertis'd</orig>
                    <reg>advertised</reg>
                </choice>
            </w>
            <w x="1448">us,</w>
        </line>
        <line c="511" h="38" n="5">
            <w x="645">Our</w>
            <w x="743">hands</w>
            <w x="802">are</w>
            <w x="892">holds</w>
            <w x="979">more</w>
            <w x="1069">strict</w>
            <w x="1149">than</w>
            <w x="1210">so;</w>
            <w x="1288">and</w>
            <w x="1395">should</w>
            <w x="1447">we</w>
            <w x="1502">set</w>
            <w x="1577">thee</w>
            <w x="1646">free</w>
        </line>
        <div id="4" group="1" x="573" y="537" width="987" height="139" type="dottedxmark"
            type2="annotated" attribution="HM" sealts="277_1_1.222" section="10">
            <line c="564" h="40" n="6">
                <w x="640">For</w>
                <w x="746">
                    <choice>
                        <orig>Offer'd</orig>
                        <reg>Offered</reg>
                    </choice>
                </w>
                <w x="876">ransom,</w>
                <w x="932">for</w>
                <w x="999">this</w>
                <w x="1101">scape</w>
                <w x="1181">thou</w>
                <w x="1248">still</w>
                <w x="1373">wouldst</w>
                <w x="1510">scouting</w>
                <w x="1557">be</w>
            </line>
            <line c="614" h="41" n="7">
                <w x="678">About</w>
                <w x="739">our</w>
                <w x="835">ships,</w>
                <w x="879">or</w>
                <w x="926">do</w>
                <w x="971">us</w>
                <w x="1076">scathe</w>
                <w x="1119">in</w>
                <w x="1206">plain</w>
                <w x="1337">opposed</w>
                <w x="1431">arms,</w>
            </line>
            <line c="662" h="43" n="8">
                <w x="652">But,</w>
                <w x="690">if</w>
                <w x="715">I</w>
                <w x="792">take</w>
                <w x="854">thy</w>
                <w x="922">life,</w>
                <w x="972">no</w>
                <w x="1045">way</w>
                <w x="1109">can</w>
                <w x="1161">we</w>
                <w x="1270">repent</w>
                <w x="1333">thy</w>
                <w x="1466">harms."</w>
            </line>
        </div>
        <div id="5" group="1" x="577" y="687" width="1062" height="244" type="score"
            attribution="HM" sealts="277_1_1.222" section="10">
            <line c="709" h="43" n="9">
                <w x="705">With</w>
                <w x="781">this,</w>
                <w x="825">as</w>
                <w x="928">Dolon</w>
                <w x="1052">
                    <choice>
                        <orig>reach'd</orig>
                        <reg>reached</reg>
                    </choice>
                </w>
                <w x="1107">his</w>
                <w x="1194">hand</w>
                <w x="1235">to</w>
                <w x="1296">use</w>
                <w x="1326">a</w>
                <w x="1498">suppliant's</w>
                <w x="1572">part</w>
            </line>
            <line c="759" h="36" n="10">
                <w x="652">And</w>
                <w x="754">stroke</w>
                <w x="814">the</w>
                <w x="910">beard</w>
                <w x="953">of</w>
                <w x="1090">Diomed,</w>
                <w x="1139">he</w>
                <w x="1245">struck</w>
                <w x="1298">his</w>
                <w x="1381">neck</w>
                <w x="1508">athwart</w>
            </line>
            <line c="808" h="40" n="11">
                <w x="666">With</w>
                <w x="721">his</w>
                <w x="819">
                    <choice>
                        <orig>forc'd</orig>
                        <reg>forced</reg>
                    </choice>
                </w>
                <w x="927">sword,</w>
                <w x="995">and</w>
                <w x="1073">both</w>
                <w x="1132">the</w>
                <w x="1241">nerves</w>
                <w x="1289">he</w>
                <w x="1350">did</w>
                <w x="1391">in</w>
                <w x="1504">sunder</w>
                <w x="1622">wound,</w>
            </line>
            <line c="859" h="43" n="12">
                <w x="652">And</w>
                <w x="797">suddenly</w>
                <w x="853">his</w>
                <w x="945">head,</w>
                <w x="1089">
                    <choice>
                        <orig>deceiv'd,</orig>
                        <reg>deceived,</reg>
                    </choice>
                </w>
                <div id="6" group="1" x="1096" y="828" width="203" height="52" type="underline"
                    attribution="HM" sealts="277_1_1.222" section="10">
                    <w x="1153">fell</w>
                    <w x="1295">speaking</w>
                </div>
                <w x="1345">on</w>
                <w x="1405">the</w>
                <w x="1533">ground.</w>
            </line>
            <line c="904" h="49" n="13">
                <w x="643">His</w>
                <w x="774">weasel's</w>
                <w x="861">helm</w>
                <w x="939">they</w>
                <w x="1025">took,</w>
                <w x="1083">his</w>
                <w x="1163">bow,</w>
                <w x="1220">his</w>
                <w x="1321">wolf's</w>
                <w x="1406">skin,</w>
                <w x="1475">and</w>
                <w x="1530">his</w>
                <w x="1629">lance,</w>
            </line>
        </div>
        <line c="957" h="37" n="14">
            <w x="690">Which</w>
            <w x="730">to</w>
            <w x="871">Minerva</w>
            <w x="995">Ithacus</w>
            <w x="1055">did</w>
            <w x="1202">zealously</w>
            <w x="1343">advance,</w>
        </line>
        <line c="1006" h="38" n="15">
            <w x="668">With</w>
            <w x="757">lifted</w>
            <w x="828">arm</w>
            <w x="898">into</w>
            <w x="958">the</w>
            <w x="1029">air;</w>
            <w x="1105">and</w>
            <w x="1145">to</w>
            <w x="1209">her</w>
            <w x="1284">thus</w>
            <w x="1332">he</w>
            <w x="1446">spake:</w>
        </line>
    </div>
    <div id="7" group="2" x="513" y="1954" width="851" height="135" type="annotation"
        type2="dottedxmark" attribution="HM" sealts="277_1_1.222" section="10">
        <line n="1" h="67" c="1988">
            <w x="637">"Once</w>
            <w x="705">a</w>
            <w x="867">traitor,</w>
            <w x="968">thou</w>
            <w x="1138">
                <choice>
                    <orig>betrayest</orig>
                    <reg>betray</reg>
                </choice>
            </w>
            <w x="1212">no</w>
            <w x="1362">more"</w>
        </line>
        <line n="2" h="67" c="2055">
            <blank x="1231"/>
            <w x="1346">Pope.</w>
        </line>
    </div>
</body>
