<body>
	<div id="2" group="1" x="309" y="1245" width="755" height="104" type="checkmark"
		attribution="HM" sealts="277_1_b45" mode="commentary" section="frontverse">
		<line n="9" h="52" c="1271">
			<w x="367">All</w>
			<w x="427">his</w>
			<w x="578">affections</w>
			<w x="673">stand</w>
			<w x="764">about</w>
			<w x="833">him</w>
			<w x="920">bare,</w>
		</line>
		<line n="10" h="52" c="1323">
			<w x="401">That</w>
			<w x="453">by</w>
			<w x="504">his</w>
			<w x="607">power</w>
			<w x="676">can</w>
			<w x="753">send</w>
			<w x="797">to</w>
			<w x="902">Tower</w>
			<w x="971">and</w>
			<w x="1055">death</w>
		</line>
	</div>
	<div id="3" group="2" x="314" y="1350" width="323" height="45" type="underline" attribution="HM"
		sealts="277_1_b45" mode="commentary" section="frontverse">
		<line n="11" h="45" c="1372">
			<blank x="673"/>
			<w x="864">marshalling</w>
			<w x="991">beneath</w>
		</line>
		<line n="12" h="58" c="1417">
			<w x="385">His</w>
			<w x="489">justice</w>
			<w x="547">his</w>
			<w x="635">mere</w>
			<w x="702">will,</w>
		</line>
	</div>
</body>
