<body>
	<div id="2" group="1" x="505" y="592" width="1069" height="199" type="score" attribution="HM"
		sealts="277_2_2.042" section="14">
		<line c="625" h="40" n="7">
			<w x="554">Of</w>
			<w x="658">travail</w>
			<w x="734">with</w>
			<w x="800">me,</w>
			<w x="873">that</w>
			<w x="958">must</w>
			<w x="1040">draw</w>
			<w x="1101">my</w>
			<w x="1197">coach</w>
			<w x="1329">through</w>
			<w x="1419">earth</w>
			<w x="1486">and</w>
			<w x="1568">seas.</w>
		</line>
		<line c="674" h="41" n="8">
			<w x="614">Whose</w>
			<w x="815">
				<choice>
					<orig>far-intended</orig>
					<reg>far intended</reg>
					<reg>far</reg>
					<reg>intended</reg>
				</choice>
			</w>
			<w x="917">reach,</w>
			<w x="1046">respect,</w>
			<w x="1115">and</w>
			<w x="1189">care</w>
			<w x="1251">not</w>
			<w x="1291">to</w>
			<w x="1437">displease</w>
		</line>
		<line c="723" h="40" n="9">
			<w x="574">Thy</w>
			<w x="692">graces,</w>
			<w x="784">made</w>
			<w x="841">me</w>
			<w x="902">not</w>
			<w x="1039">attempt,</w>
			<w x="1165">without</w>
			<w x="1228">thy</w>
			<w x="1366">gracious</w>
			<w x="1482">leave."</w>
		</line>
		<line c="772" h="39" n="10">
			<w x="611">The</w>
			<w x="883">
				<choice>
					<orig>cloud-compelling</orig>
					<reg>cloud compelling</reg>
					<reg>cloud</reg>
					<reg>compelling</reg>
				</choice>
			</w>
			<w x="959">God</w>
			<w x="1021">her</w>
			<w x="1108">guile</w>
			<w x="1151">in</w>
			<w x="1218">this</w>
			<w x="1287">sort</w>
			<w x="1348">did</w>
			<w x="1479">receive:</w>
		</line>
	</div>
</body>
