<body>
	<div id="2" group="1" x="209" y="903" width="1072" height="206" type="wavyscore"
		attribution="HM" sealts="277_1_1.139" section="6">
		<line c="933" h="44" n="13">
			<w x="293">Fear</w>
			<w x="335">in</w>
			<w x="396">my</w>
			<w x="510">powers</w>
			<w x="551">to</w>
			<w x="634">fight</w>
			<w x="712">with</w>
			<w x="836">heaven.</w>
			<w x="944">But,</w>
			<w x="983">if</w>
			<w x="1038">the</w>
			<w x="1129">fruits</w>
			<w x="1173">of</w>
			<w x="1260">earth</w>
		</line>
		<line c="982" h="46" n="14">
			<w x="342">Nourish</w>
			<w x="404">thy</w>
			<w x="497">body,</w>
			<w x="567">and</w>
			<w x="629">thy</w>
			<w x="687">life</w>
			<w x="734">be</w>
			<w x="779">of</w>
			<w x="838">our</w>
			<w x="952">human</w>
			<w x="1047">birth,</w>
		</line>
		<line c="1034" h="51" n="15">
			<w x="306">Come</w>
			<w x="393">near,</w>
			<w x="468">that</w>
			<w x="546">thou</w>
			<w x="649">mayst</w>
			<w x="727">soon</w>
			<w x="827">arrive</w>
			<w x="877">on</w>
			<w x="949">that</w>
			<w x="1165">
				<choice>
					<orig>life-bounding</orig>
					<reg>life bounding</reg>
					<reg>life</reg>
					<reg>bounding</reg>
				</choice>
			</w>
			<w x="1265">shore,</w>
		</line>
		<line c="1084" h="50" n="16">
			<w x="261">To</w>
			<w x="362">which</w>
			<w x="392">I</w>
			<w x="450">see</w>
			<w x="526">thee</w>
			<w x="615">
				<choice>
					<orig>hoise</orig>
					<reg>hoist</reg>
				</choice>
			</w>
			<w x="695">such</w>
			<w x="787">sail."</w>
			<w x="938">"Why</w>
			<w x="1011">dost</w>
			<w x="1089">thou</w>
			<w x="1131">so</w>
			<w x="1281">explore,"</w>
		</line>
	</div>
	<div id="3" group="2" x="213" y="1151" width="1100" height="395" type="wavyscore"
		attribution="HM" sealts="277_1_1.139" section="6">
		<line c="1180" h="44" n="18">
			<w x="279">The</w>
			<w x="354">race</w>
			<w x="399">of</w>
			<w x="473">man</w>
			<w x="518">is,</w>
			<w x="592">that</w>
			<w x="728">deserves</w>
			<w x="777">no</w>
			<w x="930">question;</w>
			<w x="1003">nor</w>
			<w x="1132">receives</w>
		</line>
		<line c="1226" h="41" n="19">
			<w x="270">My</w>
			<w x="367">being</w>
			<w x="434">any</w>
			<w x="525">other</w>
			<w x="655">breath?</w>
			<w x="746">The</w>
			<w x="831">wind</w>
			<w x="874">in</w>
			<w x="1000">autumn</w>
			<w x="1106">
				<choice>
					<orig>strows</orig>
					<reg>strews</reg>
				</choice>
			</w>
		</line>
		<line c="1279" h="47" n="20">
			<w x="278">The</w>
			<w x="369">earth</w>
			<w x="446">with</w>
			<w x="505">old</w>
			<w x="616">leaves,</w>
			<w x="696">then</w>
			<w x="756">the</w>
			<w x="865">spring</w>
			<w x="924">the</w>
			<w x="1023">woods</w>
			<w x="1101">with</w>
			<w x="1175">new</w>
			<w x="1308">endows;</w>
		</line>
		<line c="1330" h="48" n="21">
			<w x="283">And</w>
			<w x="326">so</w>
			<w x="421">death</w>
			<w x="545">scatters</w>
			<w x="622">men</w>
			<w x="672">on</w>
			<w x="771">earth,</w>
			<w x="815">so</w>
			<w x="875">life</w>
			<w x="950">puts</w>
			<w x="1010">out</w>
			<w x="1106">again</w>
		</line>
		<line c="1377" h="47" n="22">
			<w x="309">Man's</w>
			<w x="400">
				<choice>
					<orig>leavy</orig>
					<reg>leafy</reg>
				</choice>
			</w>
			<w x="492">issue.</w>
			<w x="592">But</w>
			<w x="652">my</w>
			<w x="736">race,</w>
			<w x="780">if,</w>
			<w x="849">like</w>
			<w x="909">the</w>
			<w x="1015">course</w>
			<w x="1060">of</w>
			<w x="1142">men,</w>
		</line>
		<line c="1428" h="48" n="23">
			<w x="295">Thou</w>
			<w x="409">
				<choice>
					<orig>seek'st</orig>
					<reg>seek</reg>
				</choice>
			</w>
			<w x="450">in</w>
			<w x="538">more</w>
			<w x="697">particular</w>
			<w x="802">terms,</w>
			<w x="861">
				<choice>
					<orig>'tis</orig>
					<reg>it is</reg>
					<reg>it</reg>
					<reg>is</reg>
				</choice>
			</w>
			<w x="936">this,</w>
			<w x="979">to</w>
			<w x="1075">many</w>
			<w x="1200">known:</w>
		</line>
		<line c="1477" h="45" n="24">
			<w x="290">In</w>
			<w x="386">midst</w>
			<w x="430">of</w>
			<w x="541">Argos,</w>
			<w x="637">nurse</w>
			<w x="682">of</w>
			<w x="779">horse,</w>
			<w x="870">there</w>
			<w x="976">stands</w>
			<w x="1007">a</w>
			<w x="1114">walled</w>
			<w x="1208">town,</w>
		</line>
		<line c="1526" h="45" n="25">
			<w x="336">Ephyre,</w>
			<w x="439">where</w>
			<w x="499">the</w>
			<w x="737">
				<choice>
					<orig>mansion-house</orig>
					<reg>mansion house</reg>
					<reg>mansion</reg>
					<reg>house</reg>
				</choice>
			</w>
			<w x="783">of</w>
			<w x="923">Sisyphus</w>
			<w x="984">did</w>
			<w x="1085">stand,</w>
		</line>
	</div>
</body>
