<body>
	<div id="2" group="1" x="192" y="762" width="1046" height="250" type="wavyscore"
		attribution="HM" sealts="277_1_1.135" section="6">
		<line c="792" h="50" n="10">
			<w x="236">In</w>
			<w x="301">fair</w>
			<w x="436">Arisba's</w>
			<w x="595">
				<choice>
					<orig>well-built</orig>
					<reg>well built</reg>
					<reg>well</reg>
					<reg>built</reg>
				</choice>
			</w>
			<w x="705">
				<choice>
					<orig>tow'rs.</orig>
					<reg>towers.</reg>
				</choice>
			</w>
			<w x="794">He</w>
			<w x="863">had</w>
			<w x="907">of</w>
			<w x="1013">wealth</w>
			<w x="1044">a</w>
			<w x="1125">well,</w>
		</line>
		<line c="842" h="51" n="11">
			<w x="265">And</w>
			<w x="324">yet</w>
			<w x="390">was</w>
			<w x="470">kind</w>
			<w x="538">and</w>
			<w x="693">bountiful,</w>
			<w x="742">he</w>
			<w x="843">would</w>
			<w x="873">a</w>
			<w x="1012">
				<choice>
					<orig>traveller</orig>
					<reg>traveler</reg>
				</choice>
			</w>
			<w x="1093">pray</w>
		</line>
		<line c="892" h="53" n="12">
			<w x="240">To</w>
			<w x="287">be</w>
			<w x="342">his</w>
			<w x="445">guest,</w>
			<w x="501">his</w>
			<w x="632">friendly</w>
			<w x="729">house</w>
			<w x="820">stood</w>
			<w x="862">in</w>
			<w x="921">the</w>
			<w x="1019">broad</w>
			<w x="1169">highway,</w>
		</line>
		<line c="938" h="45" n="13">
			<w x="233">In</w>
			<w x="333">which</w>
			<w x="381">he</w>
			<w x="430">all</w>
			<w x="511">sorts</w>
			<w x="608">nobly</w>
			<w x="690">us'd,</w>
			<w x="751">yet</w>
			<w x="834">none</w>
			<w x="879">of</w>
			<w x="965">them</w>
			<w x="1066">would</w>
			<w x="1159">stand</w>
		</line>
		<line c="986" h="45" n="14">
			<w x="295">
				<choice>
					<orig>'Twixt</orig>
					<reg>Betwixt</reg>
					<reg>Between</reg>
				</choice>
			</w>
			<w x="364">him</w>
			<w x="433">and</w>
			<w x="537">death,</w>
			<w x="600">but</w>
			<w x="678">both</w>
			<w x="809">himself,</w>
			<w x="878">and</w>
			<w x="926">he</w>
			<w x="999">that</w>
			<w x="1066">had</w>
			<w x="1224">command</w>
		</line>
	</div>
</body>
