<body>
	<div id="2" group="1" x="539" y="1629" width="1020" height="59" type="checkmark"
		attribution="HM" sealts="277_1_1.020" section="1">
		<line n="28" h="59" c="1659">
			<w x="627">That</w>
			<w x="717">spoils</w>
			<w x="788">our</w>
			<w x="932">banquet.</w>
			<div id="3" group="1" x="950" y="1630" width="620" height="61" type="underline"
				attribution="HM" sealts="277_1_1.020" section="1">
				<w x="1119">Evermore</w>
				<w x="1205">worst</w>
				<w x="1328">matters</w>
				<w x="1400">put</w>
				<w x="1488">down</w>
				<w x="1563">best.</w>
			</div>
		</line>
	</div>
</body>
