<body>
	<div id="2" group="1" x="296" y="772" width="1236" height="1512" type="brokenscore"
		sealts="358b_1_1.031" work="pl" section="pl1" attribution="HM">
		<line c="816" h="67" n="5">
			<w x="426">Nigh</w>
			<w x="499">on</w>
			<w x="590">the</w>
			<w x="722">plain</w>
			<w x="785">in</w>
			<w x="931">many</w>
			<w x="1053">cells</w>
			<w x="1274">
				<choice>
					<orig>prepar'd,</orig>
					<reg>prepared,</reg>
				</choice>
			</w>
		</line>
		<line c="887" h="65" n="6">
			<w x="429">That</w>
			<w x="705">underneath</w>
			<w x="806">had</w>
			<w x="941">veins</w>
			<w x="1012">of</w>
			<w x="1154">liquid</w>
			<w x="1247">fire</w>
		</line>
		<line c="955" h="60" n="7">
			<w x="470">
				<choice>
					<orig>Sluic'd</orig>
					<reg>Sluiced</reg>
				</choice>
			</w>
			<w x="594">from</w>
			<w x="685">the</w>
			<w x="815">lake,</w>
			<w x="867">a</w>
			<w x="1042">second</w>
			<w x="1284">multitude</w>
		</line>
		<line c="1030" h="69" n="8">
			<w x="427">With</w>
			<w x="682">
				<choice>
					<orig>wond'rous</orig>
					<reg>wounderous</reg>
				</choice>
			</w>
			<w x="766">art</w>
			<w x="967">founded</w>
			<w x="1059">the</w>
			<w x="1219">massy</w>
			<w x="1324">ore,</w>
		</line>
		<line c="1097" h="60" n="9">
			<w x="511">Severing</w>
			<w x="636">each</w>
			<w x="768">kind,</w>
			<w x="874">and</w>
			<w x="1096">
				<choice>
					<orig>scumm'd</orig>
					<reg>scummed</reg>
				</choice>
			</w>
			<w x="1189">the</w>
			<w x="1368">bullion</w>
			<w x="1519">dross.</w>
		</line>
		<line c="1172" h="67" n="10">
			<w x="347">A</w>
			<w x="476">third</w>
			<w x="541">as</w>
			<w x="663">soon</w>
			<w x="764">had</w>
			<w x="934">
				<choice>
					<orig>form'd</orig>
					<reg>formed</reg>
				</choice>
			</w>
			<w x="1101">within</w>
			<w x="1193">the</w>
			<w x="1373">ground</w>
		</line>
		<line c="1242" h="66" n="11">
			<w x="346">A</w>
			<w x="527">various</w>
			<w x="702">
				<choice>
					<orig>mould</orig>
					<reg>mold</reg>
				</choice>
			</w>
			<w x="809">and</w>
			<w x="936">from</w>
			<w x="1026">the</w>
			<w x="1203">boiling</w>
			<w x="1327">cells</w>
		</line>
		<line c="1309" h="61" n="12">
			<w x="375">By</w>
			<w x="559">strange</w>
			<w x="844">conveyance</w>
			<w x="968">
				<choice>
					<orig>fill'd</orig>
					<reg>filled</reg>
				</choice>
			</w>
			<w x="1093">each</w>
			<w x="1268">hollow</w>
			<w x="1426">nook:</w>
		</line>
		<line c="1381" h="58" n="13">
			<w x="365">As</w>
			<w x="428">in</w>
			<w x="502">an</w>
			<w x="651">organ</w>
			<w x="777">from</w>
			<w x="876">one</w>
			<w x="1006">blast</w>
			<w x="1074">of</w>
			<w x="1202">wind</w>
		</line>
		<line c="1452" h="61" n="14">
			<w x="376">To</w>
			<w x="520">many</w>
			<w x="566">a</w>
			<w x="672">row</w>
			<w x="742">of</w>
			<w x="873">pipes</w>
			<w x="965">the</w>
			<w x="1266">
				<choice>
					<orig>sound-board</orig>
					<reg>soundboard</reg>
					<reg>sound</reg>
					<reg>board</reg>
				</choice>
			</w>
			<w x="1491">breathes.</w>
		</line>
		<line c="1526" h="63" n="15">
			<w x="427">Anon</w>
			<w x="520">out</w>
			<w x="587">of</w>
			<w x="673">the</w>
			<w x="812">earth</w>
			<w x="858">a</w>
			<w x="1005">fabric</w>
			<w x="1137">huge</w>
		</line>
		<line c="1593" h="56" n="16">
			<div id="3" group="2" x="298" y="1548" width="980" height="80" type="score"
				sealts="358b_1_1.031" work="pl" section="pl1" attribution="HM">
				<div id="4" group="2" x="300" y="1540" width="596" height="88" type="underline"
					sealts="358b_1_1.031" work="pl" section="pl1" attribution="HM">
					<w x="454">Rose,</w>
					<w x="560">like</w>
					<w x="634">an</w>
					<w x="888">exhalation,</w>
				</div>
				<w x="1028">with</w>
				<w x="1126">the</w>
				<w x="1262">sound</w>
			</div>
		</line>
		<line c="1666" h="60" n="17">
			<w x="367">Of</w>
			<w x="523">dulcet</w>
			<w x="809">symphonies</w>
			<w x="911">and</w>
			<w x="1069">voices</w>
			<w x="1236">sweet,</w>
		</line>
		<line c="1737" h="61" n="18">
			<w x="420">Built</w>
			<w x="523">like</w>
			<w x="570">a</w>
			<w x="761">temple,</w>
			<w x="928">where</w>
			<w x="1139">pilasters</w>
			<w x="1292">round</w>
		</line>
		<line c="1807" h="60" n="19">
			<w x="425">Were</w>
			<w x="525">set,</w>
			<w x="630">and</w>
			<w x="781">Doric</w>
			<w x="940">pillars</w>
			<w x="1143">overlaid</w>
		</line>
		<line c="1878" h="58" n="20">
			<w x="417">With</w>
			<w x="590">golden</w>
			<w x="865">architrave;</w>
			<w x="972">nor</w>
			<w x="1063">did</w>
			<w x="1201">there</w>
			<w x="1339">want</w>
		</line>
		<line c="1953" h="66" n="21">
			<w x="477">Cornice</w>
			<w x="544">or</w>
			<w x="694">frieze</w>
			<w x="830">with</w>
			<w x="975">bossy</w>
			<w x="1228">sculptures</w>
			<w x="1416">
				<choice>
					<orig>grav'n;</orig>
					<reg>graven;</reg>
				</choice>
			</w>
		</line>
		<line c="2023" h="67" n="22">
			<w x="394">The</w>
			<w x="510">roof</w>
			<w x="614">was</w>
			<w x="789">fretted</w>
			<w x="922">gold.</w>
			<w x="1074">Not</w>
			<w x="1302">Babylon,</w>
		</line>
		<line c="2094" h="64" n="23">
			<w x="386">Nor</w>
			<w x="524">great</w>
			<w x="712">Alcairo</w>
			<w x="837">such</w>
			<w x="1157">magnificence</w>
		</line>
		<line c="2164" h="63" n="24">
			<w x="493">
				<choice>
					<orig>Equall'd</orig>
					<reg>Equalled</reg>
				</choice>
			</w>
			<w x="556">in</w>
			<w x="631">all</w>
			<w x="760">their</w>
			<w x="943">glories,</w>
			<w x="1010">to</w>
			<w x="1211">inshrine</w>
		</line>
		<line c="2236" h="65" n="25">
			<w x="427">Belus</w>
			<w x="495">or</w>
			<w x="684">Serapis</w>
			<w x="812">their</w>
			<w x="958">gods,</w>
			<w x="1035">or</w>
			<w x="1146">seat</w>
		</line>
	</div>
</body>
