<body>
	<div id="2" group="1" x="592" y="2055" width="981" height="143" type="score2"
		sealts="358b_1_1.162" work="pl" section="pl5" attribution="HM">
		<line c="2096" h="63" n="23">
			<w x="719">Lest</w>
			<w x="920">
				<choice>
					<orig>wilfully</orig>
					<reg>willfully</reg>
				</choice>
			</w>
			<w x="1253">transgressing</w>
			<w x="1327">he</w>
			<w x="1529">pretend</w>
		</line>
		<line c="2169" h="58" n="24">
			<w x="837">Surprisal,</w>
			<w x="1202">
				<choice>
					<orig>unadmonish'd,</orig>
					<reg>unadmonished,</reg>
				</choice>
			</w>
			<w x="1554">
				<choice>
					<orig>unforewarn'd.</orig>
					<reg>unforewarned.</reg>
				</choice>
			</w>
		</line>
	</div>
</body>
