<body>
	<div id="2" group="1" x="602" y="704" width="758" height="74" type="checkmark"
		sealts="358b_1_1.272" work="pl" section="pl8" attribution="HM">
		<line c="743" h="52" n="4">
			<w x="852">Elaborate,</w>
			<w x="925">of</w>
			<w x="1098">inward</w>
			<w x="1200">less</w>
			<w x="1355">exact.</w>
		</line>
	</div>
	<div id="3" group="2" x="578" y="1550" width="1100" height="299" type="score"
		sealts="358b_1_1.272" work="pl" section="pl8" attribution="HM">
		<line c="1599" h="65" n="16">
			<w x="675">All</w>
			<w x="842">higher</w>
			<w x="1112">knowledge</w>
			<w x="1175">in</w>
			<w x="1269">her</w>
			<w x="1489">presence</w>
			<w x="1610">falls</w>
		</line>
		<line c="1665" h="59" n="17">
			<w x="842">Degraded,</w>
			<w x="1040">wisdom</w>
			<w x="1103">in</w>
			<w x="1332">discourse</w>
			<w x="1457">with</w>
			<w x="1552">her</w>
		</line>
		<line c="1743" h="70" n="18">
			<w x="738">Loses</w>
			<w x="1139">
				<choice>
					<orig>discountenanc'd,</orig>
					<reg>discountenanced,</reg>
				</choice>
			</w>
			<w x="1244">and</w>
			<w x="1348">like</w>
			<w x="1474">folly</w>
			<w x="1659">shows:</w>
		</line>
		<line c="1811" h="63" n="19">
			<w x="826">Authority</w>
			<w x="929">and</w>
			<w x="1096">reason</w>
			<w x="1172">on</w>
			<w x="1266">her</w>
			<w x="1400">wait,</w>
		</line>
	</div>
</body>
