<body>
	<div id="2" group="1" x="590" y="968" width="1289" height="726" type="score"
		sealts="358b_1_b100" mode="commentary" section="life" attribution="HM">
		<line c="1005" h="57" n="8">
			<w x="704">latter</w>
			<w x="796">part</w>
			<w x="854">of</w>
			<w x="926">his</w>
			<w x="1014">life,</w>
			<w x="1161">Milton</w>
			<w x="1383">frequented</w>
			<w x="1446">no</w>
			<w x="1563">place</w>
			<w x="1622">of</w>
			<w x="1751">public</w>
			<w x="1855">
				<choice>
					<hyph>wor-</hyph>
					<reg>worship</reg>
				</choice>
			</w>
		</line>
		<line c="1065" h="58" n="9">
			<w x="699" endhyph="true">ship;</w>
			<w x="796">and</w>
			<w x="944">Bishop</w>
			<w x="1112">Newton</w>
			<w x="1193">has</w>
			<w x="1313">given</w>
			<w x="1468">various</w>
			<w x="1707">conjectures</w>
			<w x="1770">on</w>
			<w x="1855">the</w>
		</line>
		<line c="1125" h="58" n="10">
			<w x="749">subject.</w>
			<w x="834">It</w>
			<w x="954">must,</w>
			<w x="1152">however,</w>
			<w x="1221">be</w>
			<w x="1488">remembered</w>
			<w x="1590">that</w>
			<w x="1659">he</w>
			<w x="1756">was</w>
			<w x="1856">old,</w>
		</line>
		<line c="1183" h="55" n="11">
			<w x="713">blind,</w>
			<w x="810">and</w>
			<w x="963">infirm;</w>
			<w x="1066">that</w>
			<w x="1139">he</w>
			<w x="1236">/was</w>
			<w x="1387">hostile</w>
			<w x="1449">to</w>
			<w x="1537">the</w>
			<w x="1711">Liturgy</w>
			<w x="1779">of</w>
			<w x="1857">the</w>
		</line>
		<line c="1242" h="49" n="12">
			<w x="817">established</w>
			<w x="981">church,</w>
			<w x="1069">and</w>
			<w x="1122">at</w>
			<w x="1197">the</w>
			<w x="1311">same</w>
			<w x="1421">time</w>
			<w x="1510">not</w>
			<w x="1700">attached</w>
			<w x="1763">to</w>
			<w x="1857">any</w>
		</line>
		<line c="1304" h="58" n="13">
			<w x="795">particular</w>
			<w x="906">sect;</w>
			<w x="1007">that</w>
			<w x="1068">he</w>
			<w x="1165">had</w>
			<w x="1375">decidedly</w>
			<w x="1462">and</w>
			<w x="1540">for</w>
			<w x="1647">ever</w>
			<w x="1858">separated</w>
		</line>
		<line c="1363" h="53" n="14">
			<w x="695">from</w>
			<w x="771">the</w>
			<w x="1052">Presbyterians;</w>
			<w x="1176">that</w>
			<w x="1243">he</w>
			<w x="1368">never</w>
			<w x="1589">frequented</w>
			<w x="1667">the</w>
			<w x="1859">churches</w>
		</line>
		<line c="1422" h="56" n="15">
			<w x="648">of</w>
			<w x="724">the</w>
			<w x="1013">Independents;</w>
			<w x="1166">and</w>
			<w x="1266">that</w>
			<w x="1345">his</w>
			<w x="1516">allowed</w>
			<w x="1668">liberty</w>
			<w x="1726">of</w>
			<w x="1860">belief</w>
		</line>
		<line c="1482" h="55" n="16">
			<w x="727">hardly</w>
			<w x="921">consisted</w>
			<w x="1022">with</w>
			<w x="1098">the</w>
			<w x="1229">tenets</w>
			<w x="1286">of</w>
			<w x="1373">any</w>
			<w x="1579">particular</w>
			<w x="1692">sect:</w>
			<w x="1782">but</w>
			<w x="1859">we</w>
		</line>
		<line c="1540" h="52" n="17">
			<w x="663">are</w>
			<w x="751">told</w>
			<w x="844">that</w>
			<w x="904">he</w>
			<w x="1027">never</w>
			<w x="1169">passed</w>
			<w x="1213">a</w>
			<w x="1306">day</w>
			<w x="1470">without</w>
			<w x="1627">private</w>
			<w x="1859">meditation</w>
		</line>
		<line c="1602" h="54" n="18">
			<w x="674">and</w>
			<w x="792">study</w>
			<w x="851">of</w>
			<w x="928">the</w>
			<w x="1156">Scriptures,</w>
			<w x="1245">and</w>
			<w x="1338">that</w>
			<w x="1482">some</w>
			<w x="1595">parts</w>
			<w x="1653">of</w>
			<w x="1723">his</w>
			<w x="1860">family</w>
		</line>
		<line c="1662" h="54" n="19">
			<w x="808">frequented</w>
			<w x="885">the</w>
			<w x="1022">offices</w>
			<w x="1080">of</w>
			<w x="1217">public</w>
			<w x="1367">prayer.</w>
			<w x="1597">Knowing</w>
			<w x="1669">his</w>
			<w x="1861">religious</w>
		</line>
	</div>
</body>
