<body>
	<div id="2" group="1" x="276" y="1454" width="626" height="80" type="underline"
		sealts="358b_1_1.255" work="pl" section="pl8" attribution="HM">
		<line c="1501" h="69" n="15">
			<blank x="638"/>
			<w x="870">Consider</w>
			<w x="998">first,</w>
			<w x="1116">that</w>
			<w x="1240">great</w>
		</line>
		<line c="1568" h="75" n="16">
			<w x="362">Or</w>
			<w x="528">bright</w>
			<w x="680">infers</w>
			<w x="772">not</w>
			<w x="1052">excellence:</w>
		</line>
	</div>
</body>
