<body>
	<div id="2" group="1" x="324" y="1666" width="1294" height="120" type="score"
		sealts="358b_1_b091" mode="commentary" section="life" attribution="HM">
		<line c="1699" h="50" n="20">
			<w x="472">The</w>
			<w x="654">political</w>
			<w x="844">opinions</w>
			<w x="911">of</w>
			<w x="1059">Milton</w>
			<w x="1169">were</w>
			<w x="1297">those</w>
			<w x="1365">of</w>
			<w x="1406">a</w>
			<w x="1604">thorough</w>
		</line>
		<line c="1759" h="50" n="21">
			<w x="563">republican,</w>
			<w x="700">which</w>
			<w x="877">Johnson</w>
			<w x="1017">thinks</w>
			<w x="1106">was</w>
			<w x="1289">founded</w>
			<w x="1359">on</w>
			<w x="1432">an</w>
			<w x="1605">envious</w>
		</line>
	</div>
</body>
