<body>
	<div id="2" group="1" x="992" y="788" width="240" height="88" type="emended"
		sealts="358b_1_1.014" work="pl" section="pl1" attribution="HM">
		<line c="836" h="65" n="5">
			<w x="1214">
				<choice>
					<orig>ammiral,</orig>
					<reg>admiral</reg>
				</choice>
			</w>
		</line>
	</div>
	<div id="3" group="2" x="445" y="777" width="102" height="97" type="emendation"
		sealts="358b_1_1.014" work="pl" section="pl1" attribution="HM">
		<line n="1" h="97" c="825">
			<w x="542">d</w>
		</line>
	</div>
</body>
