<body>
	<div id="2" group="1" x="602" y="1064" width="1124" height="436" type="score"
		sealts="358b_1_1.204" work="pl" section="pl6" attribution="HM">
		<line c="1097" h="51" n="9">
			<w x="692">Far</w>
			<w x="931">otherwise</w>
			<w x="1013">
				<choice>
					<orig>th'</orig>
					<reg>the</reg>
				</choice>
			</w>
			<w x="1254">inviolable</w>
			<w x="1406">saints</w>
		</line>
		<line c="1179" h="59" n="10">
			<w x="660">In</w>
			<w x="798">cubic</w>
			<w x="997">phalanx</w>
			<w x="1107">firm</w>
			<w x="1329">
				<choice>
					<orig>advanc'd</orig>
					<reg>advanced</reg>
				</choice>
			</w>
			<w x="1494">entire,</w>
		</line>
		<line c="1251" h="58" n="11">
			<w x="911">Invulnerable,</w>
			<w x="1239">impenetrably</w>
			<w x="1416">
				<choice>
					<orig>arm'd:</orig>
					<reg>armed:</reg>
				</choice>
			</w>
		</line>
		<line c="1323" h="58" n="12">
			<w x="727">Such</w>
			<w x="847">high</w>
			<w x="1118">advantages</w>
			<w x="1246">their</w>
			<w x="1492">innocence</w>
		</line>
		<line c="1389" h="52" n="13">
			<w x="729">Gave</w>
			<w x="864">them</w>
			<w x="1016">above</w>
			<w x="1145">their</w>
			<w x="1267">foes,</w>
			<w x="1365">not</w>
			<w x="1429">to</w>
			<w x="1553">have</w>
			<w x="1725">
				<choice>
					<orig>sinn'd,</orig>
					<reg>sinned,</reg>
				</choice>
			</w>
		</line>
		<line c="1464" h="58" n="14">
			<w x="696">Not</w>
			<w x="759">to</w>
			<w x="882">have</w>
			<w x="1143">
				<choice>
					<orig>disobey'd;</orig>
					<reg>disobeyed;</reg>
				</choice>
			</w>
			<w x="1218">in</w>
			<w x="1344">fight</w>
			<w x="1466">they</w>
			<w x="1602">stood</w>
		</line>
	</div>
</body>
