<body>
	<div id="2" group="1" x="559" y="2054" width="1233" height="221" type="diagonalscore"
		sealts="358b_1_1.106" work="pl" section="pl3" attribution="HM">
		<line c="2092" h="80" n="23">
			<w x="667">And</w>
			<w x="763">oft,</w>
			<w x="948">though</w>
			<w x="1148">wisdom</w>
			<w x="1306">wake,</w>
			<w x="1541">suspicion</w>
			<w x="1701">sleeps</w>
		</line>
		<line c="2171" h="62" n="24">
			<w x="626">At</w>
			<w x="858">wisdom's</w>
			<w x="990">gate,</w>
			<w x="1096">and</w>
			<w x="1161">to</w>
			<w x="1408">simplicity</w>
		</line>
		<line c="2241" h="63" n="25">
			<w x="749">Resigns</w>
			<w x="845">her</w>
			<w x="1032">charge,</w>
			<w x="1184">while</w>
			<w x="1412">goodness</w>
			<w x="1576">thinks</w>
			<w x="1652">no</w>
			<w x="1711">ill</w>
		</line>
	</div>
	<div id="3" group="2" x="896" y="2352" width="428" height="70" type="underline"
		sealts="358b_1_1.106" work="pl" section="pl3" attribution="HM">
		<line c="2384" h="63" n="27">
			<w x="1068">regent</w>
			<w x="1136">of</w>
			<w x="1222">the</w>
			<w x="1320">sun,</w>
		</line>
	</div>
</body>
