<body>
	<div id="2" group="1" x="1374" y="1822" width="137" height="87" type="underline"
		sealts="358b_1_1.237" work="pl" section="pl7" attribution="HM">
		<line c="1877" h="72" n="20">
			<w x="1506">lights</w>
		</line>
	</div>
	<div id="3" group="2" x="812" y="2120" width="156" height="84" type="underline"
		sealts="358b_1_1.237" work="pl" section="pl7" attribution="HM">
		<line c="2166" h="65" n="24">
			<w x="965">lights</w>
		</line>
	</div>
	<div id="4" group="3" x="520" y="2278" width="126" height="68" type="underline"
		sealts="358b_1_1.237" work="pl" section="pl7" attribution="HM">
		<line c="2315" h="74" n="26">
			<w x="641">light</w>
		</line>
	</div>
	<div id="5" group="4" x="958" y="2334" width="140" height="80" type="underline"
		sealts="358b_1_1.237" work="pl" section="pl7" attribution="HM">
		<line c="2379" h="64" n="27">
			<w x="1108">lights</w>
		</line>
	</div>
</body>
