<body>
	<div id="2" group="1" x="260" y="776" width="938" height="230" type="hashmark"
		sealts="358b_1_1.017" work="pl" section="pl1" attribution="HM">
		<line c="830" h="63" n="5">
			<w x="350">By</w>
			<w x="545">falsities</w>
			<w x="648">and</w>
			<w x="745">lies</w>
			<w x="839">the</w>
			<w x="1048">greatest</w>
			<w x="1161">part</w>
		</line>
		<line c="902" h="62" n="6">
			<w x="346">Of</w>
			<w x="571">mankind</w>
			<w x="693">they</w>
			<w x="936">corrupted</w>
			<w x="1001">to</w>
			<w x="1188">forsake</w>
		</line>
		<line c="970" h="57" n="7">
			<w x="378">God</w>
			<w x="507">their</w>
			<w x="699">creator,</w>
			<w x="803">and</w>
			<w x="884">
				<choice>
					<orig>th'</orig>
					<reg>the</reg>
				</choice>
			</w>
			<w x="1095">invisible</w>
		</line>
	</div>
	<div id="2" group="1" x="1782" y="44" width="248" height="208" type="hashmark"
		sealts="358b_1_1.017" work="pl" section="pl1" attribution="HM"/>
</body>
