<body>
	<div id="2" group="1" x="592" y="966" width="1256" height="445" type="score"
		sealts="358b_1_1.318" work="pl" section="pl9" attribution="HM">
		<line c="951" h="59" n="7">
			<w x="695">But</w>
			<w x="862">fondly</w>
			<w x="1102">overcome</w>
			<w x="1230">with</w>
			<w x="1403">female</w>
			<w x="1582">charm.</w>
		</line>
		<line c="1016" h="87" n="8">
			<w x="740">Earth</w>
			<w x="967">trembled</w>
			<w x="1096">from</w>
			<w x="1192">her</w>
			<w x="1398">entrails,</w>
			<w x="1467">as</w>
			<w x="1613">again</w>
		</line>
		<line c="1090" h="81" n="9">
			<w x="653">In</w>
			<w x="814">pangs,</w>
			<w x="919">and</w>
			<w x="1104">Nature</w>
			<w x="1231">gave</w>
			<w x="1279">a</w>
			<w x="1456">second</w>
			<w x="1628">groan;</w>
		</line>
		<line c="1172" h="72" n="10">
			<w x="696">Sky</w>
			<w x="878">
				<choice>
					<orig>lowr'd,</orig>
					<reg>lowered,</reg>
				</choice>
			</w>
			<w x="997">and,</w>
			<w x="1241">
				<choice>
					<orig>mutt'ring</orig>
					<reg>muttering</reg>
				</choice>
			</w>
			<w x="1457">thunder,</w>
			<w x="1597">some</w>
			<w x="1696">sad</w>
			<w x="1842">drops</w>
		</line>
		<line c="1238" h="63" n="11">
			<w x="732">Wept</w>
			<w x="796">at</w>
			<w x="1075">completing</w>
			<w x="1145">of</w>
			<w x="1244">the</w>
			<w x="1418">mortal</w>
			<w x="1504">sin</w>
		</line>
		<line c="1313" h="66" n="12">
			<w x="820">Original;</w>
			<w x="982">while</w>
			<w x="1143">Adam</w>
			<w x="1268">took</w>
			<w x="1344">no</w>
			<w x="1560">thought,</w>
		</line>
		<line c="1380" h="58" n="13">
			<w x="760">Eating</w>
			<w x="845">his</w>
			<w x="947">fill;</w>
			<w x="1046">nor</w>
			<w x="1153">Eve</w>
			<w x="1220">to</w>
			<w x="1392">iterate</w>
		</line>
	</div>
</body>
