<body>
	<div id="2" group="1" x="634" y="2352" width="1132" height="156" type="score"
		sealts="358b_1_1.258" work="pl" section="pl8" attribution="HM">
		<line c="2394" h="57" n="27">
			<w x="737">And</w>
			<w x="873">freed</w>
			<w x="1001">from</w>
			<w x="1267">intricacies,</w>
			<w x="1438">taught</w>
			<w x="1503">to</w>
			<w x="1604">live</w>
		</line>
		<line c="2467" h="58" n="28">
			<w x="738">The</w>
			<w x="912">easiest</w>
			<w x="1041">way,</w>
			<w x="1137">nor</w>
			<w x="1262">with</w>
			<w x="1527">perplexing</w>
			<w x="1747">thoughts</w>
		</line>
	</div>
</body>
