<body>
	<div id="2" group="1" x="642" y="502" width="1268" height="295" type="score"
		sealts="358b_1_1.178" work="pl" section="pl5" attribution="HM">
		<line c="549" h="64" n="1">
			<w x="784">They</w>
			<w x="884">eat,</w>
			<w x="1006">they</w>
			<w x="1159">drink,</w>
			<w x="1264">and</w>
			<w x="1328">in</w>
			<w x="1616">communion</w>
			<w x="1771">sweet</w>
		</line>
		<line c="619" h="57" n="2">
			<w x="795">Quaff</w>
			<w x="1072">immortality</w>
			<w x="1172">and</w>
			<w x="1276">joy,</w>
			<w x="1444">secure</w>
		</line>
		<line c="690" h="61" n="3">
			<w x="723">Of</w>
			<w x="881">surfeit</w>
			<w x="1041">where</w>
			<w x="1137">full</w>
			<w x="1347">measure</w>
			<w x="1467">only</w>
			<w x="1648">bounds</w>
		</line>
		<line c="758" h="61" n="4">
			<w x="831">Excess,</w>
			<w x="991">before</w>
			<w x="1074">
				<choice>
					<orig>th'</orig>
					<reg>the</reg>
				</choice>
			</w>
			<w x="1406">
				<choice>
					<orig>all-bounteous</orig>
					<reg>all bounteous</reg>
					<reg>all</reg>
					<reg>bounteous</reg>
				</choice>
			</w>
			<w x="1553">King,</w>
			<w x="1675">who</w>
			<w x="1902">
				<choice>
					<orig>shower'd</orig>
					<reg>showered</reg>
				</choice>
			</w>
		</line>
	</div>
</body>
