<body>
	<div id="2" group="1" x="292" y="994" width="1044" height="82" type="xmark"
		sealts="358b_1_1.169" work="pl" section="pl5" attribution="HM">
		<line c="1037" h="58" n="8">
			<w x="343">No</w>
			<w x="482">fear</w>
			<w x="587">lest</w>
			<w x="757">dinner</w>
			<w x="887">cool,</w>
			<w x="1039">when</w>
			<w x="1160">thus</w>
			<w x="1322">began</w>
		</line>
	</div>
	<div id="3" group="2" x="282" y="1782" width="1152" height="150" type="checkmark" type2="score"
		erasure="true" sealts="358b_1_1.169" work="pl" section="pl5" attribution="HM">
		<line c="1827" h="61" n="19">
			<w x="344">No</w>
			<w x="623">ingrateful</w>
			<w x="771">food:</w>
			<w x="890">and</w>
			<w x="1012">food</w>
			<w x="1148">alike</w>
			<w x="1294">those</w>
			<w x="1419">pure</w>
		</line>
		<line c="1900" h="60" n="20">
			<w x="610">Intelligential</w>
			<w x="883">substances</w>
			<w x="1086">require,</w>
		</line>
	</div>
	<div id="4" group="3" x="282" y="2294" width="990" height="140" type="checkmark" type2="score"
		erasure="true" sealts="358b_1_1.169" work="pl" section="pl5" attribution="HM">
		<line c="2330" h="58" n="26">
			<w x="386">For</w>
			<w x="552">know,</w>
			<w x="797">whatever</w>
			<w x="909">was</w>
			<w x="1104">created</w>
			<w x="1259">needs</w>
		</line>
		<line c="2407" h="63" n="27">
			<w x="372">To</w>
			<w x="446">be</w>
			<w x="677">
				<choice>
					<orig>sustain'd</orig>
					<reg>sustained</reg>
				</choice>
			</w>
			<w x="783">and</w>
			<w x="898">fed;</w>
			<w x="983">of</w>
			<w x="1210">elements</w>
		</line>
	</div>
	<div id="5" group="4" x="325" y="2704" width="1646" height="317" type="annotation"
		erasure="true" sealts="358b_1_1.169" work="pl" section="pl5" attribution="HM">
		<line n="1" h="94" c="2842">
			<w x="523">There</w>
			<w x="653">is</w>
			<w x="814">no</w>
			<edit x="1963">four or five words</edit>
		</line>
		<line n="2" h="95" c="2961">
			<w x="445">in</w>
			<w x="638">these</w>
			<w x="855">days.</w>
		</line>
	</div>
	<div id="6" group="5" x="301" y="2993" width="1170" height="130" type="annotation"
		erasure="true" sealts="358b_1_1.169" work="pl" section="pl5" attribution="HM">
		<line n="1" h="130" c="3058">
			<edit x="1085">three words</edit>
			<w x="1467">albumen.</w>
		</line>
	</div>
</body>
