<body>
	<div id="2" group="1" x="278" y="1552" width="1272" height="570" type="score"
		sealts="358b_1_1.055" work="pl" section="pl2" attribution="HM">
		<line c="1593" h="57" n="16">
			<w x="360">As</w>
			<w x="507">when</w>
			<w x="635">from</w>
			<w x="873">mountain</w>
			<w x="986">tops</w>
			<w x="1080">the</w>
			<w x="1239">dusky</w>
			<w x="1404">clouds</w>
		</line>
		<line c="1665" h="58" n="17">
			<w x="554">Ascending,</w>
			<w x="707">while</w>
			<w x="802">the</w>
			<w x="945">north</w>
			<w x="1079">wind</w>
			<w x="1249">sleeps,</w>
			<w x="1507">
				<choice>
					<orig>o'erspread</orig>
					<reg>overspread</reg>
				</choice>
			</w>
		</line>
		<line c="1735" h="57" n="18">
			<w x="516">Heaven's</w>
			<w x="716">cheerful</w>
			<w x="844">face,</w>
			<w x="941">the</w>
			<w x="1153">
				<choice>
					<orig>low'ring</orig>
					<reg>lowering</reg>
				</choice>
			</w>
			<w x="1359">element</w>
		</line>
		<line c="1806" h="57" n="19">
			<w x="466">Scowls</w>
			<w x="574">
				<choice>
					<orig>o'er</orig>
					<reg>over</reg>
				</choice>
			</w>
			<w x="665">the</w>
			<w x="890">
				<choice>
					<orig>dark'ned</orig>
					<reg>darkened</reg>
				</choice>
			</w>
			<w x="1131">landscape</w>
			<w x="1284">snow,</w>
			<w x="1348">or</w>
			<w x="1545">
				<choice>
					<orig>show'r;</orig>
					<reg>shower;</reg>
				</choice>
			</w>
		</line>
		<line c="1871" h="45" n="20">
			<w x="345">If</w>
			<w x="526">chance</w>
			<w x="619">the</w>
			<w x="803">radiant</w>
			<w x="901">sun</w>
			<w x="1024">with</w>
			<w x="1232">farewell</w>
			<w x="1391">sweet</w>
		</line>
		<line c="1950" h="58" n="21">
			<w x="472">Extend</w>
			<w x="556">his</w>
			<w x="745">
				<choice>
					<orig>ev'ning</orig>
					<reg>evening</reg>
				</choice>
			</w>
			<w x="901">beam,</w>
			<w x="996">the</w>
			<w x="1137">fields</w>
			<w x="1307">revive,</w>
		</line>
		<line c="2021" h="58" n="22">
			<w x="396">The</w>
			<w x="529">birds</w>
			<w x="657">their</w>
			<w x="797">notes</w>
			<w x="974">renew,</w>
			<w x="1080">and</w>
			<w x="1286">bleating</w>
			<w x="1430">herds</w>
		</line>
		<line c="2093" h="58" n="23">
			<w x="443">Attest</w>
			<w x="571">their</w>
			<w x="675">joy,</w>
			<w x="789">that</w>
			<w x="882">hill</w>
			<w x="985">and</w>
			<w x="1142">valley</w>
			<w x="1288">rings.</w>
		</line>
	</div>
	<div id="3" group="2" x="298" y="2120" width="1022" height="150" type="diagonalscore3"
		sealts="358b_1_1.055" work="pl" section="pl2" attribution="HM">
		<line c="2156" h="43" n="24">
			<w x="340">O</w>
			<w x="505">shame</w>
			<w x="570">to</w>
			<w x="710">men!</w>
			<w x="854">devil</w>
			<w x="980">with</w>
			<w x="1108">devil</w>
			<w x="1300">
				<choice>
					<orig>damn'd</orig>
					<reg>damned</reg>
				</choice>
			</w>
		</line>
		<line c="2234" h="57" n="25">
			<w x="412">Firm</w>
			<w x="612">concord</w>
			<w x="772">holds;</w>
			<w x="885">men</w>
			<w x="1005">only</w>
			<w x="1214">disagree</w>
		</line>
	</div>
</body>
