<body>
	<div id="2" group="1" x="308" y="876" width="1122" height="226" type="arcedscore"
		sealts="358b_1_1.027" work="pl" section="pl1" attribution="HM">
		<div id="3" group="1" x="332" y="878" width="963" height="83" type="diagonalscore"
			sealts="358b_1_1.027" work="pl" section="pl1" attribution="HM">
			<line c="932" h="77" n="6">
				<w x="511">Waiting</w>
				<w x="729">revenge:</w>
			</line>
			<div id="4" group="1" x="326" y="878" width="530" height="78" type="underline"
				sealts="358b_1_1.027" work="pl" section="pl1" attribution="HM">
				<line c="932" h="77" n="6">
					<blank x="768"/>
					<w x="900">cruel</w>
					<w x="978">his</w>
					<w x="1096">eye,</w>
					<w x="1194">but</w>
					<w x="1286">cast</w>
				</line>
				<line c="998" h="66" n="7">
					<w x="464">Signs</w>
					<w x="534">of</w>
					<w x="730">remorse</w>
					<w x="840">and</w>
					<w x="1018">passion</w>
					<w x="1090">to</w>
					<w x="1250">behold</w>
				</line>
			</div>
		</div>
		<line c="1061" h="66" n="8">
			<w x="421">The</w>
			<w x="617">fellows</w>
			<w x="676">of</w>
			<w x="729">his</w>
			<w x="870">crime,</w>
			<w x="1007">the</w>
			<w x="1237">followers</w>
			<w x="1409">rather,</w>
		</line>
	</div>
</body>
