<body>
	<div id="2" group="1" x="560" y="1386" width="1118" height="667" type="score"
		sealts="358b_1_1.328" work="pl" section="pl10" attribution="HM">
		<line c="1503" h="56" n="15">
			<w x="639">On</w>
			<w x="723">his</w>
			<w x="826">bad</w>
			<w x="1019">errand;</w>
			<w x="1142">man</w>
			<w x="1306">should</w>
			<w x="1381">be</w>
			<w x="1579">
				<choice>
					<orig>seduc'd</orig>
					<reg>seduced</reg>
				</choice>
			</w>
		</line>
		<line c="1577" h="61" n="16">
			<w x="662">And</w>
			<w x="868">
				<choice>
					<orig>flatter'd</orig>
					<reg>flattered</reg>
				</choice>
			</w>
			<w x="965">out</w>
			<w x="1035">of</w>
			<w x="1128">all,</w>
			<w x="1364">believing</w>
			<w x="1464">lies</w>
		</line>
		<line c="1646" h="57" n="17">
			<w x="745">Against</w>
			<w x="829">his</w>
			<w x="1033">Maker;</w>
			<w x="1124">no</w>
			<w x="1296">decree</w>
			<w x="1370">of</w>
			<w x="1509">mine</w>
		</line>
		<line c="1718" h="60" n="18">
			<w x="829">Concurring</w>
			<w x="895">to</w>
			<w x="1174">necessitate</w>
			<w x="1262">his</w>
			<w x="1371">fall,</w>
		</line>
		<line c="1791" h="61" n="19">
			<w x="628">Or</w>
			<w x="777">touch</w>
			<w x="904">with</w>
			<w x="1102">lightest</w>
			<w x="1313">moment</w>
			<w x="1384">of</w>
			<w x="1590">impulse</w>
		</line>
		<line c="1863" h="62" n="20">
			<w x="647">His</w>
			<w x="756">free</w>
			<w x="880">will,</w>
			<w x="949">to</w>
			<w x="1045">her</w>
			<w x="1164">own</w>
			<w x="1390">inclining</w>
			<w x="1489">left</w>
		</line>
		<line c="1930" h="55" n="21">
			<w x="611">In</w>
			<w x="739">even</w>
			<w x="888">scale.</w>
			<w x="1042">But</w>
			<w x="1189">fallen</w>
			<w x="1256">he</w>
			<w x="1338">is;</w>
			<w x="1454">and</w>
			<w x="1575">now</w>
		</line>
		<line c="2006" h="63" n="22">
			<w x="690">What</w>
			<w x="832">rests,</w>
			<w x="932">but</w>
			<w x="1046">that</w>
			<w x="1140">the</w>
			<w x="1314">mortal</w>
			<w x="1540">sentence</w>
			<w x="1660">pass</w>
		</line>
	</div>
	<div id="3" group="2" x="106" y="2604" width="1976" height="684" type="annotation"
		sealts="358b_1_1.328" work="pl" section="pl10" attribution="HM">
		<line n="1" h="96" c="2680">
			<w x="576">All</w>
			<w x="948">Milton's</w>
			<w x="1230">strength</w>
			<w x="1318">&amp;</w>
			<w x="1614">rhetoric</w>
			<w x="1912">suffice</w>
			<w x="2060">not</w>
		</line>
		<line n="2" h="97" c="2774">
			<w x="490">to</w>
			<w x="744">satisfy,</w>
			<w x="1056">concerning</w>
			<w x="1208">this</w>
			<w x="1442">matter</w>
			<w x="1516">&#8212;</w>
			<w x="1932">
				<choice>
					<orig>free-will.</orig>
					<reg>free will.</reg>
					<reg>free</reg>
					<reg>will.</reg>
				</choice>
			</w>
		</line>
		<line n="3" h="96" c="2862">
			<w x="762">Doubtless,</w>
			<w x="864">he</w>
			<w x="1108">must</w>
			<w x="1358">have</w>
			<w x="1532">felt</w>
			<w x="1680">it</w>
			<w x="1980">himself;</w>
		</line>
		<line n="4" h="96" c="2970">
			<w x="466">&amp;</w>
			<w x="704">looked</w>
			<w x="898">upon</w>
			<w x="990">it</w>
			<w x="1096">as</w>
			<w x="1228">the</w>
			<w x="1424">one</w>
			<w x="1632">great</w>
			<w x="2066">unavoidable</w>
		</line>
		<line n="5" h="96" c="3060">
			<w x="272">flaw</w>
			<w x="356">in</w>
			<w x="462">his</w>
			<w x="714">work.</w>
			<w x="894">But,</w>
			<w x="1158">indeed,</w>
			<w x="1352">God's</w>
			<w x="1646">alleged</w>
			<w x="2074">omnipotence</w>
		</line>
		<line n="6" h="97" c="3130">
			<w x="174">&amp;</w>
			<w x="582">foreknowledge,</w>
			<w x="750">are</w>
			<w x="1122">insuperable</w>
			<w x="1322">bars</w>
			<w x="1440">to</w>
			<w x="1582">his</w>
			<w x="1790">being</w>
			<w x="2010">made</w>
		</line>
		<line n="7" h="95" c="3224">
			<w x="266">an</w>
			<w x="468">actor</w>
			<w x="604">in</w>
			<w x="802">any</w>
			<w x="1132">drama,</w>
			<w x="1476">imagined.</w>
		</line>
	</div>
</body>
