<body>
	<div id="2" group="1" x="626" y="1350" width="1130" height="154" type="checkmark"
		sealts="358b_1_1.180" work="pl" section="pl5" attribution="HM">
		<line c="1399" h="58" n="13">
			<w x="763">Now</w>
			<w x="848">ere</w>
			<w x="956">dim</w>
			<w x="1100">night</w>
			<w x="1203">had</w>
			<w x="1553">
				<choice>
					<orig>disincumber'd</orig>
					<reg>disincumbered</reg>
				</choice>
			</w>
			<w x="1751">heaven,</w>
		</line>
		<line c="1472" h="65" n="14">
			<div id="3" group="1" x="760" y="1428" width="610" height="76" type="underline"
				sealts="358b_1_1.180" work="pl" section="pl5" attribution="HM">
				<w x="900">great</w>
				<w x="1154">hierarchal</w>
				<w x="1358">standard</w>
			</div>
			<w x="1467">was</w>
			<w x="1534">to</w>
			<w x="1707">move;</w>
		</line>
	</div>
	<div id="4" group="2" x="634" y="1504" width="1113" height="288" type="score"
		sealts="358b_1_1.180" work="pl" section="pl5" attribution="HM">
		<line c="1533" h="73" n="15">
			<w x="767">Tells</w>
			<w x="862">the</w>
			<w x="1114">suggested</w>
			<w x="1273">cause,</w>
			<w x="1380">and</w>
			<w x="1516">casts</w>
			<w x="1739">between</w>
		</line>
		<line c="1612" h="60" n="16">
			<w x="910">Ambiguous</w>
			<w x="1067">words</w>
			<w x="1171">and</w>
			<w x="1433">jealousies,</w>
			<w x="1502">to</w>
			<w x="1658">sound</w>
		</line>
		<line c="1683" h="61" n="17">
			<w x="709">Or</w>
			<w x="839">taint</w>
			<w x="1088">integrity:</w>
			<w x="1199">but</w>
			<w x="1275">all</w>
			<w x="1451">
				<choice>
					<orig>obey'd</orig>
					<reg>obeyed</reg>
				</choice>
			</w>
		</line>
		<line c="1754" h="61" n="18">
			<w x="743">The</w>
			<w x="939">wonted</w>
			<w x="1110">signal,</w>
			<w x="1216">and</w>
			<w x="1426">superior</w>
			<w x="1566">voice</w>
		</line>
	</div>
</body>
