<body>
	<div id="2" group="1" x="608" y="526" width="1288" height="238" type="score"
		sealts="358b_1_b078" mode="commentary" section="life" attribution="HM">
		<line c="556" h="46" n="1">
			<w x="711">over</w>
			<w x="787">the</w>
			<w x="915">whole</w>
			<w x="1012">field</w>
			<w x="1069">of</w>
			<w x="1267">literature,</w>
			<w x="1355">and</w>
			<w x="1408">in</w>
			<w x="1528">every</w>
			<w x="1735">direction;</w>
			<w x="1832">and</w>
			<w x="1876">it</w>
		</line>
		<line c="617" h="49" n="2">
			<w x="791">required</w>
			<w x="851">all</w>
			<w x="924">his</w>
			<w x="1110">learning,</w>
			<w x="1300">collected</w>
			<w x="1367">by</w>
			<w x="1517">painful</w>
			<w x="1645">study</w>
			<w x="1790">during</w>
			<w x="1875">the</w>
		</line>
		<line c="677" h="49" n="3">
			<w x="709">best</w>
			<w x="833">years</w>
			<w x="900">of</w>
			<w x="972">his</w>
			<w x="1059">life,</w>
			<w x="1169">long</w>
			<w x="1371">deposited</w>
			<w x="1434">in</w>
			<w x="1515">his</w>
			<w x="1708">memory,</w>
			<w x="1797">and</w>
			<w x="1875">
				<choice>
					<hyph>re-</hyph>
					<reg>remolded</reg>
				</choice>
			</w>
		</line>
		<line c="736" h="50" n="4">
			<w x="795" endhyph="true">moulded</w>
			<w x="856">by</w>
			<w x="921">his</w>
			<w x="1072">genius,</w>
			<w x="1125">to</w>
			<w x="1238">build</w>
			<w x="1302">up</w>
			<w x="1373">his</w>
			<w x="1562">immortal</w>
			<w x="1687">poem.</w>
			<w x="1872">Where</w>
		</line>
	</div>
	<div id="3" group="2" x="608" y="757" width="1279" height="177" type="score"
		sealts="358b_1_b078" mode="commentary" section="life" attribution="HM">
		<line c="790" h="51" n="5">
			<w x="662">is</w>
			<w x="775">there</w>
			<w x="837">an</w>
			<w x="1030">extensive</w>
			<w x="1142">work</w>
			<w x="1199">of</w>
			<w x="1420">established</w>
			<w x="1633">reputation</w>
			<w x="1682">to</w>
			<w x="1739">be</w>
			<w x="1873">found,</w>
		</line>
		<line c="853" h="47" n="6">
			<w x="708">that</w>
			<w x="760">is</w>
			<w x="846">not</w>
			<w x="1047">evidently</w>
			<w x="1122">the</w>
			<w x="1254">result</w>
			<w x="1320">of</w>
			<w x="1421">long</w>
			<w x="1563">study,</w>
			<w x="1664">and</w>
			<w x="1874">assiduous</w>
		</line>
		<line c="908" h="37" n="7">
			<w x="797">
				<choice>
					<orig>labours?</orig>
					<reg>labors?</reg>
				</choice>
			</w>
			<w x="913">Let</w>
			<w x="970">us</w>
			<w x="1147">consider</w>
			<w x="1239">that</w>
			<w x="1309">his</w>
			<w x="1502">materials</w>
			<w x="1610">were</w>
			<w x="1649">a</w>
			<w x="1739">few</w>
			<w x="1874">verses</w>
		</line>
	</div>
</body>
