<body>
    <div id="1" group="1" x="956" y="74" width="998" height="310" sealts="358b_1_a06"
        section="frontmatter" type="autograph" attribution="HM">
        <line n="1" h="155" c="194">
            <w x="1666">HMelville</w>
        </line>
        <line n="2" h="155" c="322">
            <w x="1526">N.Y.</w>
            <w x="1944">1849</w>
        </line>
    </div>
    <div id="2" group="1" x="1548" y="378" width="406" height="116" sealts="358b_1_a06"
        section="frontmatter" type="notation" attribution="HM">
        <line n="1" h="116" c="442">
            <w x="1948">1868</w>
        </line>
    </div>
</body>
