

<body>
	<div id="2" group="1" x="302" y="688" width="1300" height="184" type="score"
		sealts="358b_1_b089" mode="commentary" section="life" attribution="HM">
		<line c="725" h="47" n="4">
			<w x="442">He</w>
			<w x="646">composed</w>
			<w x="778">much</w>
			<w x="832">in</w>
			<w x="907">the</w>
			<w x="1025">night</w>
			<w x="1116">and</w>
			<w x="1314">morning,</w>
			<w x="1406">and</w>
			<w x="1582">dictated</w>
		</line>
		<line c="785" h="50" n="5">
			<w x="372">in</w>
			<w x="456">the</w>
			<w x="565">day,</w>
			<w x="705">sitting</w>
			<w x="905">obliquely</w>
			<w x="968">in</w>
			<w x="1039">an</w>
			<w x="1177">elbow</w>
			<w x="1312">chair,</w>
			<w x="1423">with</w>
			<w x="1501">his</w>
			<w x="1583">leg</w>
		</line>
		<line c="844" h="48" n="6">
			<w x="470">thrown</w>
			<w x="567">over</w>
			<w x="643">the</w>
			<w x="754">arm.</w>
			<w x="972">Fortune,</w>
			<w x="1029">as</w>
			<w x="1214">Johnson</w>
			<w x="1418">observes,</w>
			<w x="1581">appears</w>
		</line>
	</div>
</body>
