<body>
	<div id="2" group="1" x="384" y="486" width="358" height="64" type="underline"
		sealts="358b_1_1.209" work="pl" section="pl6" attribution="HM">
		<line c="518" h="61" n="1">
			<w x="538">matin</w>
			<w x="732">trumpet</w>
		</line>
	</div>
	<div id="3" group="2" x="260" y="544" width="830" height="80" type="underline"
		sealts="358b_1_1.209" work="pl" section="pl6" attribution="HM">
		<line c="586" h="85" n="2">
			<w x="350">Of</w>
			<w x="522">golden</w>
			<w x="738">panoply,</w>
			<w x="974">refulgent</w>
			<w x="1082">host,</w>
		</line>
	</div>
	<div id="4" group="3" x="242" y="1474" width="950" height="162" type="score"
		sealts="358b_1_1.209" work="pl" section="pl6" attribution="HM">
		<line c="1518" h="55" n="15">
			<w x="327">He</w>
			<w x="504">comes,</w>
			<w x="612">and</w>
			<w x="788">settled</w>
			<w x="852">in</w>
			<w x="936">his</w>
			<w x="1049">face</w>
			<w x="1090">I</w>
			<w x="1186">see</w>
		</line>
		<line c="1596" h="64" n="16">
			<div id="5" group="3" x="254" y="1552" width="644" height="76" type="underline"
				sealts="358b_1_1.209" work="pl" section="pl6" attribution="HM">
				<line n="1" h="76" c="1590">
					<w x="364">Sad</w>
					<w x="608">resolution</w>
					<w x="722">and</w>
					<w x="894">secure:</w>
				</line>
			</div>
			<w x="990">let</w>
			<w x="1116">each</w>
		</line>
	</div>

</body>
