<body>
	<div id="2" group="1" x="276" y="766" width="1257" height="91" type="diagonalscore"
		sealts="358b_1_1.061" work="pl" section="pl2" attribution="HM">
		<line c="823" h="62" n="5">
			<div id="3" group="1" x="280" y="762" width="802" height="100" type="underline"
				sealts="358b_1_1.061" work="pl" section="pl2" attribution="HM">
				<w x="478">Where</w>
				<w x="568">all</w>
				<w x="660">life</w>
				<w x="784">dies,</w>
				<w x="940">death</w>
				<w x="1072">lives,</w>
			</div>
			<w x="1170">and</w>
			<w x="1341">nature</w>
			<w x="1525">breeds,</w>
		</line>
	</div>
</body>
