<body>
	<div id="2" group="1" x="266" y="466" width="1108" height="172" type="score"
		sealts="358b_1_1.033" work="pl" section="pl1" attribution="HM">
		<line c="522" h="66" n="1">
			<w x="418">Dropt</w>
			<w x="543">from</w>
			<w x="633">the</w>
			<w x="810">Zenith</w>
			<w x="914">like</w>
			<w x="960">a</w>
			<w x="1127">falling</w>
			<w x="1244">star,</w>
		</line>
		<line c="594" h="67" n="2">
			<w x="352">On</w>
			<w x="556">Lemnos</w>
			<w x="636">
				<choice>
					<orig>th'</orig>
					<reg>the</reg>
				</choice>
			</w>
			<w x="821">AEgean</w>
			<w x="941">isle;</w>
			<w x="1069">thus</w>
			<w x="1192">they</w>
			<w x="1356">relate,</w>
		</line>
	</div>
</body>
