<body>
	<div id="2" group="1" x="274" y="968" width="1274" height="289" type="arcedscore"
		sealts="358b_1_1.253" work="pl" section="pl8" attribution="HM">
		<line c="1014" h="61" n="8">
			<w x="404">So</w>
			<w x="557">
				<choice>
					<orig>spake</orig>
					<reg>spoke</reg>
				</choice>
			</w>
			<w x="656">our</w>
			<w x="773">sire,</w>
			<w x="881">and</w>
			<w x="960">by</w>
			<w x="1046">his</w>
			<w x="1350">
				<choice>
					<orig>count'nance</orig>
					<reg>countenance</reg>
				</choice>
			</w>
			<w x="1537">
				<choice>
					<orig>seem'd</orig>
					<reg>seemed</reg>
				</choice>
			</w>
		</line>
		<line c="1085" h="59" n="9">
			<w x="495">Entering</w>
			<w x="571">on</w>
			<w x="784">studious</w>
			<w x="1005">thoughts</w>
			<w x="1242">abstruse;</w>
			<w x="1419">which</w>
			<w x="1537">Eve</w>
		</line>
		<line c="1157" h="56" n="10">
			<w x="535">Perceiving</w>
			<w x="701">where</w>
			<w x="800">she</w>
			<w x="890">sat</w>
			<w x="1056">
				<choice>
					<orig>retir'd</orig>
					<reg>retired</reg>
				</choice>
			</w>
			<w x="1122">in</w>
			<w x="1271">sight,</w>
		</line>
		<line c="1227" h="56" n="11">
			<w x="404">With</w>
			<w x="643">lowliness</w>
			<w x="860">majestic</w>
			<w x="990">from</w>
			<w x="1087">her</w>
			<w x="1217">seat,</w>
		</line>
	</div>
	<div id="3" group="2" x="270" y="1764" width="1182" height="140" type="arcedscore"
		sealts="358b_1_1.253" work="pl" section="pl8" attribution="HM">
		<line c="1800" h="59" n="19">
			<w x="352">Of</w>
			<w x="496">what</w>
			<w x="608">was</w>
			<w x="762">high:</w>
			<w x="904">such</w>
			<w x="1121">pleasure</w>
			<w x="1221">she</w>
			<w x="1466">
				<choice>
					<orig>reserv'd,</orig>
					<reg>reserved,</reg>
				</choice>
			</w>
		</line>
		<line c="1841" h="124" n="20">
			<w x="420">Adam</w>
			<w x="633">relating,</w>
			<w x="731">she</w>
			<w x="842">sole</w>
			<w x="1098">auditress;</w>
		</line>
	</div>
</body>
