<body>
	<div id="2" group="1" x="604" y="630" width="1098" height="218" type="score"
		sealts="358b_1_1.270" work="pl" section="pl8" attribution="HM">
		<line c="678" h="61" n="3">
			<w x="754">Grace</w>
			<w x="860">was</w>
			<w x="923">in</w>
			<w x="996">all</w>
			<w x="1090">her</w>
			<w x="1235">steps,</w>
			<w x="1411">heaven</w>
			<w x="1468">in</w>
			<w x="1562">her</w>
			<w x="1675">eye,</w>
		</line>
		<line c="747" h="57" n="4">
			<w x="665">In</w>
			<w x="808">every</w>
			<w x="992">gesture</w>
			<w x="1173">dignity</w>
			<w x="1275">and</w>
			<w x="1401">love.</w>
		</line>
		<line c="817" h="57" n="5">
			<w x="633">I</w>
			<w x="863">
				<choice>
					<orig>overjoy'd</orig>
					<reg>overjoyed</reg>
				</choice>
			</w>
			<w x="1004">could</w>
			<w x="1098">not</w>
			<w x="1278">forbear</w>
			<w x="1432">aloud.</w>
		</line>
	</div>
	<div id="3" group="2" x="593" y="1630" width="1170" height="146" type="checkmark"
		sealts="358b_1_1.270" work="pl" section="pl8" attribution="HM">
		<line c="1669" h="62" n="17">
			<w x="690">Her</w>
			<w x="840">virtue</w>
			<w x="944">and</w>
			<w x="1035">the</w>
			<w x="1301">conscience</w>
			<w x="1371">of</w>
			<w x="1460">her</w>
			<w x="1629">worth,</w>
		</line>
		<line c="1743" h="64" n="18">
			<w x="713">That</w>
			<w x="874">would</w>
			<w x="946">be</w>
			<w x="1118">
				<choice>
					<orig>woo'd,</orig>
					<reg>wooed,</reg>
				</choice>
			</w>
			<w x="1225">and</w>
			<w x="1319">not</w>
			<w x="1548">unsought</w>
			<w x="1620">be</w>
			<w x="1751">won,</w>
		</line>
	</div>
</body>
