<body>
	<div id="2" group="1" x="282" y="2059" width="1014" height="74" type="xmark"
		sealts="358b_1_1.265" work="pl" section="pl8" attribution="HM">
		<line c="2099" h="61" n="23">
			<w x="438">What</w>
			<w x="699">happiness,</w>
			<div id="3" group="1" x="716" y="2060" width="528" height="68" type="underline"
				sealts="358b_1_1.265" work="pl" section="pl8" attribution="HM">
				<w x="842">who</w>
				<w x="948">can</w>
				<w x="1098">enjoy</w>
				<w x="1238">alone,</w>
			</div>
		</line>
	</div>

</body>
