<body>
	<div id="2" group="1" x="621" y="2030" width="1103" height="220" type="score"
		sealts="358b_1_1.128" work="pl" section="pl4" attribution="HM">
		<line c="2080" h="65" n="23">
			<w x="698">So</w>
			<w x="780">far</w>
			<w x="871">the</w>
			<w x="1060">happier</w>
			<w x="1153">lot,</w>
			<w x="1375">enjoying</w>
			<w x="1492">thee</w>
		</line>
		<line c="2149" h="61" n="24">
			<w x="906">Preeminent</w>
			<w x="981">by</w>
			<w x="1046">so</w>
			<w x="1190">much</w>
			<w x="1327">odds,</w>
			<w x="1478">while</w>
			<w x="1602">thou</w>
		</line>
		<line c="2221" h="63" n="25">
			<w x="745">Like</w>
			<w x="945">comfort</w>
			<w x="1014">to</w>
			<w x="1209">thyself</w>
			<w x="1353">canst</w>
			<w x="1426">no</w>
			<w x="1587">where</w>
			<w x="1707">find.</w>
		</line>
	</div>
</body>
