<body>
	<div id="2" group="1" x="598" y="1544" width="1010" height="224" type="score"
		sealts="358b_1_1.190" work="pl" section="pl6" attribution="HM">
		<line c="1589" h="66" n="16">
			<w x="731">With</w>
			<w x="824">joy</w>
			<w x="925">and</w>
			<w x="1242">acclamations</w>
			<w x="1374">loud,</w>
			<w x="1489">that</w>
			<w x="1603">one,</w>
		</line>
		<line c="1662" h="68" n="17">
			<w x="730">That</w>
			<w x="798">of</w>
			<w x="861">so</w>
			<w x="1008">many</w>
			<w x="1210">myriads</w>
			<w x="1349">
				<choice>
					<orig>fall'n</orig>
					<reg>fallen</reg>
				</choice>
			</w>
			<w x="1447">yet</w>
			<w x="1546">one</w>
		</line>
		<line c="1728" h="58" n="18">
			<w x="820">
				<choice>
					<orig>Return'd</orig>
					<reg>Returned</reg>
				</choice>
			</w>
			<w x="914">not</w>
			<w x="1024">lost.</w>
			<w x="1160">On</w>
			<w x="1226">to</w>
			<w x="1317">the</w>
			<w x="1484">sacred</w>
			<w x="1581">hill</w>
		</line>
	</div>
	<div id="3" group="2" x="950" y="1766" width="364" height="68" type="underline"
		sealts="358b_1_1.190" work="pl" section="pl6" attribution="HM">
		<line c="1805" h="70" n="19">
			<w x="1076">high</w>
			<w x="1302">applauded</w>
		</line>
	</div>
	<div id="4" group="3" x="596" y="2262" width="1006" height="230" type="score2"
		sealts="358b_1_1.190" work="pl" section="pl6" attribution="HM">
		<line c="2306" h="66" n="26">
			<w x="699">And</w>
			<w x="783">for</w>
			<w x="874">the</w>
			<w x="1125">testimony</w>
			<w x="1197">of</w>
			<w x="1325">truth</w>
			<w x="1443">hast</w>
			<w x="1591">
				<choice>
					<orig>borne</orig>
					<reg>born</reg>
				</choice>
			</w>
		</line>
		<line c="2375" h="65" n="27">
			<w x="821">Universal</w>
			<w x="1054">reproach,</w>
			<w x="1140">far</w>
			<w x="1295">worse</w>
			<w x="1361">to</w>
			<w x="1483">bear</w>
		</line>
		<line c="2451" h="73" n="28">
			<w x="726">Than</w>
			<w x="963">violence:</w>
			<w x="1061">for</w>
			<w x="1165">this</w>
			<w x="1274">was</w>
			<w x="1349">all</w>
			<w x="1447">thy</w>
			<w x="1576">care,</w>
		</line>
	</div>
</body>
