<body>
	<div id="2" group="1" x="288" y="1915" width="950" height="77" type="xmark"
		sealts="358b_1_1.131" work="pl" section="pl4" attribution="HM">
		<line c="1950" h="52" n="21">
			<w x="332">O</w>
			<w x="429">fair</w>
			<w x="695">foundation</w>
			<w x="799">laid</w>
			<w x="1020">whereon</w>
			<w x="1085">to</w>
			<w x="1220">build</w>
		</line>
	</div>
	<div id="3" group="2" x="290" y="1980" width="1044" height="82" type="xmark"
		sealts="358b_1_1.131" work="pl" section="pl4" attribution="HM">
		<line c="2023" h="54" n="22">
			<w x="422">Their</w>
			<w x="557">ruin!</w>
			<w x="726">hence</w>
			<w x="766">I</w>
			<w x="876">will</w>
			<w x="1037">excite</w>
			<w x="1166">their</w>
			<w x="1324">minds</w>
		</line>
	</div>
</body>
