<body>
	<div id="2" group="1" x="586" y="2024" width="1018" height="86" type="checkmark"
		sealts="358b_1_1.192" work="pl" section="pl6" attribution="HM">
		<line c="2077" h="71" n="23">
			<div id="3" group="1" x="584" y="2016" width="610" height="102" type="underline"
				sealts="358b_1_1.192" work="pl" section="pl6" attribution="HM">
				<w x="736">With</w>
				<w x="922">furious</w>
				<w x="1188">expedition;</w>
			</div>
			<w x="1287">for</w>
			<w x="1411">they</w>
			<w x="1602">
				<choice>
					<orig>ween'd</orig>
					<reg>weened</reg>
				</choice>
			</w>
		</line>
	</div>
	<div id="4" group="2" x="590" y="2318" width="178" height="72" type="underline"
		sealts="358b_1_1.192" work="pl" section="pl6" attribution="HM">
		<line c="2362" h="69" n="27">
			<w x="766">Aspirer</w>
		</line>
	</div>
</body>
