<body>
	<div id="2" group="1" x="620" y="486" width="1186" height="524" type="wavyscore"
		type2="annotated" sealts="358b_1_1.348" work="pl" section="pl10" attribution="HM">
		<line c="541" h="58" n="1">
			<w x="764">With</w>
			<w x="1061">complicated</w>
			<w x="1290">monsters</w>
			<w x="1423">head</w>
			<w x="1527">and</w>
			<w x="1637">tail,</w>
		</line>
		<line c="613" h="64" n="2">
			<w x="862">Scorpion,</w>
			<w x="964">and</w>
			<w x="1076">asp,</w>
			<w x="1180">and</w>
			<w x="1492">amphisbaena</w>
			<w x="1616">dire,</w>
		</line>
		<line c="681" h="66" n="3">
			<w x="841">Cerastes</w>
			<w x="1023">
				<choice>
					<orig>horn'd,</orig>
					<reg>horned,</reg>
				</choice>
			</w>
			<w x="1216">hydrus,</w>
			<w x="1322">and</w>
			<w x="1477">ellops</w>
			<w x="1632">drear,</w>
		</line>
		<line c="746" h="75" n="4">
			<w x="738">And</w>
			<w x="923">dipsas;</w>
			<w x="1043">(not</w>
			<w x="1103">so</w>
			<w x="1239">thick</w>
			<w x="1457">
				<choice>
					<orig>swarm'd</orig>
					<reg>swarmed</reg>
				</choice>
			</w>
			<w x="1585">once</w>
			<w x="1680">the</w>
			<w x="1781">soil</w>
		</line>
		<line c="824" h="85" n="5">
			<w x="881">
				<choice>
					<orig>Bedropp'd</orig>
					<reg>Bedropped</reg>
				</choice>
			</w>
			<w x="1008">with</w>
			<w x="1153">blood</w>
			<w x="1223">of</w>
			<w x="1440">Gorgon,</w>
			<w x="1509">or</w>
			<w x="1602">the</w>
			<w x="1702">isle</w>
		</line>
		<line c="901" h="74" n="6">
			<w x="879">Ophiusa;)</w>
			<w x="979">but</w>
			<w x="1077">still</w>
			<w x="1285">greatest</w>
			<w x="1354">he</w>
			<w x="1449">the</w>
			<w x="1614">midst,</w>
		</line>
		<line c="970" h="70" n="7">
			<w x="751">Now</w>
			<w x="944">dragon,</w>
			<w x="1114">grown</w>
			<w x="1272">larger</w>
			<w x="1397">than</w>
			<w x="1561">whom</w>
			<w x="1655">the</w>
			<w x="1757">sun</w>
		</line>
	</div>
	<div id="3" group="1" x="222" y="704" width="268" height="176" type="annotation"
		attribution="HMorESM">
		<line n="1" h="176" c="792">
			<w x="482">Lucan</w>
		</line>
	</div>
</body>
