<body>
	<div id="2" group="1" x="294" y="2067" width="1214" height="153" type="score"
		sealts="358b_1_1.165" work="pl" section="pl5" attribution="HM">
		<line c="2107" h="59" n="23">
			<w x="499">Haste</w>
			<w x="677">hither,</w>
			<w x="811">Eve,</w>
			<w x="915">and</w>
			<w x="1080">worth</w>
			<w x="1179">thy</w>
			<w x="1315">sight</w>
			<w x="1492">behold</w>
		</line>
		<line c="2182" h="61" n="24">
			<w x="529">Eastward</w>
			<w x="708">among</w>
			<w x="852">those</w>
			<w x="1003">trees,</w>
			<w x="1145">what</w>
			<w x="1351">glorious</w>
			<w x="1502">shape</w>
		</line>
	</div>
</body>
