<body>
	<div id="2" group="1" x="632" y="1329" width="1227" height="220" type="score"
		sealts="358b_1_1.284" work="pl" section="pl9" attribution="HM">
		<line c="1378" h="61" n="13">
			<w x="839">Descend</w>
			<w x="937">to?</w>
			<w x="1065">who</w>
			<w x="1244">aspires</w>
			<w x="1380">must</w>
			<w x="1528">down</w>
			<w x="1595">as</w>
			<w x="1702">low</w>
		</line>
		<line c="1447" h="57" n="14">
			<w x="695">As</w>
			<w x="818">high</w>
			<w x="892">he</w>
			<w x="1066">
				<choice>
					<orig>soar'd,</orig>
					<reg>soared,</reg>
				</choice>
			</w>
			<w x="1325">obnoxious</w>
			<w x="1438">first</w>
			<w x="1506">or</w>
			<w x="1609">last</w>
		</line>
		<line c="1522" h="69" n="15">
			<w x="703">To</w>
			<w x="868">basest</w>
			<w x="1044">things.</w>
			<w x="1330">Revenge,</w>
			<w x="1399">at</w>
			<w x="1510">first</w>
			<w x="1687">though</w>
			<w x="1858">sweet,</w>
		</line>
	</div>
	<div id="3" group="2" x="622" y="1616" width="160" height="70" type="underline"
		sealts="358b_1_1.284" work="pl" section="pl9" attribution="HM">
		<line c="1663" h="65" n="17">
			<w x="738">Let</w>
			<w x="778">it</w>
		</line>
	</div>
</body>
