<body>
	<div id="2" group="1" x="568" y="2194" width="1152" height="90" type="score"
		sealts="358b_1_1.112" work="pl" section="pl4" attribution="HM">
		<line c="2253" h="75" n="25">
			<w x="657">Be</w>
			<w x="784">then</w>
			<w x="871">his</w>
			<w x="988">love</w>
			<w x="1217">
				<choice>
					<orig>accurs'd,</orig>
					<reg>accursed,</reg>
				</choice>
			</w>
			<w x="1358">since</w>
			<w x="1476">love</w>
			<w x="1546">or</w>
			<w x="1682">hate,</w>
		</line>
	</div>
</body>
