<body>
	<div id="2" group="2" x="640" y="1422" width="1270" height="876" type="score" erasure="true"
		sealts="358b_1_1.230" work="pl" section="pl7" attribution="HM">
		<line c="1463" h="50" n="14">
			<w x="752">But</w>
			<w x="851">lest</w>
			<w x="946">his</w>
			<w x="1107">heart</w>
			<w x="1245">exalt</w>
			<w x="1353">him</w>
			<w x="1418">in</w>
			<w x="1513">the</w>
			<w x="1655">harm</w>
		</line>
		<line c="1532" h="84" n="15">
			<w x="849">Already</w>
			<w x="994">done,</w>
			<w x="1063">to</w>
			<w x="1191">have</w>
			<w x="1462">dispeopled</w>
			<w x="1661">heaven,</w>
		</line>
		<line c="1613" h="64" n="16">
			<w x="742">My</w>
			<w x="942">damage</w>
			<w x="1111">fondly</w>
			<w x="1316">
				<choice>
					<orig>deem'd,</orig>
					<reg>deemed,</reg>
				</choice>
			</w>
			<w x="1359">I</w>
			<w x="1464">can</w>
			<w x="1623">repair</w>
		</line>
		<line c="1682" h="55" n="17">
			<w x="781">That</w>
			<w x="1044">detriment,</w>
			<w x="1105">if</w>
			<w x="1236">such</w>
			<w x="1291">it</w>
			<w x="1364">be</w>
			<w x="1432">to</w>
			<w x="1543">lose</w>
		</line>
		<line c="1755" h="56" n="18">
			<w x="875">
				<choice>
					<orig>Self-lost,</orig>
					<reg>Self lost,</reg>
					<reg>self</reg>
					<reg>lost,</reg>
				</choice>
			</w>
			<w x="982">and</w>
			<w x="1047">in</w>
			<w x="1093">a</w>
			<w x="1305">moment</w>
			<w x="1414">will</w>
			<w x="1579">create</w>
		</line>
		<line c="1827" h="54" n="19">
			<w x="857">Another</w>
			<w x="1026">world,</w>
			<w x="1125">out</w>
			<w x="1194">of</w>
			<w x="1300">one</w>
			<w x="1422">man</w>
			<w x="1468">a</w>
			<w x="1585">race</w>
		</line>
		<line c="1896" h="54" n="20">
			<w x="732">Of</w>
			<w x="845">men</w>
			<w x="1170">innumerable,</w>
			<w x="1314">there</w>
			<w x="1381">to</w>
			<w x="1547">dwell,</w>
		</line>
		<line c="1970" h="61" n="21">
			<w x="753">Not</w>
			<w x="889">here,</w>
			<w x="976">
				<choice>
					<orig>till</orig>
					<reg>until</reg>
				</choice>
			</w>
			<w x="1054">by</w>
			<w x="1254">degrees</w>
			<w x="1326">of</w>
			<w x="1477">merit</w>
			<w x="1639">
				<choice>
					<orig>rais'd,</orig>
					<reg>raised,</reg>
				</choice>
			</w>
		</line>
		<line c="2044" h="63" n="22">
			<w x="792">They</w>
			<w x="924">open</w>
			<w x="989">to</w>
			<w x="1269">themselves</w>
			<w x="1336">at</w>
			<w x="1506">length</w>
			<w x="1601">the</w>
			<w x="1723">way</w>
		</line>
		<line c="2116" h="63" n="23">
			<w x="737">Up</w>
			<w x="912">hither,</w>
			<w x="1068">under</w>
			<w x="1188">long</w>
			<w x="1442">obedience</w>
			<w x="1592">
				<choice>
					<orig>try'd,</orig>
					<reg>tried,</reg>
				</choice>
			</w>
		</line>
		<line c="2186" h="61" n="24">
			<w x="762">And</w>
			<w x="904">earth</w>
			<w x="976">be</w>
			<w x="1182">
				<choice>
					<orig>chang'd</orig>
					<reg>changed</reg>
				</choice>
			</w>
			<w x="1244">to</w>
			<w x="1432">heaven,</w>
			<w x="1527">and</w>
			<w x="1701">heaven</w>
			<w x="1761">to</w>
			<w x="1913">earth,</w>
		</line>
		<line c="2259" h="64" n="25">
			<w x="762">One</w>
			<w x="1002">kingdom,</w>
			<w x="1096">joy</w>
			<w x="1200">and</w>
			<w x="1352">union</w>
			<w x="1557">without</w>
			<w x="1674">end.</w>
		</line>
	</div>
	<div id="2" group="1" x="200" y="1460" width="422" height="456" type="annotation" erasure="true"
		sealts="358b_1_1.230" work="pl" section="pl7" attribution="HM">
		<line n="1" h="91" c="1524">
			<w x="300">A</w>
			<w x="454">grand</w>
			<w x="608">thought,</w>
		</line>
		<line n="2" h="91" c="1626">
			<w x="280">
				<choice>
					<orig>tho</orig>
					<reg>though</reg>
				</choice>
			</w>
			<w x="490">fanciful</w>
		</line>
		<line n="3" h="91" c="1700">
			<w x="400">[finally</w>
			<w x="444">or</w>
			<w x="572">truly],</w>
			<w x="616">that</w>
		</line>
		<line n="4" h="91" c="1782">
			<w x="346">man</w>
			<w x="566">was</w>
		</line>
		<line n="5" h="91" c="1852">
			<w x="330">made</w>
			<w x="450">to</w>
			<w x="524">this</w>
			<w x="612">end.</w>
		</line>
	</div>
</body>
