<body>
	<div id="2" group="1" x="306" y="946" width="1288" height="127" type="score2"
		sealts="358b_1_b101" mode="commentary" section="life" attribution="HM">
		<line c="985" h="50" n="8">
			<w x="569">uncharitable</w>
			<w x="657">and</w>
			<w x="814">endless</w>
			<w x="1007">disputes,</w>
			<w x="1096">and</w>
			<w x="1199">that</w>
			<w x="1301">love</w>
			<w x="1371">of</w>
			<w x="1583">dominion,</w>
		</line>
		<line c="1045" h="53" n="9">
			<w x="365">or</w>
			<w x="597">inclination</w>
			<w x="658">to</w>
			<w x="916">persecution,</w>
			<w x="1060">which</w>
			<w x="1134">he</w>
			<w x="1240">said</w>
			<w x="1340">was</w>
			<w x="1388">a</w>
			<w x="1513">piece</w>
			<w x="1581">of</w>
		</line>
	</div>
	<div id="3" group="2" x="302" y="2506" width="1288" height="192" type="score"
		sealts="358b_1_b101" mode="commentary" section="life" attribution="HM">
		<line c="2542" h="51" n="34">
			<w x="517">The</w>
			<w x="682">religion</w>
			<w x="827">which</w>
			<w x="895">he</w>
			<w x="1051">sought</w>
			<w x="1140">was</w>
			<w x="1224">one</w>
			<w x="1327">that</w>
			<w x="1425">was</w>
			<w x="1512">not</w>
			<w x="1572">to</w>
		</line>
		<line c="2605" h="58" n="35">
			<w x="355">be</w>
			<w x="545">attached</w>
			<w x="609">to</w>
			<w x="695">any</w>
			<w x="900">particular</w>
			<w x="1066">church,</w>
			<w x="1120">to</w>
			<w x="1189">be</w>
			<w x="1399">grounded</w>
			<w x="1472">on</w>
			<w x="1571">any</w>
		</line>
		<line c="2664" h="54" n="36">
			<w x="435">settled</w>
			<w x="594">articles</w>
			<w x="653">of</w>
			<w x="788">belief,</w>
			<w x="842">to</w>
			<w x="903">be</w>
			<w x="1083">adorned</w>
			<w x="1188">with</w>
			<w x="1274">any</w>
			<w x="1449">external</w>
			<w x="1571">
				<choice>
					<hyph>cere-</hyph>
					<reg>ceremonies</reg>
				</choice>
			</w>
		</line>
	</div>
</body>
