<body>
	<div id="2" group="1" x="312" y="1191" width="1264" height="723" type="score"
		sealts="358b_1_1.327" work="pl" section="pl10" attribution="HM">
		<line c="1238" h="57" n="11">
			<w x="537">
				<choice>
					<orig>Hinder'd</orig>
					<reg>Hindered</reg>
				</choice>
			</w>
			<w x="635">not</w>
			<w x="790">Satan</w>
			<w x="858">to</w>
			<w x="1062">attempt</w>
			<w x="1155">the</w>
			<w x="1295">mind</w>
		</line>
		<line c="1309" h="57" n="12">
			<w x="393">Of</w>
			<w x="531">man,</w>
			<w x="662">with</w>
			<w x="877">strength</w>
			<w x="1051">entire,</w>
			<w x="1158">and</w>
			<w x="1358">freewill</w>
			<w x="1527">
				<choice>
					<orig>arm'd,</orig>
					<reg>armed,</reg>
				</choice>
			</w>
		</line>
		<line c="1381" h="59" n="13">
			<w x="555">Complete</w>
			<w x="623">to</w>
			<w x="751">have</w>
			<w x="1011">
				<choice>
					<orig>discover'd</orig>
					<reg>discovered</reg>
				</choice>
			</w>
			<w x="1116">and</w>
			<w x="1322">
				<choice>
					<orig>repuls'd</orig>
					<reg>repulsed</reg>
				</choice>
			</w>
		</line>
		<line c="1452" h="57" n="14">
			<w x="558">Whatever</w>
			<w x="700">wiles</w>
			<w x="772">of</w>
			<w x="865">foe</w>
			<w x="934">or</w>
			<w x="1148">seeming</w>
			<w x="1330">friend!</w>
		</line>
		<line c="1525" h="60" n="15">
			<w x="411">For</w>
			<w x="518">still</w>
			<w x="643">they</w>
			<w x="808">knew,</w>
			<w x="914">and</w>
			<w x="1071">ought</w>
			<w x="1136">to</w>
			<w x="1265">have</w>
			<w x="1367">still</w>
			<w x="1571">
				<choice>
					<hyph>remem-</hyph>
					<reg>remembered</reg>
				</choice>
			</w>
		</line>
		<line c="1590" h="41" n="16">
			<w x="566" endhyph="true">ber'd</w>
		</line>
		<line c="1667" h="59" n="17">
			<w x="424">The</w>
			<w x="548">high</w>
			<w x="806">injunction</w>
			<w x="904">not</w>
			<w x="969">to</w>
			<w x="1102">taste</w>
			<w x="1218">that</w>
			<w x="1353">fruit,</w>
		</line>
		<line c="1738" h="59" n="18">
			<w x="541">Whoever</w>
			<w x="784">tempted;</w>
			<w x="962">which</w>
			<w x="1087">they</w>
			<w x="1184">not</w>
			<w x="1389">obeying</w>
		</line>
		<line c="1810" h="63" n="19">
			<w x="532">
				<choice>
					<orig>Incurr'd,</orig>
					<reg>Incurred,</reg>
				</choice>
			</w>
			<w x="689">(what</w>
			<w x="824">could</w>
			<w x="948">they</w>
			<w x="1108">less?)</w>
			<w x="1204">the</w>
			<w x="1412">penalty,</w>
		</line>
		<line c="1878" h="55" n="20">
			<w x="440">And,</w>
			<w x="668">manifold</w>
			<w x="731">in</w>
			<w x="833">sin,</w>
			<w x="1052">
				<choice>
					<orig>deserv'd</orig>
					<reg>deserved</reg>
				</choice>
			</w>
			<w x="1119">to</w>
			<w x="1227">fall.</w>
		</line>
	</div>
	<div id="3" group="2" x="90" y="2572" width="1966" height="794" type="annotation"
		sealts="358b_1_1.327" work="pl" section="pl10" attribution="HM">
		<line n="1" h="97" c="2696">
			<w x="392">The</w>
			<w x="570">fall</w>
			<w x="674">of</w>
			<w x="928">Adam</w>
			<w x="1132">did</w>
			<w x="1332">not</w>
			<w x="1468">so</w>
			<w x="1748">much</w>
			<w x="1974">prove</w>
		</line>
		<line n="2" h="99" c="2810">
			<w x="424">him</w>
			<w x="684">weak,</w>
			<w x="800">as</w>
			<w x="980">that</w>
			<w x="1164">God</w>
			<w x="1364">had</w>
			<w x="1612">made</w>
			<w x="1794">him</w>
			<w x="1948">so.</w>
		</line>
		<line n="3" h="97" c="2902">
			<w x="300">From</w>
			<w x="432">all</w>
			<w x="582">that</w>
			<w x="676">is</w>
			<w x="1014">gatherable</w>
			<w x="1188">from</w>
			<w x="1564">Milton's</w>
			<w x="1872">theology</w>
		</line>
		<line n="4" h="98" c="2976">
			<w x="224">the</w>
			<w x="396">Son</w>
			<w x="562">was</w>
			<w x="892">created.</w>
			<w x="1104">Now,</w>
			<w x="1266">had</w>
			<w x="1426">the</w>
			<w x="1604">Son</w>
			<w x="1770">been</w>
		</line>
		<line n="5" h="94" c="3084">
			<w x="420">planted</w>
			<w x="512">in</w>
			<w x="672">the</w>
			<w x="928">Garden</w>
			<w x="1270">(instead</w>
			<w x="1364">of</w>
			<w x="1654">Adam),</w>
			<w x="1790">he</w>
			<w x="2034">would</w>
		</line>
		<line n="6" h="98" c="3144">
			<w x="324">have</w>
			<w x="694">withstood</w>
			<w x="830">the</w>
			<w x="1274">temptation;</w>
			<w x="1400">&#8212;</w>
			<w x="1596">Why</w>
			<w x="1752">then</w>
			<w x="1868">he</w>
			<w x="2028">&amp;</w>
		</line>
		<line n="7" h="98" c="3226">
			<w x="338">not</w>
			<w x="582">Adam?</w>
			<w x="700">&#8212;</w>
			<w x="1014">Because</w>
			<w x="1130">of</w>
			<w x="1284">his</w>
			<w x="1548">created</w>
			<w x="1974">superiority</w>
		</line>
		<line n="8" h="96" c="3332">
			<w x="558">to</w>
			<w x="836">Adam.</w>
			<w x="1956">Sophomoricus.</w>
		</line>
	</div>
</body>
