<body>
	<div id="2" group="1" x="260" y="1348" width="1180" height="720" type="score"
		sealts="358b_1_1.193" work="pl" section="pl6" attribution="HM">
		<line c="1392" h="60" n="13">
			<w x="422">Twixt</w>
			<w x="540">host</w>
			<w x="644">and</w>
			<w x="763">host</w>
			<w x="860">but</w>
			<w x="1046">narrow</w>
			<w x="1193">space</w>
			<w x="1306">was</w>
			<w x="1419">left,</w>
		</line>
		<div id="3" group="1" x="262" y="1420" width="1146" height="505" type="score"
			sealts="358b_1_1.193" work="pl" section="pl6" attribution="HM">
			<div id="4" group="1" x="268" y="1428" width="916" height="76" type="xmark"
				type2="annotated" sealts="358b_1_1.193" work="pl" section="pl6" attribution="HM">
				<line c="1466" h="61" n="14">
					<div id="5" group="1" x="274" y="1436" width="464" height="56" type="underline"
						sealts="358b_1_1.193" work="pl" section="pl6" attribution="HM">
						<w x="330">A</w>
						<w x="542">dreadful</w>
						<w x="732">interval,</w>
					</div>
					<w x="841">and</w>
					<w x="976">front</w>
					<w x="1042">to</w>
					<w x="1176">front</w>
				</line>
			</div>
			<line c="1529" h="71" n="15">
				<w x="542">Presented</w>
				<w x="644">stood</w>
				<w x="723">in</w>
				<w x="901">terrible</w>
				<w x="1045">array</w>
			</line>
			<line c="1607" h="58" n="16">
				<w x="337">Of</w>
				<w x="529">hideous</w>
				<w x="723">length:</w>
				<w x="901">before</w>
				<w x="997">the</w>
				<w x="1175">cloudy</w>
				<w x="1292">van,</w>
			</line>
			<line c="1678" h="58" n="17">
				<w x="343">On</w>
				<w x="437">the</w>
				<w x="594">rough</w>
				<w x="723">edge</w>
				<w x="794">of</w>
				<w x="946">battle</w>
				<w x="1039">ere</w>
				<w x="1096">it</w>
				<w x="1262">
					<choice>
						<orig>join'd,</orig>
						<reg>joined,</reg>
					</choice>
				</w>
			</line>
			<line c="1752" h="63" n="18">
				<w x="419">Satan,</w>
			</line>
			<div id="6" group="1" x="270" y="1694" width="970" height="89" type="underline"
				sealts="358b_1_1.193" work="pl" section="pl6" attribution="HM">
				<line c="1752" h="63" n="18">
					<blank x="436"/>
					<w x="574">with</w>
					<w x="684">vast</w>
					<w x="786">and</w>
					<w x="1004">haughty</w>
					<w x="1172">strides</w>
					<w x="1396">
						<choice>
							<orig>advanc'd,</orig>
							<reg>advanced,</reg>
						</choice>
					</w>
				</line>
				<line c="1821" h="76" n="19">
					<w x="418">Came</w>
					<w x="664">towering,</w>
					<w x="820">
						<choice>
							<orig>arm'd</orig>
							<reg>armed</reg>
						</choice>
					</w>
					<w x="882">in</w>
					<w x="1108">adamant</w>
					<w x="1210">and</w>
					<w x="1314">gold:</w>
				</line>
			</div>
			<line c="1887" h="71" n="20">
				<w x="424">Abdiel</w>
				<w x="540">that</w>
				<w x="676">sight</w>
				<w x="875">
					<choice>
						<orig>endur'd</orig>
						<reg>endured</reg>
					</choice>
				</w>
				<w x="987">not,</w>
				<w x="1156">where</w>
				<w x="1232">he</w>
				<w x="1374">stood</w>
			</line>
		</div>
		<line c="1965" h="57" n="21">
			<w x="440">Among</w>
			<w x="534">the</w>
			<w x="791">mightiest,</w>
			<w x="918">bent</w>
			<w x="995">on</w>
			<w x="1187">highest</w>
			<w x="1354">deeds,</w>
		</line>
		<line c="2037" h="56" n="22">
			<w x="368">And</w>
			<w x="488">thus</w>
			<w x="575">his</w>
			<w x="696">own</w>
			<w x="965">undaunted</w>
			<w x="1110">heart</w>
			<w x="1338">explores.</w>
		</line>
		<line c="2109" h="58" n="23">
			<w x="371">O</w>
			<w x="579">heaven!</w>
			<w x="701">that</w>
			<w x="826">such</w>
			<w x="1138">resemblance</w>
			<w x="1210">of</w>
			<w x="1298">the</w>
			<w x="1509">Highest</w>
		</line>
	</div>
	<div id="7" group="2" x="248" y="2210" width="1286" height="150" type="score"
		sealts="358b_1_1.193" work="pl" section="pl6" attribution="HM">
		<line c="2251" h="57" n="25">
			<w x="452">Remain</w>
			<w x="592">not;</w>
			<w x="873">wherefore</w>
			<w x="1060">should</w>
			<w x="1172">not</w>
			<w x="1398">strength</w>
			<w x="1517">and</w>
		</line>
		<line c="2327" h="56" n="26">
			<w x="527">might</w>
		</line>
	</div>
	<div id="8" group="3" x="168" y="2768" width="1052" height="312" type="annotation" type2="xmark"
		sealts="358b_1_1.193" work="pl" section="pl6" attribution="HM">
		<line n="1" h="156" c="2876">
			<w x="414">"The</w>
			<w x="656">deadly</w>
			<w x="878">space</w>
			<w x="1184">between"</w>
		</line>
		<line n="2" h="156" c="3010">
			<w x="1214">Campbell.</w>
		</line>
	</div>
</body>
