<body>
	<div id="2" group="1" x="646" y="1910" width="1170" height="148" type="score"
		sealts="358b_1_1.084" work="pl" section="pl3" attribution="HM">
		<line c="1959" h="57" n="21">
			<w x="1023">Foreknowledge</w>
			<w x="1128">had</w>
			<w x="1205">no</w>
			<w x="1437">influence</w>
			<w x="1515">on</w>
			<w x="1646">their</w>
			<w x="1787">fault,</w>
		</line>
		<line c="2030" h="57" n="22">
			<w x="812">Which</w>
			<w x="916">had</w>
			<w x="994">no</w>
			<w x="1099">less</w>
			<w x="1267">
				<choice>
					<orig>prov'd</orig>
					<reg>proved</reg>
				</choice>
			</w>
			<w x="1451">certain</w>
			<w x="1797">unforeknown.</w>
		</line>
	</div>
</body>
