<body>
	<div id="2" group="1" x="624" y="1860" width="1172" height="358" type="score"
		sealts="358b_1_1.032" work="pl" section="pl1" attribution="HM">
		<line c="1895" h="52" n="20">
			<w x="754">Men</w>
			<w x="897">
				<choice>
					<orig>call'd</orig>
					<reg>called</reg>
				</choice>
			</w>
			<w x="1003">him</w>
			<w x="1253">Mulciber;</w>
			<w x="1368">and</w>
			<w x="1486">how</w>
			<w x="1558">he</w>
			<w x="1653">fell</w>
		</line>
		<line c="1969" h="57" n="21">
			<w x="773">From</w>
			<w x="943">
				<choice>
					<orig>heav'n</orig>
					<reg>heaven</reg>
				</choice>
			</w>
			<w x="1065">they</w>
			<w x="1238">fabled,</w>
			<w x="1428">thrown</w>
			<w x="1505">by</w>
			<w x="1656">angry</w>
			<w x="1781">Jove</w>
		</line>
		<line c="2041" h="57" n="22">
			<w x="782">Sheer</w>
			<w x="886">
				<choice>
					<orig>o'er</orig>
					<reg>over</reg>
				</choice>
			</w>
			<w x="978">the</w>
			<w x="1153">crystal</w>
			<w x="1470">battlements;</w>
			<w x="1611">from</w>
			<w x="1750">morn</w>
		</line>
		<line c="2113" h="58" n="23">
			<w x="717">To</w>
			<w x="846">noon</w>
			<w x="918">he</w>
			<w x="1027">fell,</w>
			<w x="1158">from</w>
			<w x="1287">noon</w>
			<w x="1352">to</w>
			<w x="1498">dewy</w>
			<w x="1609">eve,</w>
		</line>
		<line c="2186" h="57" n="24">
			<w x="688">A</w>
			<w x="927">summer's</w>
			<w x="1057">day;</w>
			<w x="1172">and</w>
			<w x="1297">with</w>
			<w x="1388">the</w>
			<w x="1566">setting</w>
			<w x="1664">sun</w>
		</line>
	</div>
</body>
