<body>
	<div id="2" group="1" x="266" y="488" width="1282" height="1018" type="score"
		sealts="358b_1_1.259" work="pl" section="pl8" attribution="HM">
		<line c="543" h="61" n="1">
			<w x="362">To</w>
			<w x="585">interrupt</w>
			<w x="676">the</w>
			<w x="833">sweet</w>
			<w x="902">of</w>
			<w x="1002">life,</w>
			<w x="1134">from</w>
			<w x="1295">which</w>
		</line>
		<line c="616" h="66" n="2">
			<w x="396">God</w>
			<w x="518">hath</w>
			<w x="608">bid</w>
			<w x="757">dwell</w>
			<w x="842">far</w>
			<w x="928">off</w>
			<w x="995">all</w>
			<w x="1190">anxious</w>
			<w x="1342">cares,</w>
		</line>
		<line c="683" h="57" n="3">
			<w x="388">And</w>
			<w x="483">not</w>
			<w x="655">molest</w>
			<w x="736">us,</w>
			<w x="902">unless</w>
			<w x="990">we</w>
			<w x="1086">our</w>
			<w x="1242">selves</w>
		</line>
		<line c="759" h="67" n="4">
			<w x="408">Seek</w>
			<w x="541">them</w>
			<w x="661">with</w>
			<w x="909">
				<choice>
					<orig>wand'ring</orig>
					<reg>wandering</reg>
				</choice>
			</w>
			<w x="1136">thoughts,</w>
			<w x="1234">and</w>
			<w x="1417">notions</w>
			<w x="1541">vain.</w>
		</line>
		<line c="830" h="67" n="5">
			<w x="378">But</w>
			<w x="470">apt</w>
			<w x="561">the</w>
			<w x="698">mind</w>
			<w x="764">or</w>
			<w x="909">fancy</w>
			<w x="966">is</w>
			<w x="1033">to</w>
			<w x="1152">rove</w>
		</line>
		<line c="902" h="69" n="6">
			<w x="554">
				<choice>
					<orig>Uncheck'd,</orig>
					<reg>Unchecked,</reg>
				</choice>
			</w>
			<w x="657">and</w>
			<w x="727">of</w>
			<w x="815">her</w>
			<w x="980">roving</w>
			<w x="1034">is</w>
			<w x="1110">no</w>
			<w x="1238">end;</w>
		</line>
		<line c="975" h="71" n="7">
			<w x="378">
				<choice>
					<orig>Till</orig>
					<reg>Until</reg>
				</choice>
			</w>
			<w x="572">
				<choice>
					<orig>warn'd,</orig>
					<reg>warned,</reg>
				</choice>
			</w>
			<w x="639">or</w>
			<w x="715">by</w>
			<w x="984">experience</w>
			<w x="1172">taught,</w>
			<w x="1271">she</w>
			<w x="1422">learn,</w>
		</line>
		<div id="3" group="1" x="278" y="1000" width="1090" height="304" type="score"
			sealts="358b_1_1.259" work="pl" section="pl8" attribution="HM">
			<line c="1046" h="72" n="8">
				<w x="405">That</w>
				<w x="497">not</w>
				<w x="563">to</w>
				<w x="711">know</w>
				<w x="775">at</w>
				<w x="909">large</w>
				<w x="980">of</w>
				<w x="1136">things</w>
				<w x="1316">remote</w>
			</line>
			<line c="1114" h="64" n="9">
				<w x="412">From</w>
				<w x="521">use,</w>
				<w x="723">obscure</w>
				<w x="823">and</w>
				<w x="995">subtle,</w>
				<w x="1095">but</w>
				<w x="1160">to</w>
				<w x="1310">know</w>
			</line>
			<line c="1188" h="69" n="10">
				<w x="404">That</w>
				<w x="564">which</w>
				<w x="727">before</w>
				<w x="797">us</w>
				<w x="893">lies</w>
				<w x="958">in</w>
				<w x="1091">daily</w>
				<w x="1198">life,</w>
			</line>
			<line c="1257" h="68" n="11">
				<w x="327">Is</w>
				<w x="419">the</w>
				<w x="571">prime</w>
				<w x="795">wisdom;</w>
				<w x="946">what</w>
				<w x="1001">is</w>
				<w x="1147">more,</w>
				<w x="1206">is</w>
				<w x="1357">fume,</w>
			</line>
		</div>
		<line c="1329" h="67" n="12">
			<w x="348">Or</w>
			<w x="610">emptiness,</w>
			<w x="678">or</w>
			<w x="798">fond</w>
			<w x="1135">impertinence,</w>
		</line>
		<line c="1400" h="63" n="13">
			<w x="380">And</w>
			<w x="570">renders</w>
			<w x="636">us</w>
			<w x="699">in</w>
			<w x="859">things</w>
			<w x="975">that</w>
			<w x="1106">most</w>
			<w x="1307">concern</w>
		</line>
		<line c="1470" h="63" n="14">
			<w x="564">
				<choice>
					<orig>Unpractis'd,</orig>
					<reg>Unpracticed,</reg>
				</choice>
			</w>
			<w x="851">
				<choice>
					<orig>unprepar'd,</orig>
					<reg>unprepared,</reg>
				</choice>
			</w>
			<w x="959">and</w>
			<w x="1065">still</w>
			<w x="1131">to</w>
			<w x="1267">seek.</w>
		</line>
	</div>
</body>
