<body>
	<div id="2" group="1" x="578" y="1470" width="1106" height="573" type="score"
		sealts="358b_1_1.356" work="pl" section="pl10" attribution="HM">
		<line c="1521" h="68" n="15">
			<w x="666">My</w>
			<w x="786">own</w>
			<w x="1075">deservings;</w>
			<w x="1186">but</w>
			<w x="1289">this</w>
			<w x="1399">will</w>
			<w x="1498">not</w>
			<w x="1664">serve;</w>
		</line>
		<line c="1588" h="58" n="16">
			<w x="658">All</w>
			<w x="773">that</w>
			<w x="811">I</w>
			<w x="918">eat,</w>
			<w x="987">or</w>
			<w x="1144">drink,</w>
			<w x="1214">or</w>
			<w x="1341">shall</w>
			<w x="1505">beget,</w>
		</line>
		<line c="1662" h="70" n="17">
			<w x="630">Is</w>
			<w x="909">propagated</w>
			<w x="1064">curse.</w>
			<w x="1171">O</w>
			<w x="1312">voice</w>
			<w x="1440">once</w>
			<w x="1597">heard</w>
		</line>
		<line c="1734" h="69" n="18">
			<w x="883">Delightfully,</w>
			<w x="1127">
				<choice>
					<orig>'Encrease</orig>
					<reg>'Increase</reg>
				</choice>
			</w>
			<w x="1233">and</w>
			<w x="1485">multiply,'</w>
		</line>
		<line c="1799" h="55" n="19">
			<w x="701">Now</w>
			<w x="851">death</w>
			<w x="916">to</w>
			<w x="1063">hear!</w>
			<w x="1161">for</w>
			<w x="1301">what</w>
			<w x="1402">can</w>
			<w x="1442">I</w>
			<w x="1666">
				<choice>
					<orig>encrease</orig>
					<reg>increase</reg>
				</choice>
			</w>
		</line>
		<line c="1874" h="65" n="20">
			<w x="654">Or</w>
			<w x="883">multiply,</w>
			<w x="982">but</w>
			<w x="1145">curses</w>
			<w x="1221">on</w>
			<w x="1309">my</w>
			<w x="1473">head?</w>
		</line>
		<line c="1945" h="65" n="21">
			<w x="701">Who</w>
			<w x="772">of</w>
			<w x="843">all</w>
			<w x="966">ages</w>
			<w x="1033">to</w>
			<w x="1250">succeed,</w>
			<w x="1350">but</w>
			<w x="1530">feeling</w>
		</line>
		<line c="2014" h="62" n="22">
			<w x="687">The</w>
			<w x="791">evil</w>
			<w x="867">on</w>
			<w x="976">him</w>
			<w x="1179">brought</w>
			<w x="1255">by</w>
			<w x="1362">me,</w>
			<w x="1474">will</w>
			<w x="1616">curse</w>
		</line>
	</div>
</body>
