<body>
	<div id="2" group="1" x="266" y="1494" width="1206" height="366" type="score"
		sealts="358b_1_1.321" work="pl" section="pl9" attribution="HM">
		<line c="1538" h="71" n="15">
			<w x="334">In</w>
			<w x="537">solitude</w>
			<w x="640">live</w>
			<w x="833">savage,</w>
			<w x="900">in</w>
			<w x="1038">some</w>
			<w x="1184">glade</w>
		</line>
		<line c="1610" h="71" n="16">
			<w x="508">
				<choice>
					<orig>Obscur'd,</orig>
					<reg>Obscured,</reg>
				</choice>
			</w>
			<w x="675">where</w>
			<w x="866">highest</w>
			<w x="1048">woods,</w>
			<w x="1376">impenetrable</w>
		</line>
		<line c="1683" h="72" n="17">
			<w x="352">To</w>
			<w x="459">star</w>
			<w x="527">or</w>
			<w x="769">
				<choice>
					<orig>sun-light,</orig>
					<reg>sun light,</reg>
					<reg>sun</reg>
					<reg>light,</reg>
				</choice>
			</w>
			<w x="942">spread</w>
			<w x="1072">their</w>
			<w x="1295">umbrage</w>
			<w x="1463">broad,</w>
		</line>
		<line c="1754" h="70" n="18">
			<w x="377">And</w>
			<w x="547">brown</w>
			<w x="614">as</w>
			<w x="844">evening:</w>
			<w x="1004">cover</w>
			<w x="1108">me,</w>
			<w x="1185">ye</w>
			<w x="1347">pines!</w>
		</line>
		<line c="1822" h="69" n="19">
			<w x="342">Ye</w>
			<w x="521">cedars,</w>
			<w x="652">with</w>
			<w x="957">innumerable</w>
			<w x="1141">boughs</w>
		</line>
	</div>
</body>
