<body>
	<div id="2" group="1" x="266" y="1550" width="1100" height="79" type="underline"
		sealts="358b_1_1.081" work="pl" section="pl3" attribution="HM">
		<line c="1597" h="61" n="16">
			<w x="432">Then</w>
			<w x="550">feed</w>
			<w x="628">on</w>
			<w x="870">thoughts,</w>
			<w x="988">that</w>
			<w x="1230">voluntary</w>
			<w x="1358">move</w>
		</line>
		<line c="1663" h="69" n="17">
			<w x="600">Harmonious</w>
			<w x="824">numbers;</w>
		</line>
	</div>
</body>
