<body>
	<div id="2" group="1" x="692" y="1332" width="1152" height="150" type="score"
		sealts="358b_1_1.098" work="pl" section="pl3" attribution="HM">
		<line c="1380" h="63" n="13">
			<w x="827">Here</w>
			<w x="1038">pilgrims</w>
			<w x="1190">roam</w>
			<w x="1307">that</w>
			<w x="1488">
				<choice>
					<orig>stray'd</orig>
					<reg>strayed</reg>
				</choice>
			</w>
			<w x="1557">so</w>
			<w x="1642">far</w>
			<w x="1708">to</w>
			<w x="1835">seek</w>
		</line>
		<line c="1448" h="67" n="14">
			<w x="757">In</w>
			<w x="997">Golgotha</w>
			<w x="1106">him</w>
			<w x="1251">dead,</w>
			<w x="1377">who</w>
			<w x="1503">lives</w>
			<w x="1569">in</w>
			<w x="1784">heaven;</w>
		</line>
	</div>
	<div id="2" group="1" x="694" y="1484" width="1014" height="216" type="score"
		sealts="358b_1_1.098" work="pl" section="pl3" attribution="HM">
		<line c="1522" h="61" n="15">
			<w x="802">And</w>
			<w x="928">they</w>
			<w x="1048">who</w>
			<w x="1114">to</w>
			<w x="1188">be</w>
			<w x="1307">sure</w>
			<w x="1380">of</w>
			<w x="1587">paradise</w>
		</line>
		<line c="1591" h="67" n="16">
			<w x="852">Dying</w>
			<w x="950">put</w>
			<w x="1026">on</w>
			<w x="1120">the</w>
			<w x="1290">weeds</w>
			<w x="1362">of</w>
			<w x="1595">Dominic,</w>
		</line>
		<line c="1666" h="61" n="17">
			<w x="767">Or</w>
			<w x="831">in</w>
			<w x="1108">Franciscan</w>
			<w x="1254">think</w>
			<w x="1321">to</w>
			<w x="1438">pass</w>
			<w x="1691">
				<choice>
					<orig>disguis'd;</orig>
					<reg>disguised;</reg>
				</choice>
			</w>
		</line>
	</div>
</body>
