<body>
	<div id="2" group="1" x="580" y="1302" width="1302" height="176" type="score"
		sealts="358b_1_b074" mode="commentary" section="life" attribution="HM">
		<line c="1327" h="49" n="15">
			<w x="702">great</w>
			<w x="829">work</w>
			<w x="893">is</w>
			<w x="981">not</w>
			<w x="1090">with</w>
			<w x="1304">exactness</w>
			<w x="1470">known.</w>
			<w x="1590">Mr.</w>
			<w x="1732">Capel</w>
			<w x="1851">Lofft</w>
		</line>
		<line c="1385" h="52" n="16">
			<w x="723">thinks</w>
			<w x="815">that</w>
			<w x="958">Milton</w>
			<w x="1090">began</w>
			<w x="1184">this</w>
			<w x="1311">poem</w>
			<w x="1373">in</w>
			<w x="1454">his</w>
			<w x="1705">forty-eighth</w>
			<w x="1850">year,*</w>
		</line>
		<line c="1445" h="50" n="17">
			<w x="673">and</w>
			<w x="838">finished</w>
			<w x="882">it</w>
			<w x="935">in</w>
			<w x="1008">his</w>
			<w x="1269">fifty-seventh.</w>
			<w x="1454">Philips</w>
			<w x="1549">says</w>
			<w x="1638">that</w>
			<w x="1699">he</w>
			<w x="1779">had</w>
			<w x="1850">the</w>
		</line>
	</div>
	<div id="3" group="2" x="576" y="2076" width="1282" height="190" type="score"
		sealts="358b_1_b074" mode="commentary" section="life" attribution="HM">
		<line c="2108" h="46" n="28">
			<w x="633">A</w>
			<w x="776">friend</w>
			<w x="842">of</w>
			<w x="1018">Milton's</w>
			<w x="1107">also</w>
			<w x="1295">informed</w>
			<w x="1463">Toland</w>
			<w x="1563">that</w>
			<w x="1715">Milton</w>
			<w x="1845">could</w>
		</line>
		<line c="2173" h="49" n="29">
			<w x="703">never</w>
			<w x="882">compose</w>
			<w x="977">well</w>
			<w x="1053">but</w>
			<w x="1115">in</w>
			<w x="1203">the</w>
			<w x="1349">spring</w>
			<w x="1441">and</w>
			<w x="1625">autumn.</w>
			<w x="1735">He</w>
			<w x="1844">then</w>
		</line>
		<line c="2232" h="57" n="30">
			<w x="726">poured</w>
			<w x="812">out</w>
			<w x="921">with</w>
			<w x="1045">great</w>
			<w x="1158">ease</w>
			<w x="1260">and</w>
			<w x="1434">fluency</w>
			<w x="1515">his</w>
			<w x="1846">unpremeditated</w>
		</line>
	</div>
</body>
