<body>
    <div id="1" group="1" x="168" y="105" width="502" height="114" sealts="358b_1_a02"
        section="frontmatter" type="notation" attribution="HM">
        <line n="1" h="113" c="174">
            <w x="309">
                <choice>
                    <orig>C.</orig>
                    <reg>Cape</reg>
                </choice>
            </w>
            <w x="477">Horn</w>
            <w x="664">1860</w>
        </line>
    </div>
    <div id="2" group="2" x="602" y="218" width="134" height="72" sealts="358b_1_a02"
        section="frontmatter" type="notation" attribution="bookseller">
        <line n="1" h="72" c="266">
            <w x="668">2</w>
            <w x="716">v</w>
        </line>
    </div>
</body>
