<body>
	<div id="2" group="1" x="292" y="1778" width="1117" height="378" type="score" type2="annotated"
		sealts="358b_1_1.347" work="pl" section="pl10" attribution="HM">
		<line c="1821" h="62" n="19">
			<w x="389">His</w>
			<w x="555">visage</w>
			<w x="725">drawn</w>
			<w x="799">he</w>
			<w x="900">felt</w>
			<w x="966">to</w>
			<w x="1111">sharp</w>
			<w x="1215">and</w>
			<w x="1370">spare,</w>
		</line>
		<line c="1891" h="61" n="20">
			<w x="389">His</w>
			<w x="522">arms</w>
			<w x="671">clung</w>
			<w x="738">to</w>
			<w x="823">his</w>
			<w x="943">ribs,</w>
			<w x="1031">his</w>
			<w x="1143">legs</w>
			<w x="1396">entwining</w>
		</line>
		<line c="1963" h="60" n="21">
			<w x="428">Each</w>
			<w x="583">other,</w>
			<w x="672">till</w>
			<w x="946">supplanted</w>
			<w x="1096">down</w>
			<w x="1169">he</w>
			<w x="1263">fell</w>
		</line>
		<line c="2035" h="59" n="22">
			<w x="345">A</w>
			<w x="606">monstrous</w>
			<w x="800">serpent</w>
			<w x="875">on</w>
			<w x="960">his</w>
			<w x="1094">belly</w>
			<w x="1258">prone,</w>
		</line>
		<line c="2107" h="57" n="23">
			<w x="553">Reluctant,</w>
			<w x="654">but</w>
			<w x="718">in</w>
			<w x="856">vain;</w>
			<w x="905">a</w>
			<w x="1084">greater</w>
			<w x="1249">power</w>
		</line>
	</div>
	<div id="3" group="1" x="38" y="1884" width="214" height="206" type="annotation"
		sealts="358b_1_1.347" work="pl" section="pl10" attribution="HM">
		<line n="1" h="206" c="1982">
			<w x="230">Dante</w>
		</line>
	</div>
</body>
