<body>
	<div id="2" group="1" x="267" y="1276" width="1101" height="359" type="score"
		sealts="358b_1_1.229" work="pl" section="pl7" attribution="HM">
		<line c="1320" h="58" n="12">
			<w x="370">But</w>
			<w x="642">knowledge</w>
			<w x="698">is</w>
			<w x="765">as</w>
			<w x="896">food,</w>
			<w x="1000">and</w>
			<w x="1152">needs</w>
			<w x="1227">no</w>
			<w x="1331">less</w>
		</line>
		<line c="1392" h="58" n="13">
			<w x="375">Her</w>
			<w x="661">temperance</w>
			<w x="781">over</w>
			<w x="1001">appetite,</w>
			<w x="1068">to</w>
			<w x="1218">know</w>
		</line>
		<line c="1464" h="60" n="14">
			<w x="330">In</w>
			<w x="540">measure</w>
			<w x="678">what</w>
			<w x="772">the</w>
			<w x="908">mind</w>
			<w x="1027">may</w>
			<w x="1146">well</w>
			<w x="1358">contain;</w>
		</line>
		<line c="1535" h="58" n="15">
			<w x="514">Oppresses</w>
			<w x="623">else</w>
			<w x="750">with</w>
			<w x="929">surfeit,</w>
			<w x="1034">and</w>
			<w x="1157">soon</w>
			<w x="1294">turns</w>
		</line>
		<line c="1607" h="59" n="16">
			<w x="470">Wisdom</w>
			<w x="535">to</w>
			<w x="671">folly,</w>
			<w x="742">as</w>
			<w x="1050">nourishment</w>
			<w x="1114">to</w>
			<w x="1261">wind.</w>
		</line>
	</div>
</body>
