<body>
	<div id="2" group="1" x="298" y="2066" width="1294" height="308" type="score"
		sealts="358b_1_1.093" work="pl" section="pl3" attribution="HM">
		<line c="2117" h="63" n="23">
			<w x="409">And</w>
			<w x="581">where</w>
			<w x="667">the</w>
			<w x="794">river</w>
			<w x="859">of</w>
			<w x="977">bliss</w>
			<w x="1183">through</w>
			<w x="1331">midst</w>
			<w x="1392">of</w>
			<w x="1564">heaven</w>
		</line>
		<line c="2187" h="58" n="24">
			<w x="432">Rolls</w>
			<w x="543">
				<choice>
					<orig>o'er</orig>
					<reg>over</reg>
				</choice>
			</w>
			<w x="747">Elysian</w>
			<w x="939">flowers</w>
			<w x="1036">her</w>
			<w x="1204">amber</w>
			<w x="1427">stream;</w>
		</line>
		<line c="2301" h="42" n="25">
			<w x="545">golden]</w>
			<w x="655">Virg.</w>
			<w x="784">Eclog.</w>
			<w x="840">iv.</w>
			<w x="886">9.</w>
		</line>
		<line c="2352" h="41" n="26">
			<w x="666">'Toto</w>
			<w x="794">surget</w>
			<w x="890">gens</w>
			<w x="1005">aurea</w>
			<w x="1157">mundo.'</w>
			<w x="1317">Hume.</w>
		</line>
	</div>
</body>
