<body>
	<div id="2" group="1" x="282" y="1662" width="1190" height="296" type="score"
		sealts="358b_1_1.117" work="pl" section="pl4" attribution="HM">
		<line c="1708" h="60" n="17">
			<w x="453">Whom</w>
			<w x="633">hunger</w>
			<w x="787">drives</w>
			<w x="851">to</w>
			<w x="975">seek</w>
			<w x="1092">new</w>
			<w x="1243">haunt</w>
			<w x="1329">for</w>
			<w x="1464">prey,</w>
		</line>
		<line c="1779" h="58" n="18">
			<w x="523">Watching</w>
			<w x="680">where</w>
			<w x="931">shepherds</w>
			<w x="1034">pen</w>
			<w x="1163">their</w>
			<w x="1309">flocks</w>
			<w x="1369">at</w>
			<w x="1460">eve</w>
		</line>
		<line c="1848" h="54" n="19">
			<w x="347">In</w>
			<w x="542">hurdled</w>
			<w x="682">cotes</w>
			<w x="815">amid</w>
			<w x="909">the</w>
			<w x="1029">field</w>
			<w x="1208">secure,</w>
		</line>
		<line c="1922" h="58" n="20">
			<w x="437">Leaps</w>
			<w x="544">
				<choice>
					<orig>o'er</orig>
					<reg>over</reg>
				</choice>
			</w>
			<w x="636">the</w>
			<w x="779">fence</w>
			<w x="905">with</w>
			<w x="1023">ease</w>
			<w x="1132">into</w>
			<w x="1223">the</w>
			<w x="1366">fold:</w>
		</line>
	</div>
</body>
