<body>
	<div id="2" group="1" x="582" y="1356" width="788" height="90" type="underline" type2="score"
		sealts="358b_1_1.202" work="pl" section="pl6" attribution="HM">
		<line c="1417" h="84" n="13">
			<w x="788">Cannot</w>
			<w x="880">but</w>
			<w x="962">by</w>
			<w x="1262">annihilating</w>
			<w x="1362">die;</w>
		</line>
	</div>
	<div id="3" group="2" x="567" y="2010" width="1237" height="524" type="score"
		sealts="358b_1_1.202" work="pl" section="pl6" attribution="HM">
		<line c="2050" h="68" n="22">
			<w x="681">And</w>
			<w x="810">with</w>
			<w x="957">fierce</w>
			<w x="1153">ensigns</w>
			<w x="1335">
				<choice>
					<orig>pierc'd</orig>
					<reg>pierced</reg>
				</choice>
			</w>
			<w x="1430">the</w>
			<w x="1563">deep</w>
			<w x="1709">array</w>
		</line>
		<line c="2117" h="76" n="23">
			<w x="650">Of</w>
			<w x="811">Moloc</w>
			<w x="993">furious</w>
			<w x="1133">king,</w>
			<w x="1257">who</w>
			<w x="1367">him</w>
			<w x="1550">
				<choice>
					<orig>defy'd,</orig>
					<reg>defied,</reg>
				</choice>
			</w>
		</line>
		<line c="2190" h="72" n="24">
			<w x="680">And</w>
			<w x="742">at</w>
			<w x="827">his</w>
			<w x="1013">chariot</w>
			<w x="1196">wheels</w>
			<w x="1264">to</w>
			<w x="1389">drag</w>
			<w x="1499">him</w>
			<w x="1664">bound</w>
		</line>
		<line c="2267" h="62" n="25">
			<w x="862">
				<choice>
					<orig>Threaten'd,</orig>
					<reg>Threatened,</reg>
				</choice>
			</w>
			<w x="962">nor</w>
			<w x="1090">from</w>
			<w x="1186">the</w>
			<w x="1329">Holy</w>
			<w x="1451">One</w>
			<w x="1523">of</w>
			<w x="1694">
				<choice>
					<orig>heav'n</orig>
					<reg>heaven</reg>
				</choice>
			</w>
		</line>
		<line c="2339" h="62" n="26">
			<w x="802">
				<choice>
					<orig>Refrain'd</orig>
					<reg>Refrained</reg>
				</choice>
			</w>
			<w x="889">his</w>
			<w x="1069">tongue</w>
			<w x="1418">blasphemous;</w>
			<w x="1531">but</w>
			<w x="1677">anon,</w>
		</line>
		<line c="2408" h="58" n="27">
			<w x="726">Down</w>
			<w x="896">cloven</w>
			<w x="963">to</w>
			<w x="1058">the</w>
			<w x="1220">waist,</w>
			<w x="1347">with</w>
			<w x="1576">
				<choice>
					<orig>shatter'd</orig>
					<reg>shattered</reg>
				</choice>
			</w>
			<w x="1710">arms</w>
		</line>
		<line c="2485" h="65" n="28">
			<w x="679">And</w>
			<w x="889">uncouth</w>
			<w x="1009">pain</w>
			<w x="1115">fled</w>
			<w x="1382">bellowing.</w>
			<w x="1520">On</w>
			<w x="1648">each</w>
			<w x="1789">wing</w>
		</line>
	</div>
</body>
