<body>
	<div id="2" group="1" x="582" y="1620" width="1260" height="370" type="score" type2="xmark"
		sealts="358b_1_1.170" work="pl" section="pl5" attribution="HM">
		<line c="1666" h="69" n="17">
			<w x="697">The</w>
			<w x="858">angel,</w>
			<w x="958">nor</w>
			<w x="1023">in</w>
			<w x="1158">mist,</w>
			<w x="1250">the</w>
			<w x="1471">common</w>
			<w x="1607">gloss</w>
		</line>
		<line c="1741" h="64" n="18">
			<w x="667">Of</w>
			<w x="965">theologians,</w>
			<w x="1066">but</w>
			<w x="1194">with</w>
			<w x="1328">keen</w>
			<w x="1546">dispatch</w>
		</line>
		<line c="1812" h="60" n="19">
			<w x="668">Of</w>
			<w x="770">real</w>
			<w x="970">hunger,</w>
			<w x="1077">and</w>
			<w x="1347">concoctive</w>
			<w x="1471">heat</w>
		</line>
		<line c="1886" h="64" n="20">
			<w x="669">To</w>
			<w x="1097">transubstantiate:</w>
			<w x="1251">what</w>
			<w x="1498">redounds,</w>
			<w x="1753">transpires</w>
		</line>
	</div>
	<div id="3" group="2" x="294" y="2648" width="664" height="208" type="annotation" type2="xmark"
		erasure="true" sealts="358b_1_1.170" work="pl" section="pl5" attribution="HM"/>
</body>
