<body>
	<div id="2" group="1" x="248" y="1630" width="1270" height="672" type="score"
		sealts="358b_1_1.101" work="pl" section="pl3" attribution="HM">
		<line c="1680" h="68" n="17">
			<w x="416">Round</w>
			<w x="494">he</w>
			<w x="708">surveys,</w>
			<w x="828">(and</w>
			<w x="944">well</w>
			<w x="1110">might,</w>
			<w x="1274">where</w>
			<w x="1350">he</w>
			<w x="1496">stood</w>
		</line>
		<line c="1751" h="66" n="18">
			<w x="322">So</w>
			<w x="447">high</w>
			<w x="601">above</w>
			<w x="698">the</w>
			<w x="897">circling</w>
			<w x="1083">canopy</w>
		</line>
		<line c="1824" h="72" n="19">
			<w x="326">Of</w>
			<w x="500">night's</w>
			<w x="738">extended</w>
			<w x="929">shade,)</w>
			<w x="1060">from</w>
			<w x="1251">eastern</w>
			<w x="1391">point</w>
		</line>
		<line c="1890" h="62" n="20">
			<w x="326">Of</w>
			<w x="474">Libra</w>
			<w x="540">to</w>
			<w x="635">the</w>
			<w x="796">fleecy</w>
			<w x="905">star</w>
			<w x="1021">that</w>
			<w x="1163">bears</w>
		</line>
		<line c="1956" h="50" n="21">
			<w x="534">Andromeda</w>
			<w x="618">far</w>
			<w x="706">off</w>
			<w x="911">Atlantic</w>
			<w x="1028">seas</w>
		</line>
		<line c="2037" h="70" n="22">
			<w x="439">Beyond</w>
			<w x="524">
				<choice>
					<orig>th'</orig>
					<reg>the</reg>
				</choice>
			</w>
			<w x="752">horizon:</w>
			<w x="892">then</w>
			<w x="1022">from</w>
			<w x="1139">pole</w>
			<w x="1207">to</w>
			<w x="1324">pole</w>
		</line>
		<line c="2103" h="79" n="23">
			<w x="329">He</w>
			<w x="485">views</w>
			<w x="551">in</w>
			<w x="765">breadth,</w>
			<w x="873">and</w>
			<w x="1079">without</w>
			<w x="1246">longer</w>
			<w x="1397">pause</w>
		</line>
		<line c="2177" h="70" n="24">
			<w x="403">Down</w>
			<w x="539">right</w>
			<w x="651">into</w>
			<w x="745">the</w>
			<w x="940">world's</w>
			<w x="1053">first</w>
			<w x="1221">region</w>
			<w x="1402">throws</w>
		</line>
		<line c="2245" h="63" n="25">
			<w x="340">His</w>
			<w x="487">flight</w>
			<w x="779">precipitant,</w>
			<w x="886">and</w>
			<w x="1046">winds</w>
			<w x="1174">with</w>
			<w x="1293">ease</w>
		</line>
	</div>
</body>
