<body>
	<div id="2" group="1" x="274" y="2450" width="1296" height="220" type="score" erasure="true"
		sealts="358b_1_1.089" work="pl" mode="commentary" section="notes" attribution="HM">
		<line c="2480" h="45" n="28">
			<w x="539">maugre</w>
			<w x="635">hell]</w>
			<w x="770">'Such</w>
			<w x="867">Life</w>
			<w x="952">that</w>
			<w x="1110">maugre</w>
			<w x="1212">Hell</w>
			<w x="1278">he</w>
			<w x="1404">lives.'</w>
			<w x="1494">Sir</w>
			<w x="1555">T.</w>
		</line>
		<line c="2534" h="45" n="29">
			<w x="465">Hawkins'</w>
			<w x="619">Horace,</w>
			<w x="744">(1638)</w>
			<w x="789">p.</w>
			<w x="856">72.</w>
			<w x="1026">'Maugre</w>
			<w x="1108">thy</w>
			<w x="1216">fury,'</w>
			<w x="1259">v.</w>
			<w x="1430">Marino's</w>
			<w x="1499">Sl.</w>
			<w x="1554">of</w>
		</line>
		<line c="2589" h="46" n="30">
			<w x="351">the</w>
			<w x="448">Inn.</w>
			<w x="493">p.</w>
			<w x="560">58.</w>
			<w x="734">'Maugre</w>
			<w x="847">thine</w>
			<w x="1028">enemies'</w>
			<w x="1138">hate.'</w>
			<w x="1340">Gayton's</w>
			<w x="1422">Ch.</w>
			<w x="1555">Script.</w>
		</line>
		<line c="2640" h="40" n="31">
			<w x="327">p.</w>
			<w x="372">3.</w>
			<w x="451">4to.</w>
		</line>
	</div>
</body>
