<body>
	<div id="2" group="1" x="274" y="468" width="1268" height="370" type="score" type2="annotated"
		sealts="358b_1_1.267" work="pl" section="pl8" attribution="HM">
		<line c="521" h="61" n="1">
			<w x="418">What</w>
			<w x="620">think'st</w>
			<w x="745">thou</w>
			<w x="869">then</w>
			<w x="940">of</w>
			<w x="1047">me,</w>
			<w x="1155">and</w>
			<w x="1261">this</w>
			<w x="1356">my</w>
			<w x="1532">state?</w>
		</line>
		<line c="593" h="60" n="2">
			<w x="418">Seem</w>
			<w x="457">I</w>
			<w x="526">to</w>
			<w x="647">thee</w>
			<w x="925">sufficiently</w>
			<w x="1114">
				<choice>
					<orig>possest</orig>
					<reg>possessed</reg>
				</choice>
			</w>
		</line>
		<line c="658" h="67" n="3">
			<w x="353">Of</w>
			<w x="618">happiness,</w>
			<w x="688">or</w>
			<w x="797">not,</w>
			<w x="920">who</w>
			<w x="1010">am</w>
			<w x="1155">alone</w>
		</line>
		<line c="734" h="61" n="4">
			<w x="414">From</w>
			<w x="490">all</w>
			<w x="732">eternity?</w>
			<w x="828">for</w>
			<w x="957">none</w>
			<w x="999">I</w>
			<w x="1154">know</w>
		</line>
		<line c="805" h="59" n="5">
			<w x="457">Second</w>
			<w x="523">to</w>
			<w x="612">me</w>
			<w x="681">or</w>
			<w x="802">like,</w>
			<w x="950">equal</w>
			<w x="1100">much</w>
			<w x="1220">less.</w>
		</line>
	</div>
	<div id="3" group="1" x="30" y="100" width="484" height="466" type="annotation"
		sealts="358b_1_1.267" work="pl" section="pl8" attribution="HM">
		<line n="1" h="232" c="294">
			<w x="140">The</w>
			<w x="352">grandest</w>
			<w x="396">of</w>
			<w x="500">all</w>
		</line>
		<line n="2" h="233" c="378">
			<w x="292">grand</w>
			<w x="494">thoughts.</w>
		</line>
	</div>
</body>
