<body>
	<div id="2" group="1" x="300" y="645" width="1098" height="442" type="score"
		sealts="358b_1_1.357" work="pl" section="pl10" attribution="HM">
		<line c="703" h="66" n="3">
			<w x="439">From</w>
			<w x="664">darkness</w>
			<w x="731">to</w>
			<w x="943">promote</w>
			<w x="1048">me,</w>
			<w x="1117">or</w>
			<w x="1238">here</w>
			<w x="1380">place</w>
		</line>
		<line c="771" h="65" n="4">
			<w x="361">In</w>
			<w x="465">this</w>
			<w x="688">delicious</w>
			<w x="898">garden?</w>
			<w x="990">As</w>
			<w x="1084">my</w>
			<w x="1193">will</w>
		</line>
		<line c="843" h="65" n="5">
			<w x="546">
				<choice>
					<orig>Concurr'd</orig>
					<reg>Concurred</reg>
				</choice>
			</w>
			<w x="638">not</w>
			<w x="704">to</w>
			<w x="798">my</w>
			<w x="961">being,</w>
			<w x="1018">it</w>
			<w x="1153">were</w>
			<w x="1253">but</w>
			<w x="1386">right</w>
		</line>
		<line c="914" h="63" n="6">
			<w x="407">And</w>
			<w x="552">equal</w>
			<w x="618">to</w>
			<w x="793">reduce</w>
			<w x="884">me</w>
			<w x="953">to</w>
			<w x="1046">my</w>
			<w x="1177">dust,</w>
		</line>
		<line c="983" h="63" n="7">
			<w x="515">Desirous</w>
			<w x="583">to</w>
			<w x="759">resign,</w>
			<w x="865">and</w>
			<w x="1036">render</w>
			<w x="1166">back</w>
		</line>
		<line c="1056" h="63" n="8">
			<w x="379">All</w>
			<w x="418">I</w>
			<w x="637">
				<choice>
					<orig>receiv'd,</orig>
					<reg>received,</reg>
				</choice>
			</w>
			<w x="813">unable</w>
			<w x="881">to</w>
			<w x="1084">perform</w>
		</line>
	</div>
	<div id="3" group="2" x="294" y="1367" width="1148" height="72" type="score"
		sealts="358b_1_1.357" work="pl" section="pl10" attribution="HM">
		<line c="1411" h="62" n="13">
			<w x="410">Thy</w>
			<w x="581">justice</w>
			<w x="767">seems;</w>
			<w x="889">yet,</w>
			<w x="959">to</w>
			<w x="1056">say</w>
			<w x="1206">truth,</w>
			<w x="1301">too</w>
			<w x="1410">late</w>
		</line>
	</div>
</body>
