<body>
	<div id="2" group="1" x="1255" y="676" width="117" height="83" type="underline"
		sealts="358b_1_1.239" work="pl" section="pl7" attribution="HM">
		<line c="722" h="64" n="4">
			<w x="1370">light</w>
		</line>
	</div>
	<div id="3" group="2" x="764" y="748" width="128" height="76" type="underline"
		sealts="358b_1_1.239" work="pl" section="pl7" attribution="HM">
		<line c="793" h="65" n="5">
			<w x="886">light</w>
		</line>
	</div>
	<div id="4" group="3" x="798" y="1040" width="144" height="70" type="underline"
		sealts="358b_1_1.239" work="pl" section="pl7" attribution="HM">
		<line c="1071" h="69" n="9">
			<w x="938">lights</w>
		</line>
	</div>
</body>
