<body>
	<div id="2" group="1" x="520" y="1706" width="1266" height="509" type="score"
		sealts="358b_1_1.108" work="pl" section="pl3" attribution="HM">
		<line c="1746" h="59" n="18">
			<w x="722">Thus</w>
			<w x="845">said,</w>
			<w x="922">he</w>
			<w x="1097">
				<choice>
					<orig>turn'd,</orig>
					<reg>turned</reg>
				</choice>
			</w>
			<w x="1204">and</w>
			<w x="1359">Satan</w>
			<w x="1547">bowing</w>
			<w x="1667">low,</w>
		</line>
		<line c="1819" h="58" n="19">
			<w x="603">As</w>
			<w x="662">to</w>
			<w x="866">superior</w>
			<w x="1022">spirits</w>
			<w x="1078">is</w>
			<w x="1217">wont</w>
			<w x="1279">in</w>
			<w x="1472">heaven,</w>
		</line>
		<line c="1891" h="58" n="20">
			<w x="697">Where</w>
			<w x="878">
				<choice>
					<orig>honour</orig>
					<reg>honor</reg>
				</choice>
			</w>
			<w x="979">due</w>
			<w x="1084">and</w>
			<w x="1328">reverence</w>
			<w x="1458">none</w>
			<w x="1683">neglects,</w>
		</line>
		<line c="1960" h="54" n="21">
			<w x="666">Took</w>
			<w x="818">leave,</w>
			<w x="927">and</w>
			<w x="1109">toward</w>
			<w x="1201">the</w>
			<w x="1341">coast</w>
			<w x="1409">of</w>
			<w x="1542">earth</w>
			<w x="1759">beneath,</w>
		</line>
		<line c="2033" h="59" n="22">
			<w x="682">Down</w>
			<w x="809">from</w>
			<w x="889">
				<choice>
					<orig>th'</orig>
					<reg>the</reg>
				</choice>
			</w>
			<w x="1092">ecliptic,</w>
			<w x="1219">sped</w>
			<w x="1345">with</w>
			<w x="1492">
				<choice>
					<orig>hop'd</orig>
					<reg>hoped</reg>
				</choice>
			</w>
			<w x="1693">success,</w>
		</line>
		<line c="2105" h="60" n="23">
			<w x="721">Throws</w>
			<w x="811">his</w>
			<w x="950">steep</w>
			<w x="1091">flight</w>
			<w x="1152">in</w>
			<w x="1301">many</w>
			<w x="1376">an</w>
			<w x="1495">
				<choice>
					<orig>aery</orig>
					<reg>airy</reg>
				</choice>
			</w>
			<w x="1663">wheel,</w>
		</line>
		<line c="2176" h="61" n="24">
			<w x="628">Nor</w>
			<w x="799">
				<choice>
					<orig>stay'd,</orig>
					<reg>stayed,</reg>
				</choice>
			</w>
			<w x="887">
				<choice>
					<orig>till</orig>
					<reg>until</reg>
				</choice>
			</w>
			<w x="964">on</w>
			<w x="1205">Niphates'</w>
			<w x="1300">top</w>
			<w x="1374">he</w>
			<w x="1536">lights.</w>
		</line>
	</div>
</body>
