<body>
	<div id="2" group="1" x="276" y="1272" width="1177" height="80" type="hashmark"
		sealts="358b_1_1.125" work="pl" section="pl4" attribution="HM">
		<line c="1313" h="61" n="12">
			<w x="509">
				<choice>
					<orig>Couch'd,</orig>
					<reg>Couched,</reg>
				</choice>
			</w>
			<w x="616">and</w>
			<w x="737">now</w>
			<div id="3" group="1" x="742" y="1268" width="440" height="82" type="underline"
				sealts="358b_1_1.125" work="pl" section="pl4" attribution="HM">
				<w x="884">
					<choice>
						<orig>fill'd</orig>
						<reg>filled,</reg>
					</choice>
				</w>
				<w x="1004">with</w>
				<w x="1180">pasture</w>
			</div>
			<w x="1353">gazing</w>
			<w x="1453">sat,</w>
		</line>
	</div>
	<div id="4" group="2" x="200" y="2602" width="1408" height="264" type="annotation"
		sealts="358b_1_1.125" work="pl" section="pl4" attribution="HM">
		<line n="1" h="264" c="2734">
			<w x="432">"Full</w>
			<w x="490">of</w>
			<w x="600">the</w>
			<w x="890">pasture"</w>
			<w x="964">in</w>
			<w x="1076">"As</w>
			<w x="1114">&#8212;</w>
			<w x="1234">You</w>
			<w x="1270">&#8212;</w>
			<w x="1418">Like</w>
			<w x="1468">&#8212;</w>
			<w x="1596">It"</w>
		</line>
	</div>
</body>
