<body>
    <div id="2" group="1" x="292" y="885" width="1279" height="238" type="score"
        sealts="358b_1_b035" mode="commentary" section="life" attribution="HM">
        <line c="915" h="43" n="7">
            <w x="436">Jesuits</w>
            <w x="498">on</w>
            <w x="667">account</w>
            <w x="724">of</w>
            <w x="797">his</w>
            <w x="968">freedom</w>
            <w x="1026">of</w>
            <w x="1309">conversation;</w>
            <w x="1406">and</w>
            <w x="1559">Manso</w>
        </line>
        <line c="978" h="48" n="8">
            <w x="376">was</w>
            <w x="576">withheld'</w>
            <w x="679">from</w>
            <w x="864">showing</w>
            <w x="962">him</w>
            <w x="1075">some</w>
            <w x="1229">
                <choice>
                    <orig>favours</orig>
                    <reg>favors</reg>
                </choice>
            </w>
            <w x="1297">by</w>
            <w x="1373">the</w>
            <w x="1559">opinions</w>
        </line>
        <line c="1038" h="47" n="9">
            <w x="421">which</w>
            <w x="565">Milton</w>
            <w x="652">had</w>
            <w x="734">too</w>
            <w x="880">openly</w>
            <w x="1084">expressed</w>
            <w x="1155">on</w>
            <w x="1345">religious</w>
            <w x="1556">questions.</w>
        </line>
        <line c="1098" h="45" n="10">
            <w x="363">Sir</w>
            <w x="503">Henry</w>
            <w x="694">Wotton's</w>
            <w x="845">advice,</w>
            <w x="998">though</w>
            <w x="1219">neglected,</w>
            <w x="1309">was</w>
            <w x="1405">now</w>
            <w x="1506">seen</w>
            <w x="1559">to</w>
        </line>
    </div>
</body>
