<body>
	<div id="2" group="1" x="624" y="1837" width="866" height="78" type="xmark" type2="annotated"
		sealts="358b_1_1.224" work="pl" section="pl7" attribution="HM">
		<line c="1878" h="58" n="14">
			<w x="781">Above</w>
			<w x="873">the</w>
			<w x="1015">flight</w>
			<w x="1083">of</w>
			<w x="1327">Pegasean</w>
			<w x="1473">wing.</w>
		</line>
	</div>
	<div id="3" group="2" x="364" y="2780" width="736" height="190" type="annotation" type2="xmark"
		sealts="358b_1_1.224" work="pl" section="pl7" attribution="HM">
		<line n="1" h="189" c="2884">
			<w x="704">Tasso's</w>
			<w x="1084">invocation.</w>
		</line>
	</div>
</body>
