<body>
	<div id="2" group="1" x="286" y="1902" width="1250" height="226" type="score"
		sealts="358b_1_1.323" work="pl" section="pl9" attribution="HM">
		<line c="1951" h="71" n="21">
			<w x="384">Let</w>
			<w x="513">none</w>
			<w x="781">henceforth</w>
			<w x="906">seek</w>
			<w x="1119">needless</w>
			<w x="1264">cause</w>
			<w x="1331">to</w>
			<w x="1531">approve</w>
		</line>
		<line c="2023" h="68" n="22">
			<w x="395">The</w>
			<w x="521">faith</w>
			<w x="643">they</w>
			<w x="781">owe;</w>
			<w x="942">when</w>
			<w x="1176">earnestly</w>
			<w x="1297">they</w>
			<w x="1420">seek</w>
		</line>
		<line c="2094" h="68" n="23">
			<w x="414">Such</w>
			<w x="565">proof,</w>
			<w x="807">conclude,</w>
			<w x="934">they</w>
			<w x="1057">then</w>
			<w x="1203">begin</w>
			<w x="1268">to</w>
			<w x="1373">fail.</w>
		</line>
	</div>
</body>
