<body>
	<div id="2" group="1" x="550" y="566" width="1274" height="124" type="score"
		sealts="358b_1_b094" mode="commentary" section="life" attribution="HM">
		<line c="596" h="50" n="2">
			<w x="678">porch</w>
			<w x="736">of</w>
			<w x="805">St.</w>
			<w x="1005">Nicholas,</w>
			<w x="1060">in</w>
			<w x="1223">March,</w>
			<w x="1346">1692.</w>
			<w x="1455">He</w>
			<w x="1543">was</w>
			<w x="1741">knighted</w>
			<w x="1812">by</w>
		</line>
		<line c="658" h="45" n="3">
			<w x="690">James</w>
			<w x="765">the</w>
			<w x="932">Second.</w>
			<w x="1114">Philips</w>
			<w x="1208">says</w>
			<w x="1266">of</w>
			<w x="1356">him</w>
			<w x="1456">that</w>
			<w x="1526">he</w>
			<w x="1614">was</w>
			<w x="1661">a</w>
			<w x="1811">person</w>
		</line>
	</div>
	<div id="3" group="2" x="436" y="2818" width="1014" height="236" type="annotation"
		sealts="358b_1_b094" mode="commentary" section="life" attribution="HM">
		<line n="1" h="236" c="2952">
			<w x="626">Sir</w>
			<w x="1082">Christopher</w>
			<w x="1438">Milton</w>
		</line>
	</div>
</body>
