<body>
	<div id="2" group="1" x="260" y="1594" width="1212" height="154" type="checkmark" erasure="true"
		sealts="358b_1_1.023" work="pl" section="pl1" attribution="HM">
		<line c="1647" h="58" n="16">
			<w x="391">Not</w>
			<w x="452">in</w>
			<w x="646">despair,</w>
			<w x="716">to</w>
			<w x="841">have</w>
			<w x="991">found</w>
			<w x="1260">themselves</w>
			<w x="1354">not</w>
			<w x="1457">lost</w>
		</line>
		<line c="1714" h="53" n="17">
			<w x="352">In</w>
			<w x="455">loss</w>
			<w x="612">itself;</w>
			<w x="784">which</w>
			<w x="859">on</w>
			<w x="942">his</w>
			<w x="1238">
				<choice>
					<orig>count'nance</orig>
					<reg>countenance</reg>
				</choice>
			</w>
			<w x="1350">cast</w>
		</line>
	</div>
</body>
