<body>
	<div id="2" group="1" x="632" y="494" width="1100" height="291" type="score"
		sealts="358b_1_1.220" work="pl" section="pl6" attribution="HM">
		<line c="544" h="58" n="1">
			<div id="3" group="1" x="656" y="500" width="436" height="76" type="underline"
				sealts="358b_1_1.220" work="pl" section="pl6" attribution="HM">
				<w x="810">They</w>
				<w x="1010">measure</w>
				<w x="1080">all</w>
			</div>
			<w x="1161">of</w>
			<w x="1308">other</w>
			<w x="1572">excellence</w>
		</line>
		<line c="603" h="70" n="2">
			<w x="971">Not</w>
			<w x="994">emulous</w>
			<w x="1069">nor</w>
			<w x="1185">care</w>
			<w x="1305">who</w>
			<w x="1445">them</w>
			<w x="1638">excels;</w>
		</line>
		<line c="677" h="44" n="3">
			<w x="749">Nor</w>
			<w x="888">other</w>
			<w x="1024">strife</w>
			<w x="1153">with</w>
			<w x="1291">them</w>
			<w x="1367">do</w>
			<w x="1408">I</w>
			<w x="1672">vouchsafe.</w>
		</line>
		<line c="755" h="56" n="4">
			<w x="779">So</w>
			<w x="928">
				<choice>
					<orig>spake</orig>
					<reg>spoke</reg>
				</choice>
			</w>
			<w x="1022">the</w>
			<w x="1149">Son,</w>
			<w x="1255">and</w>
			<w x="1366">into</w>
			<w x="1520">terror</w>
			<w x="1723">
				<choice>
					<orig>chang'd</orig>
					<reg>changed</reg>
				</choice>
			</w>
		</line>
	</div>
</body>
