<body>
	<div id="2" group="1" x="300" y="1722" width="1208" height="590" type="score"
		sealts="358b_1_1.213" work="pl" section="pl6" attribution="HM">
		<line c="1774" h="58" n="18">
			<w x="388">Up</w>
			<w x="546">lifting</w>
			<w x="664">bore</w>
			<w x="803">them</w>
			<w x="867">in</w>
			<w x="994">their</w>
			<w x="1161">hands.</w>
			<w x="1402">Amaze,</w>
		</line>
		<line c="1843" h="54" n="19">
			<w x="383">Be</w>
			<w x="511">sure,</w>
			<w x="616">and</w>
			<w x="767">terror</w>
			<w x="919">
				<choice>
					<orig>seiz'd</orig>
					<reg>seized</reg>
				</choice>
			</w>
			<w x="1011">the</w>
			<w x="1146">rebel</w>
			<w x="1277">host,</w>
		</line>
		<line c="1916" h="58" n="20">
			<w x="457">When</w>
			<w x="644">coming</w>
			<w x="846">towards</w>
			<w x="985">them</w>
			<w x="1053">so</w>
			<w x="1201">dread</w>
			<w x="1327">they</w>
			<w x="1437">saw</w>
		</line>
		<line c="1985" h="57" n="21">
			<w x="414">The</w>
			<w x="598">bottom</w>
			<w x="666">of</w>
			<w x="754">the</w>
			<w x="1014">mountains</w>
			<w x="1209">upward</w>
			<w x="1394">
				<choice>
					<orig>turn'd;</orig>
					<reg>turned;</reg>
				</choice>
			</w>
		</line>
		<line c="2058" h="59" n="22">
			<w x="406">
				<choice>
					<orig>Till;</orig>
					<reg>until;</reg>
				</choice>
			</w>
			<w x="482">on</w>
			<w x="623">those</w>
			<w x="794">cursed</w>
			<w x="989">engines</w>
			<w x="1242">
				<choice>
					<orig>triple-row</orig>
					<reg>triple row</reg>
					<reg>triple</reg>
					<reg>row</reg>
				</choice>
			</w>
		</line>
		<line c="2125" h="71" n="23">
			<w x="444">They</w>
			<w x="553">saw</w>
			<w x="691">them</w>
			<w x="926">
				<choice>
					<orig>whelm'd,</orig>
					<reg>whelmed,</reg>
				</choice>
			</w>
			<w x="1031">and</w>
			<w x="1107">all</w>
			<w x="1239">their</w>
			<w x="1505">confidence</w>
		</line>
		<line c="2200" h="59" n="24">
			<w x="464">Under</w>
			<w x="557">the</w>
			<w x="740">weight</w>
			<w x="809">of</w>
			<w x="1062">mountains</w>
			<w x="1229">buried</w>
			<w x="1380">deep;</w>
		</line>
		<line c="2269" h="54" n="25">
			<w x="596">Themselves</w>
			<w x="795">invaded</w>
			<w x="931">next,</w>
			<w x="1037">and</w>
			<w x="1113">on</w>
			<w x="1240">their</w>
			<w x="1393">heads</w>
		</line>
	</div>
</body>
