<body>
	<div id="2" group="1" x="584" y="1130" width="1088" height="922" type="score"
		sealts="358b_1_1.266" work="pl" section="pl8" attribution="HM">
		<line c="1162" h="49" n="10">
			<w x="690">And</w>
			<w x="832">these</w>
			<w x="1026">inferior</w>
			<w x="1109">far</w>
			<w x="1315">beneath</w>
			<w x="1404">me</w>
			<w x="1526">set?</w>
		</line>
		<line c="1241" h="58" n="11">
			<w x="762">Among</w>
			<w x="986">unequals</w>
			<w x="1125">what</w>
			<w x="1310">society</w>
		</line>
		<line c="1310" h="59" n="12">
			<w x="691">Can</w>
			<w x="812">sort,</w>
			<w x="954">what</w>
			<w x="1193">harmony,</w>
			<w x="1263">or</w>
			<w x="1376">true</w>
			<w x="1599">delight?</w>
		</line>
		<line c="1381" h="58" n="13">
			<w x="748">Which</w>
			<w x="884">must</w>
			<w x="955">be</w>
			<w x="1153">mutual,</w>
			<w x="1220">in</w>
			<w x="1484">proportion</w>
			<w x="1603">due,</w>
		</line>
		<line c="1452" h="56" n="14">
			<w x="722">
				<choice>
					<orig>Giv'n</orig>
					<reg>Given</reg>
				</choice>
			</w>
			<w x="825">and</w>
			<w x="1055">
				<choice>
					<orig>receiv'd;</orig>
					<reg>received;</reg>
				</choice>
			</w>
			<w x="1166">but</w>
			<w x="1231">in</w>
			<w x="1471">disparity,</w>
		</line>
		<line c="1522" h="53" n="15">
			<w x="688">The</w>
			<w x="791">one</w>
			<w x="994">intense,</w>
			<w x="1090">the</w>
			<w x="1235">other</w>
			<w x="1342">still</w>
			<w x="1528">remiss,</w>
		</line>
		<line c="1596" h="55" n="16">
			<w x="764">Cannot</w>
			<w x="885">well</w>
			<w x="992">suit</w>
			<w x="1120">with</w>
			<w x="1290">either,</w>
			<w x="1391">but</w>
			<w x="1517">soon</w>
			<w x="1666">prove</w>
		</line>
		<line c="1668" h="58" n="17">
			<w x="781">Tedious</w>
			<w x="942">alike:</w>
			<w x="1026">of</w>
			<w x="1293">fellowship</w>
			<w x="1333">I</w>
			<w x="1491">speak</w>
		</line>
		<line c="1742" h="58" n="18">
			<w x="708">Such</w>
			<w x="774">as</w>
			<w x="815">I</w>
			<w x="956">seek,</w>
			<w x="1029">fit</w>
			<w x="1094">to</w>
			<w x="1365">participate</w>
		</line>
		<line c="1814" h="57" n="19">
			<w x="661">All</w>
			<w x="862">rational</w>
			<w x="1060">delight,</w>
			<w x="1275">wherein</w>
			<w x="1369">the</w>
			<w x="1516">brute</w>
		</line>
		<line c="1885" h="57" n="20">
			<w x="764">Cannot</w>
			<w x="837">be</w>
			<w x="1017">human</w>
			<w x="1237">consort:</w>
			<w x="1376">they</w>
			<w x="1553">rejoice</w>
		</line>
		<line c="1954" h="52" n="21">
			<w x="710">Each</w>
			<w x="838">with</w>
			<w x="969">their</w>
			<w x="1107">kind,</w>
			<w x="1218">lion</w>
			<w x="1346">with</w>
			<w x="1551">lioness;</w>
		</line>
		<line c="2029" h="60" n="22">
			<w x="648">So</w>
			<w x="763">fitly</w>
			<w x="901">them</w>
			<w x="969">in</w>
			<w x="1101">pairs</w>
			<w x="1229">thou</w>
			<w x="1346">hast</w>
			<w x="1611">
				<choice>
					<orig>combin'd;</orig>
					<reg>combined;</reg>
				</choice>
			</w>
		</line>
	</div>
	<div id="3" group="2" x="578" y="2338" width="1008" height="296" type="score"
		sealts="358b_1_1.266" work="pl" section="pl8" attribution="HM">
		<line c="2391" h="66" n="27">
			<div id="4" group="2" x="585" y="2348" width="839" height="72" type="underline"
				sealts="358b_1_1.266" work="pl" section="pl8" attribution="HM">
				<w x="648">A</w>
				<w x="762">nice</w>
				<w x="866">and</w>
				<w x="1050">
					<choice>
						<orig>subtile</orig>
						<reg>subtle</reg>
					</choice>
				</w>
				<w x="1288">happiness</w>
				<w x="1346">I</w>
				<w x="1418">see</w>
			</div>
		</line>
		<line c="2454" h="70" n="28">
			<w x="762">Thou</w>
			<w x="774">to</w>
			<w x="996">thyself</w>
			<w x="1230">proposest,</w>
			<w x="1297">in</w>
			<w x="1392">the</w>
			<w x="1562">choice</w>
		</line>
		<line c="2532" h="59" n="29">
			<w x="654">Of</w>
			<w x="756">thy</w>
			<w x="1023">associates,</w>
			<w x="1199">Adam,</w>
			<w x="1306">and</w>
			<w x="1422">wilt</w>
			<w x="1553">taste</w>
		</line>
		<line c="2604" h="60" n="30">
			<w x="659">No</w>
			<w x="886">pleasure,</w>
			<w x="1073">though</w>
			<w x="1137">in</w>
			<w x="1369">pleasure,</w>
			<w x="1581">solitary.</w>
		</line>
	</div>

</body>
