<body>
	<div id="2" group="1" x="258" y="476" width="868" height="100" type="score"
		sealts="358b_1_1.113" work="pl" section="pl4" attribution="HM">
		<line c="539" h="62" n="1">
			<w x="344">To</w>
			<w x="433">me</w>
			<w x="584">alike,</w>
			<w x="641">it</w>
			<w x="779">deals</w>
			<w x="963">eternal</w>
			<w x="1106">woe:</w>
		</line>
	</div>
	<div id="3" group="2" x="252" y="2046" width="1284" height="594" type="score"
		sealts="358b_1_1.113" work="pl" section="pl4" attribution="HM">
		<line c="2097" h="60" n="23">
			<w x="315">In</w>
			<w x="520">misery;</w>
			<w x="661">such</w>
			<w x="754">joy</w>
			<w x="981">ambition</w>
			<w x="1125">finds.</w>
		</line>
		<line c="2168" h="60" n="24">
			<w x="354">But</w>
			<w x="451">say</w>
			<w x="490">I</w>
			<w x="640">could</w>
			<w x="826">repent,</w>
			<w x="933">and</w>
			<w x="1079">could</w>
			<w x="1246">obtain</w>
		</line>
		<line c="2240" h="60" n="25">
			<w x="333">By</w>
			<w x="426">act</w>
			<w x="497">of</w>
			<w x="647">grace</w>
			<w x="742">my</w>
			<w x="919">former</w>
			<w x="1077">state;</w>
			<w x="1210">how</w>
			<w x="1334">soon</w>
		</line>
		<line c="2312" h="62" n="26">
			<w x="421">Would</w>
			<w x="598">
				<choice>
					<orig>highth</orig>
					<reg>hieght</reg>
				</choice>
			</w>
			<w x="732">
				<choice>
					<orig>recal</orig>
					<reg>recall</reg>
				</choice>
			</w>
			<w x="856">high</w>
			<w x="1095">thoughts,</w>
			<w x="1218">how</w>
			<w x="1343">soon</w>
			<w x="1508">unsay</w>
		</line>
		<line c="2380" h="59" n="27">
			<w x="394">What</w>
			<w x="576">
				<choice>
					<orig>feign'd</orig>
					<reg>feigned</reg>
				</choice>
			</w>
			<w x="853">submission</w>
			<w x="1038">swore:</w>
			<w x="1171">ease</w>
			<w x="1336">would</w>
			<w x="1510">recant</w>
		</line>
		<line c="2451" h="59" n="28">
			<w x="393">Vows</w>
			<w x="539">made</w>
			<w x="605">in</w>
			<w x="738">pain,</w>
			<w x="807">as</w>
			<w x="989">violent</w>
			<w x="1091">and</w>
			<w x="1236">void;</w>
		</line>
		<line c="2523" h="61" n="29">
			<w x="347">For</w>
			<w x="497">never</w>
			<w x="597">can</w>
			<w x="711">true</w>
			<w x="1207">reconcilement</w>
			<w x="1356">grow</w>
		</line>
		<line c="2597" h="64" n="30">
			<w x="420">Where</w>
			<w x="615">wounds</w>
			<w x="682">of</w>
			<w x="860">deadly</w>
			<w x="976">hate</w>
			<w x="1099">have</w>
			<w x="1280">
				<choice>
					<orig>pierc'd</orig>
					<reg>pierced</reg>
				</choice>
			</w>
			<w x="1350">so</w>
			<w x="1507">deep;</w>
		</line>
	</div>
</body>
