<body>
	<div id="2" group="1" x="587" y="1062" width="1115" height="146" type="score" type2="annotated"
		sealts="358b_1_1.060" work="pl" section="pl2" attribution="HM">
		<line c="1102" h="60" n="9">
			<w x="874">Immovable,</w>
			<w x="1058">
				<choice>
					<orig>infix'd,</orig>
					<reg>infixed,</reg>
				</choice>
			</w>
			<w x="1162">and</w>
			<w x="1335">frozen</w>
			<w x="1505">round,</w>
		</line>
		<line c="1172" h="55" n="10">
			<w x="776">Periods</w>
			<w x="847">of</w>
			<w x="1002">time;</w>
			<w x="1192">thence</w>
			<w x="1384">hurried</w>
			<w x="1519">back</w>
			<w x="1586">to</w>
			<w x="1697">fire.</w>
		</line>
	</div>
	<div id="3" group="2" x="182" y="1075" width="250" height="115" type="annotation"
		sealts="358b_1_1.060" work="pl" section="pl2" attribution="HM">
		<line n="1" h="114" c="1138">
			<w x="410">Dante</w>
		</line>
	</div>
</body>
