<body>
	<div id="2" group="1" x="306" y="556" width="1203" height="367" type="score"
		sealts="358b_1_1.359" work="pl" section="pl10" attribution="HM">
		<line c="605" h="55" n="2">
			<w x="387">Of</w>
			<w x="474">life</w>
			<w x="590">that</w>
			<w x="773">
				<choice>
					<orig>sinn'd;</orig>
					<reg>sinned;</reg>
				</choice>
			</w>
			<w x="926">what</w>
			<w x="1037">dies</w>
			<w x="1128">but</w>
			<w x="1268">what</w>
			<w x="1371">had</w>
			<w x="1465">life</w>
		</line>
		<line c="680" h="58" n="3">
			<w x="418">And</w>
			<w x="538">sin?</w>
			<w x="642">the</w>
			<w x="777">body</w>
			<w x="992">properly</w>
			<w x="1116">hath</w>
			<w x="1317">neither.</w>
		</line>
		<line c="749" h="55" n="4">
			<w x="391">All</w>
			<w x="462">of</w>
			<w x="544">me</w>
			<w x="670">then</w>
			<w x="797">shall</w>
			<w x="913">die;</w>
			<w x="1007">let</w>
			<w x="1112">this</w>
			<w x="1320">appease</w>
		</line>
		<line c="818" h="52" n="5">
			<w x="418">The</w>
			<w x="585">doubt,</w>
			<w x="724">since</w>
			<w x="907">human</w>
			<w x="1054">reach</w>
			<w x="1130">no</w>
			<w x="1312">further</w>
			<w x="1496">knows.</w>
		</line>
	</div>
</body>
