<body>
	<div id="2" group="1" x="272" y="924" width="1173" height="287" type="score"
		sealts="358b_1_1.283" work="pl" section="pl9" attribution="HM">
		<line c="965" h="60" n="7">
			<w x="383">The</w>
			<w x="582">infernal</w>
			<w x="784">powers,</w>
			<w x="851">in</w>
			<w x="952">one</w>
			<w x="1059">day</w>
			<w x="1125">to</w>
			<w x="1252">have</w>
			<w x="1428">
				<choice>
					<orig>marr'd</orig>
					<reg>marred</reg>
				</choice>
			</w>
		</line>
		<line c="1037" h="60" n="8">
			<w x="416">What</w>
			<w x="504">he,</w>
			<w x="750">Almighty</w>
			<w x="914">
				<choice>
					<orig>styl'd,</orig>
					<reg>styled,</reg>
				</choice>
			</w>
			<w x="1003">six</w>
			<w x="1167">nights</w>
			<w x="1271">and</w>
			<w x="1399">days</w>
		</line>
		<line c="1108" h="58" n="9">
			<w x="520">
				<choice>
					<orig>Continu'd</orig>
					<reg>Continued</reg>
				</choice>
			</w>
			<w x="730">making,</w>
			<w x="836">and</w>
			<w x="956">who</w>
			<w x="1129">knows</w>
			<w x="1249">how</w>
			<w x="1371">long</w>
		</line>
		<line c="1178" h="56" n="10">
			<w x="442">Before</w>
			<w x="548">had</w>
			<w x="680">been</w>
			<w x="951">contriving,</w>
			<w x="1137">though</w>
			<w x="1339">perhaps</w>
		</line>
	</div>
</body>
