<body>
	<div id="2" group="1" x="314" y="2280" width="1098" height="154" type="arcedscore"
		sealts="358b_1_1.199" work="pl" section="pl6" attribution="HM">
		<line c="2349" h="140" n="26">
			<w x="413">The</w>
			<w x="668">adversary.</w>
			<w x="820">Nor</w>
			<w x="960">think</w>
			<w x="1082">thou</w>
			<w x="1206">with</w>
			<w x="1341">wind</w>
		</line>
		<line c="2399" h="64" n="27">
			<w x="383">Of</w>
			<w x="507">
				<choice>
					<orig>aery</orig>
					<reg>airy</reg>
				</choice>
			</w>
			<w x="685">threats</w>
			<w x="750">to</w>
			<w x="861">awe</w>
			<w x="1024">whom</w>
			<w x="1118">yet</w>
			<w x="1241">with</w>
			<w x="1391">deeds</w>
		</line>
	</div>
</body>
