<body>
	<div id="2" group="1" x="632" y="858" width="1040" height="144" type="score"
		sealts="358b_1_1.306" work="pl" section="pl9" attribution="HM">
		<line c="928" h="113" n="6">
			<w x="732">The</w>
			<w x="867">gods</w>
			<w x="966">are</w>
			<w x="1092">first,</w>
			<w x="1198">and</w>
			<w x="1312">that</w>
			<w x="1568">advantage</w>
			<w x="1665">use</w>
		</line>
		<line c="969" h="61" n="7">
			<w x="707">On</w>
			<w x="803">our</w>
			<w x="964">belief,</w>
			<w x="1081">that</w>
			<w x="1156">all</w>
			<w x="1285">from</w>
			<w x="1424">them</w>
			<w x="1675">proceeds;</w>
		</line>
	</div>
</body>
