<body>
	<div id="2" group="1" x="570" y="508" width="1150" height="282" type="score"
		sealts="358b_1_1.196" work="pl" section="pl6" attribution="HM">
		<line c="548" h="68" n="1">
			<w x="744">When</w>
			<w x="816">he</w>
			<w x="934">who</w>
			<w x="1064">rules</w>
			<w x="1121">is</w>
			<w x="1376">worthiest,</w>
			<w x="1483">and</w>
			<w x="1647">excels</w>
		</line>
		<line c="617" h="67" n="2">
			<w x="745">Them</w>
			<w x="907">whom</w>
			<w x="980">he</w>
			<w x="1195">governs.</w>
			<w x="1367">This</w>
			<w x="1424">is</w>
			<w x="1671">servitude,</w>
		</line>
		<line c="685" h="62" n="3">
			<w x="674">To</w>
			<w x="810">serve</w>
			<w x="893">
				<choice>
					<orig>th'</orig>
					<reg>the</reg>
				</choice>
			</w>
			<w x="1093">unwise,</w>
			<w x="1162">or</w>
			<w x="1265">him</w>
			<w x="1387">who</w>
			<w x="1511">hath</w>
			<w x="1708">
				<choice>
					<orig>rebell'd</orig>
					<reg>rebelled</reg>
				</choice>
			</w>
		</line>
		<line c="764" h="73" n="4">
			<w x="783">Against</w>
			<w x="866">his</w>
			<w x="1099">worthier,</w>
			<w x="1167">as</w>
			<w x="1305">thine</w>
			<w x="1426">now</w>
			<w x="1567">serve</w>
			<w x="1704">thee,</w>
		</line>
	</div>
	<div id="3" group="2" x="594" y="785" width="1231" height="643" type="score"
		sealts="358b_1_1.196" work="pl" section="pl6" attribution="HM">
		<line c="834" h="73" n="5">
			<w x="707">Thy</w>
			<w x="812">self</w>
			<w x="900">not</w>
			<w x="1021">free,</w>
			<w x="1120">but</w>
			<w x="1184">to</w>
			<w x="1282">thy</w>
			<w x="1390">self</w>
			<w x="1659">
				<choice>
					<orig>enthrall'd;</orig>
					<reg>enthralled;</reg>
				</choice>
			</w>
		</line>
		<line c="904" h="70" n="6">
			<w x="692">Yet</w>
			<w x="854">leudly</w>
			<w x="1004">
				<choice>
					<orig>dar'st</orig>
					<reg>dose</reg>
				</choice>
			</w>
			<w x="1099">our</w>
			<w x="1376">
				<choice>
					<orig>minist'ring</orig>
					<reg>ministering</reg>
				</choice>
			</w>
			<w x="1585">upbraid.</w>
		</line>
		<line c="976" h="67" n="7">
			<w x="746">Reign</w>
			<w x="871">thou</w>
			<w x="935">in</w>
			<w x="1040">hell</w>
			<w x="1137">thy</w>
			<w x="1376">kingdom,</w>
			<w x="1461">let</w>
			<w x="1550">me</w>
			<w x="1692">serve</w>
		</line>
		<line c="1039" h="55" n="8">
			<w x="656">In</w>
			<w x="826">
				<choice>
					<orig>heav'n</orig>
					<reg>heaven</reg>
				</choice>
			</w>
			<w x="947">God</w>
			<w x="1068">ever</w>
			<w x="1258">
				<choice>
					<orig>bless'd,</orig>
					<reg>blessed,</reg>
				</choice>
			</w>
			<w x="1365">and</w>
			<w x="1451">his</w>
			<w x="1614">divine</w>
		</line>
		<line c="1115" h="65" n="9">
			<w x="790">Behests</w>
			<w x="935">obey,</w>
			<w x="1179">worthiest</w>
			<w x="1243">to</w>
			<w x="1317">be</w>
			<w x="1516">
				<choice>
					<orig>obey'd;</orig>
					<reg>obeyed;</reg>
				</choice>
			</w>
		</line>
		<line c="1180" h="62" n="10">
			<w x="694">Yet</w>
			<w x="858">chains</w>
			<w x="923">in</w>
			<w x="1042">hell,</w>
			<w x="1140">not</w>
			<w x="1313">realms</w>
			<w x="1508">expect:</w>
			<w x="1667">mean</w>
			<w x="1817">while</w>
		</line>
		<div id="4" group="2" x="600" y="1214" width="1200" height="147" type="score2"
			sealts="358b_1_1.196" work="pl" section="pl6" attribution="HM">
			<line c="1290" h="141" n="11">
				<w x="736">From</w>
				<w x="826">me</w>
				<w x="1048">
					<choice>
						<orig>return'd,</orig>
						<reg>returned,</reg>
					</choice>
				</w>
				<w x="1116">as</w>
				<w x="1225">erst</w>
				<w x="1348">thou</w>
				<w x="1511">saidst,</w>
				<w x="1641">from</w>
				<w x="1797">flight,</w>
			</line>
			<line c="1328" h="67" n="12">
				<w x="720">This</w>
				<w x="933">greeting</w>
				<w x="1009">on</w>
				<w x="1107">thy</w>
				<w x="1307">impious</w>
				<w x="1441">crest</w>
				<w x="1640">receive.</w>
			</line>
		</div>
		<line c="1398" h="66" n="13">
			<w x="731">So</w>
			<w x="915">saying,</w>
			<w x="963">a</w>
			<w x="1108">noble</w>
			<w x="1273">stroke</w>
			<w x="1349">he</w>
			<w x="1493">lifted</w>
			<w x="1631">high,</w>
		</line>
	</div>
	<div id="5" group="3" x="610" y="1714" width="1205" height="424" type="score"
		sealts="358b_1_1.196" work="pl" section="pl6" attribution="HM">
		<line c="1751" h="58" n="18">
			<w x="687">He</w>
			<w x="818">back</w>
			<w x="1039">
				<choice>
					<orig>recoil'd;</orig>
					<reg>recoiled;</reg>
				</choice>
			</w>
			<w x="1146">the</w>
			<w x="1291">tenth</w>
			<w x="1368">on</w>
			<w x="1557">bended</w>
			<w x="1690">knee</w>
		</line>
		<line c="1826" h="64" n="19">
			<w x="699">His</w>
			<w x="860">massy</w>
			<w x="1005">spear</w>
			<w x="1247">
				<choice>
					<orig>upstay'd;</orig>
					<reg>upstayed;</reg>
				</choice>
			</w>
			<w x="1327">as</w>
			<w x="1385">if</w>
			<w x="1460">on</w>
			<w x="1602">earth</w>
		</line>
		<line c="1896" h="62" n="20">
			<w x="766">Winds</w>
			<w x="922">under</w>
			<w x="1103">ground</w>
			<w x="1173">or</w>
			<w x="1363">waters,</w>
			<w x="1549">forcing</w>
			<w x="1667">way</w>
		</line>
		<line c="1967" h="65" n="21">
			<w x="854">
				<choice>
					<orig>Side-long,</orig>
					<reg>Side long,</reg>
					<reg>Side</reg>
					<reg>long,</reg>
				</choice>
			</w>
			<w x="960">had</w>
			<w x="1132">
				<choice>
					<orig>push'd</orig>
					<reg>pushed</reg>
				</choice>
			</w>
			<w x="1180">a</w>
			<w x="1420">mountain</w>
			<w x="1549">from</w>
			<w x="1635">his</w>
			<w x="1764">seat,</w>
		</line>
		<line c="2037" h="62" n="22">
			<w x="728">Half</w>
			<w x="853">sunk</w>
			<w x="981">with</w>
			<w x="1058">all</w>
			<w x="1143">his</w>
			<w x="1299">pines.</w>
			<w x="1649">Amazement</w>
			<w x="1806">
				<choice>
					<orig>seiz'd</orig>
					<reg>seized</reg>
				</choice>
			</w>
		</line>
		<line c="2112" h="54" n="23">
			<w x="715">The</w>
			<w x="852">rebel</w>
			<w x="1060">thrones,</w>
			<w x="1160">but</w>
			<w x="1348">greater</w>
			<w x="1468">rage</w>
			<w x="1534">to</w>
			<w x="1628">see</w>
		</line>
	</div>
</body>
