<body>
	<div id="2" group="1" x="645" y="912" width="1101" height="216" type="score"
		sealts="358b_1_1.194" work="pl" section="pl6" attribution="HM">
		<line c="966" h="70" n="7">
			<w x="827">Victor:</w>
			<div id="3" group="1" x="858" y="914" width="874" height="90" type="underline"
				sealts="358b_1_1.194" work="pl" section="pl6" attribution="HM">
				<w x="1044">though</w>
				<w x="1226">brutish</w>
				<w x="1338">that</w>
				<w x="1524">contest</w>
				<w x="1634">and</w>
				<w x="1726">foul,</w>
			</div>
		</line>
		<line c="1030" h="56" n="8">
			<w x="791">When</w>
			<w x="961">reason</w>
			<w x="1085">hath</w>
			<w x="1146">to</w>
			<w x="1262">deal</w>
			<w x="1390">with</w>
			<w x="1539">force,</w>
			<w x="1639">yet</w>
			<w x="1707">so</w>
		</line>
		<line c="1093" h="43" n="9">
			<w x="769">Most</w>
			<w x="937">reason</w>
			<w x="994">is</w>
			<w x="1109">that</w>
			<w x="1280">reason</w>
			<w x="1537">overcome.</w>
		</line>
	</div>
	<div id="4" group="2" x="698" y="1402" width="1205" height="86" type="checkmark"
		sealts="358b_1_1.194" work="pl" section="pl6" attribution="HM">
		<line c="1460" h="67" n="14">
			<div id="5" group="2" x="712" y="1404" width="550" height="80" type="underline"
				sealts="358b_1_1.194" work="pl" section="pl6" attribution="HM">
				<w x="892">Proud,</w>
				<w x="994">art</w>
				<w x="1136">thou</w>
				<w x="1258">met?</w>
			</div>
			<w x="1390">thy</w>
			<w x="1534">hope</w>
			<w x="1667">was</w>
			<w x="1749">to</w>
			<w x="1889">have</w>
		</line>
	</div>
	<div id="6" group="3" x="628" y="2488" width="1020" height="142" type="score"
		sealts="358b_1_1.194" work="pl" section="pl6" attribution="HM">
		<line c="2528" h="74" n="29">
			<w x="713">To</w>
			<w x="832">thee</w>
			<w x="930">not</w>
			<w x="1112">visible,</w>
			<w x="1264">when</w>
			<w x="1303">I</w>
			<w x="1449">alone</w>
		</line>
		<line c="2599" h="64" n="30">
			<w x="819">
				<choice>
					<orig>Seem'd</orig>
					<reg>Seemed</reg>
				</choice>
			</w>
			<w x="883">in</w>
			<w x="980">thy</w>
			<w x="1135">world</w>
			<w x="1384">erroneous</w>
			<w x="1450">to</w>
			<w x="1636">dissent</w>
		</line>
	</div>
</body>
