<body>
	<div id="2" group="1" x="258" y="1985" width="1071" height="87" type="score"
		sealts="358b_1_1.307" work="pl" section="pl9" attribution="HM">
		<line c="2033" h="69" n="22">
			<w x="384">Bind</w>
			<w x="455">us</w>
			<w x="584">with</w>
			<w x="883">
				<choice>
					<orig>after-bands,</orig>
					<reg>after bands,</reg>
					<reg>after</reg>
					<reg>bands,</reg>
				</choice>
			</w>
			<w x="1027">what</w>
			<w x="1193">profits</w>
			<w x="1317">then</w>
		</line>
	</div>
</body>
