<body>
	<div id="2" group="1" x="260" y="634" width="1100" height="154" type="score2"
		sealts="358b_1_1.305" work="pl" section="pl9" attribution="HM">
		<line c="682" h="65" n="3">
			<w x="368">And</w>
			<w x="462">life</w>
			<w x="599">more</w>
			<w x="785">perfect</w>
			<w x="912">have</w>
			<w x="1112">
				<choice>
					<orig>attain'd</orig>
					<reg>attained</reg>
				</choice>
			</w>
			<w x="1236">than</w>
			<w x="1345">fate</w>
		</line>
		<line c="757" h="77" n="4">
			<w x="420">Meant</w>
			<w x="523">me,</w>
			<w x="603">by</w>
			<w x="835">
				<choice>
					<orig>vent'ring</orig>
					<reg>venturing</reg>
				</choice>
			</w>
			<w x="1005">higher</w>
			<w x="1129">than</w>
			<w x="1222">my</w>
			<w x="1317">lot.</w>
		</line>
	</div>
	<div id="3" group="2" x="246" y="1490" width="442" height="82" type="underline"
		sealts="358b_1_1.305" work="pl" section="pl9" attribution="HM">
		<line c="1542" h="75" n="15">
			<w x="358">Not</w>
			<w x="488">just,</w>
			<w x="580">not</w>
			<w x="680">God;</w>
		</line>
	</div>
	<div id="4" group="2" x="242" y="1630" width="1098" height="164" type="score2" type2="xmark"
		sealts="358b_1_1.305" work="pl" section="pl9" attribution="HM">
		<line c="1688" h="80" n="17">
			<w x="365">Why</w>
			<w x="490">then</w>
			<w x="601">was</w>
			<w x="708">this</w>
			<w x="900">forbid?</w>
			<w x="1046">Why</w>
			<w x="1143">but</w>
			<w x="1209">to</w>
			<w x="1339">awe,</w>
		</line>
		<line c="1754" h="68" n="18">
			<w x="359">Why</w>
			<w x="473">but</w>
			<w x="526">to</w>
			<w x="659">keep</w>
			<w x="735">ye</w>
			<w x="848">low</w>
			<w x="967">and</w>
			<w x="1176">ignorant</w>
		</line>
	</div>
	<div id="5" group="2" x="243" y="1780" width="399" height="78" type="underline"
		sealts="358b_1_1.305" work="pl" section="pl9" attribution="HM">
		<line c="1828" h="72" n="19">
			<w x="350">His</w>
			<w x="634">worshippers</w>
		</line>
	</div>
	<div id="6" group="3" x="268" y="2702" width="1606" height="608" type="annotation"
		sealts="358b_1_1.305" work="pl" section="pl9" attribution="HM">
		<line n="1" h="121" c="2762">
			<w x="404">This</w>
			<w x="512">is</w>
			<w x="662">one</w>
			<w x="740">of</w>
			<w x="846">the</w>
			<w x="1114">many</w>
			<w x="1406">profound</w>
			<w x="1850">atheistic</w>
		</line>
		<line n="2" h="120" c="2904">
			<w x="430">hits</w>
			<w x="522">of</w>
			<w x="846">Milton.</w>
			<w x="958">A</w>
			<w x="1232">greater</w>
			<w x="1444">than</w>
			<w x="1850">Lucretius,</w>
		</line>
		<line n="3" h="120" c="3030">
			<w x="528">since</w>
			<w x="664">he</w>
			<w x="900">always</w>
			<w x="1136">teaches</w>
			<w x="1382">under</w>
			<w x="1500">a</w>
			<w x="1800">
				<choice>
					<orig>masque,</orig>
					<reg>mask,</reg>
				</choice>
			</w>
		</line>
		<line n="4" h="121" c="3125">
			<w x="540">and</w>
			<w x="828">makes</w>
			<w x="1000">the</w>
			<w x="1264">Devil</w>
			<w x="1602">himself</w>
			<w x="1694">a</w>
		</line>
		<line n="5" h="121" c="3246">
			<w x="680">Teacher</w>
			<w x="778">&amp;</w>
			<w x="1176">Messiah.</w>
		</line>
	</div>
</body>
