<body>
	<div id="2" group="1" x="584" y="1090" width="738" height="292" type="score" attribution="HM"
		sealts="278_2_2.010" section="13">
		<line n="16" h="48" c="1114">
			<w x="698">Should</w>
			<w x="766">like</w>
			<w x="798">a</w>
			<w x="948">mountain</w>
			<w x="1043">stand</w>
			<w x="1151">before</w>
			<w x="1195">us</w>
			<w x="1268">lost,</w>
		</line>
		<line n="17" h="48" c="1162">
			<w x="698">
				<choice>
					<orig>Amids</orig>
					<reg>Amid</reg>
					<reg>Amidst</reg>
				</choice>
			</w>
			<w x="754">the</w>
			<w x="877">moving</w>
			<w x="1012">waters;</w>
			<w x="1115">which</w>
			<w x="1170">we</w>
			<w x="1227">see</w>
		</line>
		<line n="18" h="48" c="1210">
			<w x="754">
				<choice>
					<orig>Perform'd</orig>
					<reg>Performed</reg>
				</choice>
			</w>
			<w x="792">in</w>
			<w x="855">full</w>
			<w x="923">end</w>
			<w x="961">to</w>
			<w x="1024">our</w>
			<w x="1173">prophecy.</w>
		</line>
		<line n="19" h="48" c="1262">
			<w x="679">Hear</w>
			<w x="758">then</w>
			<w x="815">my</w>
			<w x="942">counsel,</w>
			<w x="1016">and</w>
			<w x="1102">obey</w>
			<w x="1154">me</w>
			<w x="1259">then:</w>
		</line>
		<line n="20" h="48" c="1308">
			<w x="749">Renounce</w>
			<w x="921">henceforth</w>
			<w x="985">our</w>
			<w x="1100">convoy</w>
			<w x="1195">home</w>
			<w x="1238">of</w>
			<w x="1322">men,</w>
		</line>
		<line n="21" h="48" c="1354">
			<w x="739">Whoever</w>
			<w x="817">shall</w>
			<w x="971">hereafter</w>
			<w x="1061">greet</w>
			<w x="1127">our</w>
			<w x="1227">town;</w>
		</line>
	</div>
</body>
