<body>
	<div id="2" group="1" x="712" y="1600" width="812" height="202" type="score" attribution="HM"
		sealts="278_1_1.250" section="11">
		<line c="1629" h="39" n="27">
			<w x="801">With</w>
			<w x="892">other</w>
			<w x="1005">urgent</w>
			<w x="1134">
				<choice>
					<orig>labours.</orig>
					<reg>labors.</reg>
				</choice>
			</w>
			<w x="1234">Yet</w>
			<w x="1290">his</w>
			<w x="1388">smart</w>
		</line>
		<line c="1675" h="48" n="28">
			<w x="736">I</w>
			<w x="821">wept</w>
			<w x="862">to</w>
			<w x="930">see,</w>
			<w x="1000">and</w>
			<w x="1081">rued</w>
			<w x="1116">it</w>
			<w x="1199">from</w>
			<w x="1260">my</w>
			<w x="1360">heart,</w>
		</line>
		<line c="1728" h="38" n="29">
			<w x="876">Enquiring</w>
			<w x="950">how</w>
			<w x="997">he</w>
			<w x="1090">could</w>
			<w x="1195">before</w>
			<w x="1253">me</w>
			<w x="1301">be</w>
		</line>
		<line c="1777" h="39" n="30">
			<w x="795">That</w>
			<w x="884">came</w>
			<w x="934">by</w>
			<w x="1008">ship?</w>
			<w x="1121">He,</w>
			<w x="1293">mourning,</w>
			<w x="1442">
				<choice>
					<orig>answer'd</orig>
					<reg>answered</reg>
				</choice>
			</w>
			<w x="1499">me:</w>
		</line>
	</div>
</body>
