<body>
	<div id="2" group="1" x="706" y="1298" width="704" height="156" type="score" attribution="HM"
		sealts="278_1_1.256" section="11">
		<line c="1318" h="33" n="21">
			<w x="769">But</w>
			<w x="811">in</w>
			<w x="870">the</w>
			<w x="978">winter</w>
			<w x="1098">
				<choice>
					<orig>strew'd</orig>
					<reg>strewed</reg>
				</choice>
			</w>
			<w x="1193">about</w>
			<w x="1252">the</w>
			<w x="1314">fire</w>
		</line>
		<line c="1373" h="42" n="22">
			<w x="774">Lay</w>
			<w x="852">with</w>
			<w x="907">his</w>
			<w x="1006">slaves</w>
			<w x="1049">in</w>
			<w x="1150">ashes,</w>
			<w x="1207">his</w>
			<w x="1301">attire</w>
		</line>
		<line c="1421" h="40" n="23">
			<w x="784">Like</w>
			<w x="825">to</w>
			<w x="856">a</w>
			<w x="1014">beggar's;</w>
			<w x="1115">when</w>
			<w x="1175">the</w>
			<w x="1307">summer</w>
			<w x="1406">came,</w>
		</line>
	</div>
	<div id="3" group="2" x="707" y="1692" width="697" height="146" type="score" attribution="HM"
		sealts="278_1_1.256" section="11">
		<line c="1716" h="41" n="29">
			<w x="780">And</w>
			<w x="853">now</w>
			<w x="912">the</w>
			<w x="987">part</w>
			<w x="1030">of</w>
			<w x="1093">age</w>
			<w x="1166">that</w>
			<w x="1296">irksome</w>
			<w x="1333">is</w>
		</line>
		<line c="1766" h="41" n="30">
			<w x="776">Lay</w>
			<w x="866">sadly</w>
			<w x="913">on</w>
			<w x="993">him.</w>
			<w x="1099">And</w>
			<w x="1172">that</w>
			<w x="1233">life'</w>
			<w x="1273">of</w>
			<w x="1325">his</w>
		</line>
		<line c="1815" h="42" n="31">
			<w x="772">She</w>
			<w x="839">led,</w>
			<w x="908">and</w>
			<w x="1041">
				<choice>
					<orig>perish'd</orig>
					<reg>perished</reg>
				</choice>
			</w>
			<w x="1097">in;</w>
			<w x="1167">not</w>
			<w x="1349">
				<choice>
					<orig>slaughter'd</orig>
					<reg>slaughtered</reg>
				</choice>
			</w>
			<w x="1399">by</w>
		</line>
	</div>
</body>
