<body>
	<div id="2" group="1" x="704" y="906" width="702" height="198" type="arcedscore2"
		attribution="HM" sealts="278_1_1.272" section="11">
		<line c="928" h="32" n="13">
			<w x="820">This</w>
			<w x="914">made</w>
			<w x="973">the</w>
			<w x="1046">soul</w>
			<w x="1090">of</w>
			<w x="1171">swift</w>
			<w x="1305">Achilles</w>
			<w x="1397">tread</w>
		</line>
		<line c="982" h="41" n="14">
			<w x="741">A</w>
			<w x="848">march</w>
			<w x="892">of</w>
			<w x="982">glory</w>
			<w x="1115">through</w>
			<w x="1174">the</w>
			<w x="1274">herby</w>
			<w x="1377">mead,</w>
		</line>
		<line c="1033" h="40" n="15">
			<w x="768">For</w>
			<w x="827">joy</w>
			<w x="867">to</w>
			<w x="948">hear</w>
			<w x="1005">me</w>
			<w x="1048">so</w>
			<w x="1171">renown</w>
			<w x="1227">his</w>
			<w x="1290">son;</w>
		</line>
		<line c="1080" h="39" n="16">
			<w x="778">And</w>
			<w x="915">
				<choice>
					<orig>vanish'd</orig>
					<reg>vanished</reg>
				</choice>
			</w>
			<w x="1057">stalking.</w>
			<w x="1156">But</w>
			<w x="1234">with</w>
			<w x="1355">passion</w>
		</line>
	</div>
</body>
