<body>
	<div id="2" group="1" x="695" y="970" width="721" height="157" type="score" attribution="HM"
		sealts="278_1_1.220" section="9">
		<line c="1003" h="43" n="14">
			<w x="802">When</w>
			<w x="874">now</w>
			<w x="904">a</w>
			<w x="1052">weakling</w>
			<w x="1151">came,</w>
			<w x="1182">a</w>
			<w x="1298">dwarfy</w>
			<w x="1400">thing,</w>
		</line>
		<line c="1052" h="41" n="15">
			<w x="737">A</w>
			<w x="829">thing</w>
			<w x="872">of</w>
			<w x="1014">nothing;</w>
			<div id="3" group="1" x="1030" y="1022" width="356" height="56" type="underline"
				attribution="HM" sealts="278_1_1.220" section="9">
				<w x="1104">who</w>
				<w x="1162">yet</w>
				<w x="1220">wit</w>
				<w x="1282">did</w>
				<w x="1384">bring,</w>
			</div>
		</line>
		<line c="1100" h="39" n="16">
			<w x="781">That</w>
			<w x="910">brought</w>
			<w x="1019">supply</w>
			<w x="1060">to</w>
			<w x="1118">all,</w>
			<w x="1186">and</w>
			<w x="1264">with</w>
			<w x="1318">his</w>
			<w x="1400">wine</w>
		</line>
	</div>
</body>
