<body>
	<div id="2" group="1" x="632" y="550" width="845" height="145" type="score3" attribution="HM"
		sealts="278_2_2.018" section="13">
		<line n="5" h="48" c="574">
			<w x="692">At</w>
			<w x="775">some</w>
			<w x="830">far</w>
			<w x="938">shore,</w>
			<w x="1002">and</w>
			<w x="1074">that</w>
			<w x="1137">thy</w>
			<w x="1199">wit</w>
			<w x="1231">is</w>
			<w x="1308">such</w>
		</line>
		<line n="6" h="48" c="622">
			<w x="733">Thou</w>
			<w x="806">dost</w>
			<w x="914">delude</w>
			<w x="992">me)</w>
			<w x="1026">is</w>
			<w x="1054">it</w>
			<w x="1132">sure</w>
			<w x="1196">the</w>
			<w x="1283">same</w>
		</line>
		<line n="7" h="48" c="670">
			<w x="726">Most</w>
			<w x="871">
				<choice>
					<orig>honour'd</orig>
					<reg>honoured</reg>
					<reg>honored</reg>
				</choice>
			</w>
			<w x="963">earth</w>
			<w x="1038">that</w>
			<w x="1131">bears</w>
			<w x="1187">my</w>
			<w x="1341">country's</w>
			<w x="1474">name?"</w>
		</line>
	</div>
	<div id="3" group="1" x="633" y="699" width="743" height="242" type="score" attribution="HM"
		sealts="278_2_2.018" section="13">
		<line c="723" h="38" n="8">
			<w x="735">"I</w>
			<w x="824">see,"</w>
			<w x="897">said</w>
			<w x="969">she,"</w>
			<w x="1084">thou</w>
			<w x="1153">wilt</w>
			<w x="1200">be</w>
			<w x="1276">ever</w>
			<w x="1354">thus</w>
		</line>
		<line c="774" h="40" n="9">
			<w x="681">In</w>
			<w x="776">every</w>
			<w x="901">worldly</w>
			<w x="987">good</w>
			<w x="1180">incredulous,</w>
		</line>
		<line c="820" h="41" n="10">
			<w x="712">And</w>
			<w x="860">therefore</w>
			<w x="942">have</w>
			<w x="991">no</w>
			<w x="1080">more</w>
			<w x="1141">the</w>
			<w x="1244">power</w>
			<w x="1285">to</w>
			<w x="1344">see</w>
		</line>
		<line c="872" h="39" n="11">
			<w x="722">Frail</w>
			<w x="781">life</w>
			<w x="870">more</w>
			<w x="1003">plagued</w>
			<w x="1081">with</w>
			<w x="1227">infelicity</w>
		</line>
		<line c="922" h="38" n="12">
			<w x="682">In</w>
			<w x="747">one</w>
			<w x="790">so</w>
			<w x="940">eloquent,</w>
			<w x="1108">ingenious,</w>
			<w x="1195">wise.</w>
		</line>
	</div>
</body>
