<body>
	<div id="2" group="1" x="664" y="1311" width="708" height="96" type="checkmark" attribution="HM"
		sealts="278_2_2.080" section="16">
		<line n="21" h="48" c="1335">
			<w x="738">His</w>
			<w x="807">son</w>
			<w x="997">Telemachus</w>
			<w x="1059">nor</w>
			<w x="1131">saw</w>
			<w x="1193">nor</w>
			<w x="1301">knew.</w>
		</line>
		<line n="22" h="48" c="1383">
			<w x="747">The</w>
			<w x="843">Gods'</w>
			<w x="932">clear</w>
			<w x="1080">presences</w>
			<w x="1140">are</w>
			<w x="1252">known</w>
			<w x="1286">to</w>
			<w x="1368">few.</w>
		</line>
	</div>
</body>
