<body>
	<div id="2" group="1" x="296" y="548" width="800" height="294" type="score" attribution="HM"
		sealts="278_1_1.191" section="8">
		<line c="574" h="38" n="6">
			<w x="453">"Herald,</w>
			<w x="551">reach</w>
			<w x="617">this</w>
			<w x="658">to</w>
			<w x="756">grave</w>
			<w x="954">Demodocus,</w>
		</line>
		<line c="623" h="38" n="7">
			<w x="369">Say,</w>
			<w x="400">I</w>
			<w x="498">salute</w>
			<w x="578">him,</w>
			<w x="648">and</w>
			<w x="704">his</w>
			<w x="803">worth</w>
			<w x="950">embrace.</w>
		</line>
		<line c="671" h="38" n="8">
			<w x="386">Poets</w>
			<w x="519">deserve,</w>
			<w x="595">past</w>
			<w x="645">all</w>
			<w x="705">the</w>
			<w x="821">human</w>
			<w x="907">race,</w>
		</line>
		<line c="720" h="38" n="9">
			<w x="449">Reverend</w>
			<w x="568">respect</w>
			<w x="636">and</w>
			<w x="765">honour,</w>
			<w x="854">since</w>
			<w x="914">the</w>
			<w x="1018">queen</w>
		</line>
		<line c="769" h="38" n="10">
			<w x="347">Of</w>
			<w x="525">knowledge,</w>
			<w x="595">and</w>
			<w x="654">the</w>
			<w x="792">supreme</w>
			<w x="890">worth</w>
			<w x="932">in</w>
			<w x="1019">men,</w>
		</line>
		<line c="817" h="36" n="11">
			<w x="365">The</w>
			<w x="470">Muse,</w>
			<w x="597">informs</w>
			<w x="696">them,</w>
			<w x="765">and</w>
			<w x="850">loves</w>
			<w x="900">all</w>
			<w x="984">their</w>
			<w x="1088">race."</w>
		</line>
	</div>
</body>
