<body>
	<div id="2" group="1" x="739" y="765" width="852" height="294" type="score" attribution="HM"
		sealts="278_1_1.104" section="4">
		<line c="792" h="38" n="10">
			<w x="807">The</w>
			<w x="884">seed</w>
			<w x="928">of</w>
			<w x="1076">righteous</w>
			<w x="1261">Arcesiades,</w>
		</line>
		<line c="841" h="38" n="11">
			<w x="788">To</w>
			<w x="856">end</w>
			<w x="890">it</w>
			<w x="1011">utterly,</w>
			<w x="1073">but</w>
			<w x="1141">still</w>
			<w x="1208">will</w>
			<w x="1312">please</w>
		</line>
		<line c="890" h="38" n="12">
			<w x="782">In</w>
			<w x="869">some</w>
			<w x="957">place</w>
			<w x="1107">evermore</w>
			<w x="1195">some</w>
			<w x="1260">one</w>
			<w x="1304">of</w>
			<w x="1389">them</w>
		</line>
		<line c="938" h="36" n="13">
			<w x="789">To</w>
			<w x="874">save,</w>
			<w x="943">and</w>
			<w x="1024">deck</w>
			<w x="1095">him</w>
			<w x="1173">with</w>
			<w x="1203">a</w>
			<w x="1333">diadem,</w>
		</line>
		<line c="989" h="38" n="14">
			<w x="818">Give</w>
			<w x="888">him</w>
			<w x="1053">possession</w>
			<w x="1097">of</w>
			<w x="1214">erected</w>
			<w x="1324">
				<choice>
					<orig>tow'rs,</orig>
					<reg>towers,</reg>
				</choice>
			</w>
		</line>
		<line c="1035" h="35" n="15">
			<w x="814">And</w>
			<w x="988">
				<choice>
					<orig>far-stretch'd</orig>
					<reg>far stretch'd</reg>
					<reg>far stretched</reg>
					<reg>far-stretched</reg>
					<reg>far</reg>
					<reg>stretch'd</reg>
					<reg>stretched</reg>
				</choice>
			</w>
			<w x="1100">fields,</w>
			<w x="1226">
				<choice><orig>crown'd</orig>crowned<reg/></choice>
			</w>
			<w x="1269">all</w>
			<w x="1309">of</w>
			<w x="1392">fruits</w>
			<w x="1455">and</w>
			<w x="1587">flow'rs."</w>
		</line>
	</div>
</body>
