<body>
	<div id="2" group="1" x="719" y="908" width="744" height="89" type="score" attribution="HM"
		sealts="278_1_1.064" section="3">
		<line n="13" h="44" c="930">
			<w x="838">This</w>
			<w x="920">said,</w>
			<w x="1009">away</w>
			<w x="1070">she</w>
			<w x="1149">flew,</w>
			<w x="1263">
				<choice>
					<orig>form'd</orig>
					<reg>formed</reg>
				</choice>
			</w>
			<w x="1325">like</w>
			<w x="1385">the</w>
			<w x="1460">fowl</w>
		</line>
		<line n="14" h="44" c="974">
			<w x="801">Men</w>
			<w x="867">call</w>
			<w x="923">the</w>
			<w x="1085">ossifrage;</w>
			<w x="1185">when</w>
			<w x="1280">every</w>
			<w x="1360">soul</w>
		</line>
	</div>
</body>
