<body>
	<div id="2" group="1" x="269" y="463" width="801" height="338" type="wavyscore" attribution="HM"
		sealts="278_1_1.105" section="4">
		<line c="488" h="41" n="4">
			<w x="377">Whose</w>
			<w x="466">pride</w>
			<w x="521">his</w>
			<w x="618">youth</w>
			<w x="685">had</w>
			<w x="777">made</w>
			<w x="836">the</w>
			<w x="924">more</w>
			<w x="1066">extreme,</w>
		</line>
		<line c="536" h="39" n="5">
			<w x="355">Said:</w>
			<w x="481">"Now</w>
			<w x="540">the</w>
			<w x="889">
				<choice>
					<orig>many-wooer-honour'd</orig>
					<reg>many wooer honour'd</reg>
					<reg>many wooer honoured</reg>
					<reg>many-wooer-honoured</reg>
					<reg>many</reg>
					<reg>wooer</reg>
					<reg>honour'd</reg>
					<reg>honoured</reg>
					<reg>honored</reg>
				</choice>
			</w>
			<w x="988">queen</w>
		</line>
		<line c="587" h="41" n="6">
			<w x="342">Will</w>
			<w x="445">surely</w>
			<w x="553">satiate</w>
			<w x="614">her</w>
			<w x="746">delayful</w>
			<w x="860">spleen,</w>
		</line>
		<line c="634" h="39" n="7">
			<w x="340">And</w>
			<w x="403">one</w>
			<w x="447">of</w>
			<w x="488">us</w>
			<w x="530">in</w>
			<w x="644">instant</w>
			<w x="773">nuptials</w>
			<w x="856">take.</w>
		</line>
		<line c="683" h="42" n="8">
			<w x="346">Poor</w>
			<w x="447">dame,</w>
			<w x="508">she</w>
			<w x="628">dreams</w>
			<w x="698">not,</w>
			<w x="783">what</w>
			<w x="893">design</w>
			<w x="945">we</w>
			<w x="1038">make</w>
		</line>
		<line c="736" h="46" n="9">
			<w x="359">Upon</w>
			<w x="418">the</w>
			<w x="477">life</w>
			<w x="545">and</w>
			<w x="697">slaughter</w>
			<w x="740">of</w>
			<w x="798">her</w>
			<w x="888">son."</w>
		</line>
		<line c="781" h="37" n="10">
			<w x="354">So</w>
			<w x="425">said</w>
			<w x="473">he;</w>
			<w x="562">but</w>
			<w x="604">so</w>
			<w x="675">said</w>
			<w x="741">was</w>
			<w x="801">not</w>
			<w x="844">so</w>
			<w x="927">done;</w>
		</line>
	</div>
</body>
