<body>
	<div id="2" group="1" x="294" y="320" width="714" height="154" type="score2" attribution="HM"
		sealts="278_1_1.257" section="11">
		<line c="345" h="41" n="1">
			<w x="367">Nor</w>
			<w x="418">by</w>
			<w x="534">disease</w>
			<w x="672">invaded,</w>
			<w x="747">vast</w>
			<w x="815">and</w>
			<w x="893">foul,</w>
		</line>
		<line c="397" h="38" n="2">
			<w x="381">That</w>
			<w x="489">wastes</w>
			<w x="549">the</w>
			<w x="644">body,</w>
			<w x="714">and</w>
			<w x="808">sends</w>
			<w x="870">out</w>
			<w x="930">the</w>
			<w x="1002">soul</w>
		</line>
		<line c="445" h="39" n="3">
			<w x="387">With</w>
			<w x="493">shame</w>
			<w x="562">and</w>
			<w x="688">horror;</w>
			<w x="774">only</w>
			<w x="817">in</w>
			<w x="880">her</w>
			<w x="984">moan,</w>
		</line>
	</div>
</body>
