<body>
	<div id="2" group="1" x="284" y="1278" width="814" height="547" type="score" attribution="HM"
		sealts="278_1_1.213" section="9">
		<line c="1305" h="38" n="20">
			<w x="370">That</w>
			<w x="411">in</w>
			<w x="475">thy</w>
			<w x="662">recompense</w>
			<w x="692">I</w>
			<w x="769">may</w>
			<w x="882">bestow</w>
		</line>
		<line c="1354" h="38" n="21">
			<w x="325">A</w>
			<w x="487">hospitable</w>
			<w x="553">gift</w>
			<w x="600">on</w>
			<w x="663">thy</w>
			<w x="774">desert,</w>
		</line>
		<line c="1403" h="39" n="22">
			<w x="362">And</w>
			<w x="442">such</w>
			<w x="472">a</w>
			<w x="536">one</w>
			<w x="579">as</w>
			<w x="661">shall</w>
			<w x="772">rejoice</w>
			<w x="835">thy</w>
			<w x="933">heart.</w>
		</line>
		<line c="1452" h="39" n="23">
			<w x="352">For</w>
			<w x="392">to</w>
			<w x="453">the</w>
			<w x="583">Cyclops</w>
			<w x="641">too</w>
			<w x="701">the</w>
			<w x="807">gentle</w>
			<w x="898">earth</w>
		</line>
		<line c="1501" h="40" n="24">
			<w x="383">Bears</w>
			<w x="530">generous</w>
			<w x="621">wine,</w>
			<w x="690">and</w>
			<w x="772">Jove</w>
			<w x="931">augments</w>
			<w x="994">her</w>
			<w x="1090">birth,</w>
		</line>
		<line c="1549" h="38" n="25">
			<w x="332">In</w>
			<w x="417">store</w>
			<w x="461">of</w>
			<w x="548">such,</w>
			<w x="627">with</w>
			<w x="846">but</w>
			<w x="913">this</w>
			<w x="985">rich</w>
			<w x="1066">wine</w>
		</line>
		<line c="1599" h="36" n="26">
			<w x="357">Fell</w>
			<w x="439">from</w>
			<w x="499">the</w>
			<w x="593">river,</w>
			<w x="667">that</w>
			<w x="703">is</w>
			<w x="791">mere</w>
			<w x="904">divine,</w>
		</line>
		<line c="1649" h="38" n="27">
			<w x="338">Of</w>
			<w x="441">nectar</w>
			<w x="509">and</w>
			<w x="679">ambrosia.'</w>
			<w x="789">This</w>
			<w x="886">again</w>
		</line>
		<line c="1698" h="41" n="28">
			<w x="312">I</w>
			<w x="394">gave</w>
			<w x="474">him,</w>
			<w x="543">and</w>
			<w x="639">again;</w>
			<w x="730">nor</w>
			<w x="821">could</w>
			<w x="881">the</w>
			<w x="948">fool</w>
			<w x="1075">abstain,</w>
		</line>
		<line c="1747" h="38" n="29">
			<w x="353">But</w>
			<w x="456">drunk</w>
			<w x="499">as</w>
			<w x="597">often.</w>
			<w x="732">When</w>
			<w x="792">the</w>
			<w x="884">noble</w>
			<w x="970">juice</w>
		</line>
		<line c="1798" h="40" n="30">
			<w x="364">Had</w>
			<w x="501">wrought</w>
			<w x="587">upon</w>
			<w x="644">his</w>
			<w x="744">spirit,</w>
			<w x="775">I</w>
			<w x="854">then</w>
			<w x="935">gave</w>
			<w x="997">use</w>
		</line>
	</div>
</body>
