<body>
	<div id="2" group="1" x="707" y="1560" width="687" height="99" type="score" attribution="HM"
		sealts="278_1_1.036" section="2">
		<line n="26" h="49" c="1584">
			<w x="753">It</w>
			<w x="797">is</w>
			<w x="919">enough,</w>
			<w x="994">that</w>
			<w x="1046">all</w>
			<w x="1107">the</w>
			<w x="1247">Grecians</w>
			<w x="1333">here,</w>
		</line>
		<line n="27" h="49" c="1633">
			<w x="803">And</w>
			<w x="843">all</w>
			<w x="900">the</w>
			<w x="989">Gods</w>
			<w x="1121">besides,</w>
			<w x="1184">just</w>
			<w x="1307">witness</w>
			<w x="1388">bear,</w>
		</line>
	</div>
</body>
