<body>
	<div id="2" group="1" x="310" y="557" width="757" height="195" type="wavyscore" attribution="HM"
		sealts="278_2_2.045" section="14">
		<line c="583" h="40" n="6">
			<w x="396">Blew</w>
			<w x="489">bleak</w>
			<w x="575">upon</w>
			<w x="630">us,</w>
			<w x="714">after</w>
			<w x="815">which</w>
			<w x="875">did</w>
			<w x="936">fall</w>
		</line>
		<line c="631" h="36" n="7">
			<w x="348">A</w>
			<w x="435">snow</w>
			<w x="477">so</w>
			<w x="560">cold,</w>
			<w x="596">it</w>
			<w x="655">cut</w>
			<w x="698">as</w>
			<w x="740">in</w>
			<w x="775">it</w>
			<w x="851">beat</w>
		</line>
		<line c="680" h="37" n="8">
			<w x="350">A</w>
			<w x="454">frozen</w>
			<w x="559">water,</w>
			<w x="661">which</w>
			<w x="728">was</w>
			<w x="778">all</w>
			<w x="915">concrete</w>
		</line>
		<line c="730" h="39" n="9">
			<w x="415">About</w>
			<w x="477">our</w>
			<w x="590">shields</w>
			<w x="658">like</w>
			<w x="780">crystal.</w>
			<w x="869">All</w>
			<w x="962">made</w>
			<w x="1052">feign</w>
		</line>
	</div>
</body>
