<body>
	<div id="2" group="1" x="670" y="438" width="792" height="200" type="score" attribution="HM"
		sealts="278_2_2.074" section="16">
		<line c="463" h="40" n="3">
			<w x="748">Who</w>
			<w x="823">thus</w>
			<w x="955">
				<choice>
					<orig>bespake</orig>
					<reg>bespoke</reg>
				</choice>
			</w>
			<w x="1156">Eumseusz:</w>
			<w x="1240">"Sure</w>
			<w x="1329">some</w>
			<w x="1441">friend,</w>
		</line>
		<line c="516" h="43" n="4">
			<w x="716">Or</w>
			<w x="781">one</w>
			<w x="978">
				<choice>
					<orig>well-known,</orig>
					<reg>well known,</reg>
					<reg>well</reg>
					<reg>known,</reg>
				</choice>
			</w>
			<w x="1093">comes,</w>
			<w x="1168">that</w>
			<w x="1229">the</w>
			<w x="1359">mastiffs</w>
			<w x="1459">spend</w>
		</line>
		<line c="566" h="42" n="5">
			<w x="759">Their</w>
			<w x="879">mouths</w>
			<w x="928">no</w>
			<w x="1046">louder.</w>
			<w x="1164">Only</w>
			<w x="1252">some</w>
			<w x="1318">one</w>
			<w x="1400">near</w>
		</line>
		<line c="614" h="41" n="6">
			<w x="754">They</w>
			<w x="865">whine,</w>
			<w x="935">and</w>
			<w x="1010">leap</w>
			<w x="1115">about,</w>
			<w x="1219">whose</w>
			<w x="1288">feet</w>
			<w x="1318">I</w>
			<w x="1427">hear."</w>
		</line>
	</div>
	<div id="3" group="2" x="659" y="1479" width="787" height="150" type="score" attribution="HM"
		sealts="278_2_2.074" section="16">
		<line c="1507" h="40" n="24">
			<w x="721">He</w>
			<w x="806">wept</w>
			<w x="861">for</w>
			<w x="929">joy,</w>
			<w x="998">and</w>
			<w x="1087">said:</w>
			<w x="1224">"Thou</w>
			<w x="1284">yet</w>
			<w x="1340">art</w>
			<w x="1438">come,</w>
		</line>
		<line c="1556" h="39" n="25">
			<w x="763">Sweet</w>
			<w x="855">light,</w>
			<w x="952">sweet</w>
			<w x="1098">
				<choice>
					<orig>sun-rise,</orig>
					<reg>sun rise,</reg>
					<reg>sunrise,</reg>
					<reg>sun</reg>
					<reg>rise,</reg>
				</choice>
			</w>
			<w x="1139">to</w>
			<w x="1204">thy</w>
			<w x="1315">cloudy</w>
			<w x="1417">home.</w>
		</line>
		<line c="1606" h="41" n="26">
			<w x="710">O,</w>
			<w x="807">never</w>
			<w x="837">I</w>
			<w x="953">
				<choice>
					<orig>look'd,</orig>
					<reg>looked,</reg>
				</choice>
			</w>
			<w x="1047">when</w>
			<w x="1128">once</w>
			<w x="1250">
				<choice>
					<orig>shipp'd</orig>
					<reg>shipped</reg>
				</choice>
			</w>
			<w x="1340">away</w>
		</line>
	</div>
</body>
