<body>
	<div id="2" group="1" x="722" y="1059" width="795" height="588" type="arcedscore"
		attribution="HM" sealts="278_1_1.080" section="4">
		<line c="1084" h="48" n="16">
			<w x="891">Asphalion,</w>
			<w x="1002">
				<choice>
					<orig>pour'd</orig>
					<reg>poured</reg>
				</choice>
			</w>
			<w x="1049">on</w>
			<w x="1100">th'</w>
			<w x="1186">issue</w>
			<w x="1230">of</w>
			<w x="1285">the</w>
			<w x="1410">spring;</w>
		</line>
		<line c="1133" h="41" n="17">
			<w x="798">And</w>
			<w x="846">all</w>
			<w x="886">to</w>
			<w x="983">ready</w>
			<w x="1066">feast</w>
			<w x="1120">set</w>
			<w x="1217">ready</w>
			<w x="1312">hand.</w>
		</line>
		<line c="1179" h="34" n="18">
			<w x="790">But</w>
			<w x="895">Helen</w>
			<w x="968">now</w>
			<w x="1016">on</w>
			<w x="1089">new</w>
			<w x="1194">device</w>
			<w x="1254">did</w>
			<w x="1355">stand,</w>
		</line>
		<line c="1232" h="43" n="19">
			<w x="860">Infusing</w>
			<w x="990">straight</w>
			<w x="1020">a</w>
			<w x="1165">medicine</w>
			<w x="1206">to</w>
			<w x="1290">their</w>
			<w x="1381">wine,</w>
		</line>
		<line c="1280" h="43" n="20">
			<w x="815">That,</w>
			<w x="971">drowning</w>
			<w x="1059">cares</w>
			<w x="1127">and</w>
			<w x="1250">angers,</w>
			<w x="1311">did</w>
			<w x="1428">decline</w>
		</line>
		<line c="1330" h="46" n="21">
			<w x="780">All</w>
			<w x="910">thought</w>
			<w x="953">of</w>
			<w x="1001">ill.</w>
			<w x="1117">Who</w>
			<w x="1219">drunk</w>
			<w x="1281">her</w>
			<w x="1345">cup</w>
			<w x="1437">could</w>
			<w x="1516">shed</w>
		</line>
		<line c="1380" h="43" n="22">
			<w x="780">All</w>
			<w x="852">that</w>
			<w x="918">day</w>
			<w x="980">not</w>
			<w x="1010">a</w>
			<w x="1091">tear,</w>
			<w x="1140">no</w>
			<w x="1201">not</w>
			<w x="1238">if</w>
			<w x="1317">dead</w>
		</line>
		<line c="1431" h="42" n="23">
			<w x="807">That</w>
			<w x="874">day</w>
			<w x="928">his</w>
			<w x="1033">father</w>
			<w x="1074">or</w>
			<w x="1129">his</w>
			<w x="1248">mother</w>
			<w x="1338">Were,</w>
		</line>
		<line c="1477" h="38" n="24">
			<w x="792">Not</w>
			<w x="829">if</w>
			<w x="881">his</w>
			<w x="1012">brother,</w>
			<w x="1107">child,</w>
			<w x="1153">or</w>
			<w x="1277">chiefest</w>
			<w x="1363">dear,</w>
		</line>
		<line c="1524" h="34" n="25">
			<w x="783">He</w>
			<w x="892">should</w>
			<w x="950">see</w>
			<w x="1100">
				<choice>
					<orig>murder'd</orig>
					<reg>murdered</reg>
				</choice>
			</w>
			<w x="1177">then</w>
			<w x="1281">before</w>
			<w x="1336">his</w>
			<w x="1416">face.</w>
		</line>
		<line c="1577" h="38" n="26">
			<w x="809">Such</w>
			<w x="909">useful</w>
			<w x="1077">medicines,</w>
			<w x="1155">only</w>
			<w x="1251">borne</w>
			<w x="1292">in</w>
			<w x="1386">grace</w>
		</line>
		<line c="1627" h="42" n="27">
			<w x="777">Of</w>
			<w x="857">what</w>
			<w x="923">was</w>
			<w x="1018">good,</w>
			<w x="1119">would</w>
			<w x="1224">Helen</w>
			<w x="1300">ever</w>
			<w x="1389">have.</w>
		</line>
	</div>
</body>
