<body>
	<div id="2" group="1" x="281" y="909" width="796" height="946" type="wavyscore" attribution="HM"
		sealts="278_1_1.177" section="8">
		<line c="940" h="39" n="13">
			<w x="367">Like</w>
			<w x="408">to</w>
			<w x="439">a</w>
			<w x="516">man</w>
			<w x="589">that</w>
			<w x="714">authors</w>
			<w x="850">injuries.</w>
		</line>
		<line c="989" h="38" n="14">
			<w x="311">I</w>
			<w x="379">see,</w>
			<w x="441">the</w>
			<w x="531">Gods</w>
			<w x="572">to</w>
			<w x="623">all</w>
			<w x="700">men</w>
			<w x="776">give</w>
			<w x="837">not</w>
			<w x="887">all</w>
		</line>
		<line c="1034" h="43" n="15">
			<w x="393">Manly</w>
			<w x="553">addiction,</w>
			<w x="688">wisdom,</w>
			<w x="789">words</w>
			<w x="863">that</w>
			<w x="933">fall,</w>
		</line>
		<line c="1087" h="38" n="16">
			<w x="365">Like</w>
			<w x="447">dice,</w>
			<w x="535">upon</w>
			<w x="595">the</w>
			<w x="705">square</w>
			<w x="782">still.</w>
			<w x="907">Some</w>
			<w x="985">man</w>
			<w x="1075">takes</w>
		</line>
		<line c="1136" h="38" n="17">
			<w x="412">form</w>
			<w x="495">from</w>
			<w x="627">parents,</w>
			<w x="690">but</w>
			<w x="767">God</w>
			<w x="856">often</w>
			<w x="965">makes</w>
		</line>
		<line c="1184" h="39" n="18">
			<w x="368">That</w>
			<w x="449">fault</w>
			<w x="493">of</w>
			<w x="572">form</w>
			<w x="622">up</w>
			<w x="700">with</w>
			<w x="839">
				<choice>
					<orig>observ'd</orig>
					<reg>observed</reg>
				</choice>
			</w>
			<w x="943">repair</w>
		</line>
		<line c="1233" h="38" n="19">
			<w x="337">Of</w>
			<w x="471">pleasing</w>
			<w x="592">speech,</w>
			<w x="666">that</w>
			<w x="774">makes</w>
			<w x="845">him</w>
			<w x="922">held</w>
			<w x="977">for</w>
			<w x="1050">fair,</w>
		</line>
		<line c="1282" h="40" n="20">
			<w x="368">That</w>
			<w x="475">makes</w>
			<w x="546">him</w>
			<w x="644">speak</w>
			<w x="789">securely,</w>
			<w x="898">makes</w>
			<w x="970">him</w>
			<w x="1061">shine</w>
		</line>
		<line c="1328" h="46" n="21">
			<w x="330">In</w>
			<w x="379">an</w>
			<w x="528">assembly</w>
			<w x="608">with</w>
			<w x="636">a</w>
			<w x="731">grace</w>
			<w x="843">divine.</w>
		</line>
		<line c="1381" h="39" n="22">
			<w x="363">Men</w>
			<w x="440">take</w>
			<w x="556">delight</w>
			<w x="596">to</w>
			<w x="655">see</w>
			<w x="729">how</w>
			<w x="839">evenly</w>
			<w x="887">lie</w>
		</line>
		<line c="1431" h="39" n="23">
			<w x="349">His</w>
			<w x="449">words</w>
			<w x="555">asteep</w>
			<w x="598">in</w>
			<w x="702">honey</w>
			<w x="847">modesty.</w>
		</line>
		<line c="1479" h="37" n="24">
			<w x="427">Another,</w>
			<w x="517">then,</w>
			<w x="599">hath</w>
			<w x="718">fashion</w>
			<w x="785">like</w>
			<w x="816">a</w>
			<w x="902">God,</w>
		</line>
		<line c="1529" h="38" n="25">
			<w x="350">But</w>
			<w x="392">in</w>
			<w x="448">his</w>
			<w x="599">language</w>
			<w x="645">he</w>
			<w x="681">is</w>
			<w x="751">foul</w>
			<w x="820">and</w>
			<w x="925">broad.</w>
		</line>
		<line c="1580" h="40" n="26">
			<w x="359">And</w>
			<w x="439">such</w>
			<w x="495">art</w>
			<w x="583">thou.</w>
			<w x="653">A</w>
			<w x="764">person</w>
			<w x="829">fair</w>
			<w x="865">is</w>
			<w x="969">given,</w>
		</line>
		<line c="1628" h="39" n="27">
			<w x="350">But</w>
			<w x="480">nothing</w>
			<w x="548">else</w>
			<w x="585">is</w>
			<w x="628">in</w>
			<w x="704">thee</w>
			<w x="778">sent</w>
			<w x="860">from</w>
			<w x="976">heaven;</w>
		</line>
		<line c="1679" h="39" n="28">
			<w x="349">For</w>
			<w x="391">in</w>
			<w x="467">thee</w>
			<w x="556">lurks</w>
			<w x="587">a</w>
			<w x="665">base</w>
			<w x="734">and</w>
			<w x="843">earthy</w>
			<w x="925">soul,</w>
		</line>
		<line c="1729" h="41" n="29">
			<w x="359">And</w>
			<w x="391">t'</w>
			<w x="463">hast</w>
			<w x="621">
				<choice>
					<orig>compell'd</orig>
					<reg>compelled</reg>
				</choice>
			</w>
			<w x="687">me,</w>
			<w x="767">with</w>
			<w x="798">a</w>
			<w x="910">speech</w>
			<w x="994">most</w>
			<w x="1071">foul,</w>
		</line>
		<line c="1775" h="33" n="30">
			<w x="334">To</w>
			<w x="381">be</w>
			<w x="457">thus</w>
			<w x="561">bitter,</w>
			<w x="619">I</w>
			<w x="678">am</w>
			<w x="740">not</w>
			<w x="856">unseen</w>
		</line>
		<line c="1828" h="40" n="31">
			<w x="328">In</w>
			<w x="418">these</w>
			<w x="483">fair</w>
			<w x="596">strifes,</w>
			<w x="641">as</w>
			<w x="704">thy</w>
			<w x="804">words</w>
		</line>
	</div>
</body>
