<body>
	<div id="2" group="1" x="270" y="1649" width="812" height="100" type="checkmark"
		attribution="HM" sealts="278_1_1.129" section="5">
		<line n="28" h="50" c="1674">
			<w x="378">Spent</w>
			<w x="410">to</w>
			<w x="467">all</w>
			<w x="534">use,</w>
			<w x="609">and</w>
			<w x="703">down</w>
			<w x="741">he</w>
			<w x="830">sunk</w>
			<w x="867">to</w>
			<w x="990">death.</w>
		</line>
		<line n="29" h="50" c="1724">
			<div id="3" group="1" x="276" y="1701" width="601" height="45" type="underline"
				attribution="HM" sealts="278_1_1.129" section="5">
				<w x="347">The</w>
				<w x="412">sea</w>
				<w x="479">had</w>
				<w x="583">
					<choice>
						<orig>soak'd</orig>
						<reg>soaked</reg>
					</choice>
				</w>
				<w x="643">his</w>
				<w x="732">heart</w>
				<w x="874">through;</w>
			</div>
			<w x="939">all</w>
			<w x="990">his</w>
			<w x="1079">veins</w>
		</line>
	</div>
</body>
