<body>
	<div id="2" group="1" x="728" y="421" width="714" height="244" type="score" attribution="HM"
		sealts="278_1_1.290" section="12">
		<line c="444" h="36" n="3">
			<w x="753">I</w>
			<w x="897">ventured</w>
			<w x="965">life.</w>
			<w x="1064">Yet</w>
			<w x="1157">could</w>
			<w x="1218">not</w>
			<w x="1247">I</w>
			<w x="1381">contain,</w>
		</line>
		<line c="496" h="44" n="4">
			<w x="795">But</w>
			<w x="896">
				<choice>
					<orig>arm'd</orig>
					<reg>armed</reg>
				</choice>
			</w>
			<w x="937">at</w>
			<w x="987">all</w>
			<w x="1084">parts,</w>
			<w x="1153">and</w>
			<w x="1218">two</w>
			<w x="1323">lances</w>
			<w x="1411">took,</w>
		</line>
		<line c="547" h="48" n="5">
			<w x="785">Up</w>
			<w x="826">to</w>
			<w x="886">the</w>
			<w x="1027">foredeck</w>
			<w x="1122">went,</w>
			<w x="1192">and</w>
			<w x="1303">thence</w>
			<w x="1365">did</w>
			<w x="1440">look</w>
		</line>
		<line c="595" h="46" n="6">
			<w x="812">That</w>
			<w x="909">rocky</w>
			<w x="1014">Scylla</w>
			<w x="1115">would</w>
			<w x="1197">have</w>
			<w x="1269">first</w>
			<w x="1420">
				<choice>
					<orig>appear'd,</orig>
					<reg>appeared,</reg>
				</choice>
			</w>
		</line>
		<line c="644" h="45" n="7">
			<w x="805">And</w>
			<w x="901">taken</w>
			<w x="962">my</w>
			<w x="1021">life</w>
			<w x="1100">with</w>
			<w x="1160">the</w>
			<w x="1275">friends</w>
			<w x="1305">I</w>
			<w x="1413">
				<choice>
					<orig>fear'd.</orig>
					<reg>feared.</reg>
				</choice>
			</w>
		</line>
	</div>
	<div id="3" group="2" x="727" y="868" width="841" height="540" type="score" attribution="HM"
		sealts="278_1_1.290" section="12">
		<line c="893" h="43" n="12">
			<w x="841">
				<choice>
					<orig>'Twixt</orig>
					<reg>Between</reg>
				</choice>
			</w>
			<w x="948">Scylla</w>
			<w x="1015">and</w>
			<w x="1203">Charybdis;</w>
			<w x="1336">whence</w>
			<w x="1390">we</w>
			<w x="1457">saw</w>
		</line>
		<line c="941" h="43" n="13">
			<w x="815">How</w>
			<w x="950">horridly</w>
			<w x="1126">Charybdis'</w>
			<w x="1232">throat</w>
			<w x="1293">did</w>
			<w x="1380">draw</w>
		</line>
		<line c="989" h="43" n="14">
			<w x="804">The</w>
			<w x="945">brackish</w>
			<w x="1005">sea</w>
			<w x="1065">up,</w>
			<w x="1168">which</w>
			<w x="1260">when</w>
			<w x="1310">all</w>
			<w x="1423">abroad</w>
		</line>
		<line c="1041" h="45" n="15">
			<w x="800">She</w>
			<w x="868">spit</w>
			<w x="965">again</w>
			<w x="1035">out,</w>
			<w x="1131">never</w>
			<w x="1254">caldron</w>
			<w x="1317">sod</w>
		</line>
		<line c="1087" h="38" n="16">
			<w x="825">With</w>
			<w x="867">so</w>
			<w x="963">much</w>
			<w x="1094">fervour,</w>
			<w x="1154">fed</w>
			<w x="1233">with</w>
			<w x="1282">all</w>
			<w x="1341">the</w>
			<w x="1426">store</w>
		</line>
		<line c="1138" h="42" n="17">
			<w x="818">That</w>
			<w x="910">could</w>
			<w x="1024">enrage</w>
			<w x="1076">it;</w>
			<w x="1135">all</w>
			<w x="1195">the</w>
			<w x="1274">rock</w>
			<w x="1334">did</w>
			<w x="1408">roar</w>
		</line>
		<line c="1185" h="37" n="18">
			<w x="826">With</w>
			<w x="962">troubled</w>
			<w x="1088">waters;</w>
			<w x="1198">round</w>
			<w x="1293">about</w>
			<w x="1352">the</w>
			<w x="1425">tops</w>
		</line>
		<line c="1238" h="44" n="19">
			<w x="787">Of</w>
			<w x="834">all</w>
			<w x="893">the</w>
			<w x="982">steep</w>
			<w x="1076">crags</w>
			<w x="1149">flew</w>
			<w x="1209">the</w>
			<w x="1314">foamy</w>
			<w x="1417">drops.</w>
		</line>
		<line c="1284" h="46" n="20">
			<w x="804">But</w>
			<w x="895">when</w>
			<w x="957">her</w>
			<w x="1091">draught</w>
			<w x="1150">the</w>
			<w x="1211">sea</w>
			<w x="1279">and</w>
			<w x="1369">earth</w>
			<w x="1562">dissunder'd,</w>
		</line>
		<line c="1333" h="42" n="21">
			<w x="807">The</w>
			<w x="945">troubled</w>
			<w x="1074">bottoms</w>
			<w x="1180">
				<choice>
					<orig>turn'd</orig>
					<reg>turned</reg>
				</choice>
			</w>
			<w x="1240">up,</w>
			<w x="1309">and</w>
			<w x="1371">she</w>
			<w x="1540">
				<choice>
					<orig>thunder'd,</orig>
					<reg>thundered,</reg>
				</choice>
			</w>
		</line>
		<line c="1382" h="37" n="22">
			<w x="804">Far</w>
			<w x="903">under</w>
			<w x="995">shore</w>
			<w x="1056">the</w>
			<w x="1150">swart</w>
			<w x="1244">sands</w>
			<w x="1349">naked</w>
			<w x="1416">lay.</w>
		</line>
	</div>
</body>
