<body>
	<div id="2" group="1" x="300" y="1099" width="745" height="553" type="score" attribution="HM"
		sealts="278_1_1.173" section="8">
		<line c="1129" h="40" n="17">
			<w x="373">But,</w>
			<w x="465">when</w>
			<w x="520">his</w>
			<w x="628">sacred</w>
			<w x="710">song</w>
			<w x="769">the</w>
			<w x="857">mere</w>
			<w x="960">divine</w>
		</line>
		<line c="1179" h="44" n="18">
			<w x="375">Had</w>
			<w x="469">given</w>
			<w x="517">an</w>
			<w x="593">end,</w>
			<w x="624">a</w>
			<w x="729">goblet</w>
			<w x="859">
				<choice><orig>crown'd</orig>crowned<reg/></choice>
			</w>
			<w x="937">with</w>
			<w x="1018">wine</w>
		</line>
		<line c="1229" h="43" n="19">
			<w x="430">Ulysses,</w>
			<w x="544">drying</w>
			<w x="599">his</w>
			<w x="663">wet</w>
			<w x="749">eyes,</w>
			<w x="810">did</w>
			<w x="902">seize,</w>
		</line>
		<line c="1275" h="38" n="20">
			<w x="375">And</w>
			<w x="525">sacrificed</w>
			<w x="564">to</w>
			<w x="655">those</w>
			<w x="744">Gods</w>
			<w x="817">that</w>
			<w x="917">would</w>
			<w x="1020">please</w>
		</line>
		<line c="1326" h="41" n="21">
			<w x="342">T'</w>
			<w x="451">inspire</w>
			<w x="514">the</w>
			<w x="591">poet</w>
			<w x="668">with</w>
			<w x="698">a</w>
			<w x="780">song</w>
			<w x="822">so</w>
			<w x="866">fit</w>
		</line>
		<line c="1373" h="37" n="22">
			<w x="351">To</w>
			<w x="399">do</w>
			<w x="470">him</w>
			<w x="596">honour,</w>
			<w x="666">and</w>
			<w x="787">renown</w>
			<w x="843">his</w>
			<w x="910">wit.</w>
		</line>
		<line c="1423" h="41" n="23">
			<w x="366">His</w>
			<w x="451">tears</w>
			<w x="530">then</w>
			<w x="612">stay'</w>
			<w x="640">d.</w>
			<w x="739">But</w>
			<w x="830">when</w>
			<w x="925">again</w>
			<w x="1037">began,</w>
		</line>
		<line c="1475" h="43" n="24">
			<w x="357">By</w>
			<w x="406">all</w>
			<w x="465">the</w>
			<w x="569">kings'</w>
			<w x="694">desires,</w>
			<w x="755">the</w>
			<w x="879">moving</w>
			<w x="965">man,</w>
		</line>
		<line c="1524" h="43" n="25">
			<w x="405">Again</w>
			<w x="531">Ulysses</w>
			<w x="624">could</w>
			<w x="684">not</w>
			<w x="795">choose</w>
			<w x="856">but</w>
			<w x="942">yield</w>
		</line>
		<line c="1573" h="42" n="26">
			<w x="353">To</w>
			<w x="426">that</w>
			<w x="491">soft</w>
			<w x="621">passion,</w>
			<w x="723">which</w>
			<w x="828">again,</w>
			<w x="981">withheld,</w>
		</line>
		<line c="1622" h="43" n="27">
			<w x="360">He</w>
			<w x="439">kept</w>
			<w x="481">so</w>
			<w x="645">cunningly</w>
			<w x="727">from</w>
			<w x="823">sight,</w>
			<w x="897">that</w>
			<w x="990">none,</w>
		</line>
	</div>
</body>
