<body>
	<div id="2" group="1" x="694" y="1529" width="867" height="92" type="checkmark" attribution="HM"
		sealts="278_2_2.082" section="16">
		<line n="25" h="46" c="1552">
			<w x="762">My</w>
			<w x="857">youth</w>
			<w x="923">and</w>
			<w x="1104">ornaments,</w>
			<w x="1168">she</w>
			<w x="1236">still</w>
			<w x="1336">would</w>
			<w x="1461">please.</w>
		</line>
		<line n="26" h="46" c="1598">
			<w x="775">The</w>
			<w x="860">Gods</w>
			<w x="925">can</w>
			<w x="1016">raise,</w>
			<w x="1088">and</w>
			<w x="1191">throw</w>
			<w x="1264">men</w>
			<w x="1371">down,</w>
			<w x="1448">with</w>
			<w x="1552">ease."</w>
		</line>
	</div>
</body>
