<body>
	<div id="2" group="1" x="285" y="1246" width="727" height="46" type="checkmark" attribution="HM"
		sealts="278_1_1.121" section="5">
		<line n="20" h="46" c="1269">
			<w x="361">And</w>
			<w x="465">
				<choice>
					<orig>look'd</orig>
					<reg>looked</reg>
				</choice>
			</w>
			<w x="545">from</w>
			<w x="598">off</w>
			<w x="658">the</w>
			<w x="738">dark</w>
			<w x="807">seas</w>
			<w x="881">like</w>
			<w x="903">a</w>
			<w x="1009">shield.</w>
		</line>
	</div>
</body>
