<body>
	<div id="2" group="1" x="716" y="1550" width="756" height="248" type="score" attribution="HM"
		sealts="278_1_1.196" section="8">
		<line c="1577" h="40" n="26">
			<w x="763">Or</w>
			<w x="830">any</w>
			<w x="932">friend</w>
			<w x="1070">perhaps,</w>
			<w x="1114">in</w>
			<w x="1216">whom</w>
			<w x="1276">did</w>
			<w x="1365">move</w>
		</line>
		<line c="1626" h="40" n="27">
			<w x="750">A</w>
			<w x="891">knowing</w>
			<w x="972">soul,</w>
			<w x="1042">and</w>
			<w x="1090">no</w>
			<w x="1269">unpleasing</w>
			<w x="1361">thing?</w>
		</line>
		<line c="1675" h="39" n="28">
			<w x="803">Since</w>
			<w x="884">such</w>
			<w x="914">a</w>
			<w x="1000">good</w>
			<w x="1064">one</w>
			<w x="1101">is</w>
			<w x="1150">no</w>
			<w x="1309">underling</w>
		</line>
		<line c="1724" h="41" n="29">
			<w x="764">To</w>
			<w x="833">any</w>
			<w x="971">brother;</w>
			<w x="1044">for,</w>
			<w x="1130">what</w>
			<w x="1186">fits</w>
			<w x="1259">true</w>
			<w x="1383">friends,</w>
		</line>
		<line c="1771" h="37" n="30">
			<w x="796">True</w>
			<w x="921">wisdom</w>
			<w x="966">is,</w>
			<w x="1040">that</w>
			<w x="1132">blood</w>
			<w x="1200">and</w>
			<w x="1285">birth</w>
			<w x="1465">transcends.</w>
		</line>
	</div>
</body>
