<body>
	<div id="2" group="1" x="951" y="531" width="466" height="55" type="underline" attribution="HM"
		sealts="278_1_1.278" section="12">
		<line n="5" h="55" c="558">
			<w x="1412">
				<choice>
					<orig>white-and-red-mix'd-finger'd</orig>
					<reg>white and red mix'd finger'd</reg>
					<reg>white and red mixed fingered</reg>
					<reg>white-and-red-mixed-fingered</reg>
					<reg>white</reg>
					<reg>and</reg>
					<reg>red</reg>
					<reg>mix'd</reg>
					<reg>mixed</reg>
					<reg>finger'd</reg>
					<reg>fingered</reg>
				</choice>
			</w>
		</line>
	</div>
	<div id="3	" group="2" x="718" y="1524" width="822" height="296" type="score" attribution="HM"
		sealts="278_1_1.278" section="12">
		<line c="1546" h="31" n="25">
			<w x="762">In</w>
			<w x="880">Pluto's</w>
			<w x="991">dismal</w>
			<w x="1145">mansion!</w>
			<w x="1241">You</w>
			<w x="1323">shall</w>
			<w x="1380">die</w>
			<w x="1572">so</w>
		</line>
		<line c="1599" h="37" n="26">
			<w x="816">Twice</w>
			<w x="899">now,</w>
			<w x="1002">where</w>
			<w x="1116">others,</w>
			<w x="1190">that</w>
			<w x="1346">Mortality</w>
		</line>
		<line c="1647" h="36" n="27">
			<w x="762">In</w>
			<w x="824">her</w>
			<w x="889">fair</w>
			<w x="975">arms</w>
			<w x="1076">holds,</w>
			<w x="1161">shall</w>
			<w x="1222">but</w>
			<w x="1302">once</w>
			<w x="1437">decease.</w>
		</line>
		<line c="1695" h="33" n="28">
			<w x="783">But</w>
			<w x="841">eat</w>
			<w x="909">and</w>
			<w x="1003">drink</w>
			<w x="1064">out</w>
			<w x="1114">all</w>
			<w x="1233">conceit</w>
			<w x="1277">of</w>
			<w x="1371">these,</w>
		</line>
		<line c="1748" h="40" n="29">
			<w x="793">And</w>
			<w x="859">this</w>
			<w x="927">day</w>
			<w x="1063">dedicate</w>
			<w x="1103">to</w>
			<w x="1181">food</w>
			<w x="1248">and</w>
			<w x="1340">wine,</w>
		</line>
		<line c="1797" h="42" n="30">
			<w x="787">The</w>
			<w x="934">following</w>
			<w x="1028">night</w>
			<w x="1066">to</w>
			<w x="1160">sleep.</w>
			<w x="1285">When</w>
			<w x="1361">next</w>
			<w x="1441">shall</w>
			<w x="1529">shine</w>
		</line>
	</div>
</body>
