<body>
    <div id="1" group="1" x="201" y="161" width="335" height="103" type="notation" attribution="HM"
        sealts="278_2_a2" section="frontmatter">
        <line n="1" h="103" c="212">
            <w x="309">
                <choice>
                    <orig>C.</orig>
                    <reg>Cape</reg>
                </choice>
            </w>
            <w x="423">
                <choice>
                    <orig>H.</orig>
                    <reg>Horn</reg>
                </choice>
            </w>
            <w x="529">2.</w>
        </line>
    </div>
</body>
