<body>
	<div id="2" group="1" x="716" y="518" width="724" height="296" type="score" attribution="HM"
		sealts="278_1_1.274" section="11">
		<line c="543" h="35" n="5">
			<w x="790">Into</w>
			<w x="846">his</w>
			<w x="926">liver</w>
			<w x="1006">with</w>
			<w x="1090">their</w>
			<w x="1221">crooked</w>
			<w x="1335">beaks;</w>
		</line>
		<line c="595" h="44" n="6">
			<w x="792">And</w>
			<w x="872">each</w>
			<w x="923">by</w>
			<w x="1012">turns</w>
			<w x="1072">the</w>
			<w x="1210">concrete</w>
			<w x="1322">entrail</w>
			<w x="1433">breaks</w>
		</line>
		<line c="641" h="55" n="7">
			<w x="782">(As</w>
			<w x="892">smiths</w>
			<w x="977">their</w>
			<w x="1057">steel</w>
			<w x="1145">beat)</w>
			<w x="1201">set</w>
			<w x="1250">on</w>
			<w x="1350">either</w>
			<w x="1430">side.</w>
		</line>
		<line c="692" h="34" n="8">
			<w x="789">Nor</w>
			<w x="868">doth</w>
			<w x="916">he</w>
			<w x="993">ever</w>
			<w x="1100">
				<choice>
					<orig>labour</orig>
					<reg>labor</reg>
				</choice>
			</w>
			<w x="1140">to</w>
			<w x="1244">divide</w>
		</line>
		<line c="741" h="39" n="9">
			<w x="783">His</w>
			<w x="863">liver</w>
			<w x="931">and</w>
			<w x="1014">their</w>
			<w x="1121">beaks,</w>
			<w x="1186">nor</w>
			<w x="1264">with</w>
			<w x="1320">his</w>
			<w x="1408">hand</w>
		</line>
		<line c="792" h="39" n="10">
			<w x="806">Offer</w>
			<w x="895">them</w>
			<w x="953">off,</w>
			<w x="1016">but</w>
			<w x="1125">suffers</w>
			<w x="1175">by</w>
			<w x="1332">command</w>
		</line>
	</div>
</body>
