<body>
	<div id="2" group="1" x="694" y="434" width="681" height="100" type="checkmark" attribution="HM"
		sealts="278_1_1.044" section="2">
		<line n="3" h="50" c="459">
			<w x="798">Make</w>
			<w x="870">sure</w>
			<w x="976">abode.</w>
			<w x="1049">It</w>
			<w x="1101">fits</w>
			<w x="1167">not</w>
			<w x="1227">you</w>
			<w x="1276">so</w>
			<div id="3" group="1" x="1269" y="440" width="104" height="52" type="underline"
				attribution="HM" sealts="278_1_1.044" section="2">
				<w x="1370">young</w>
			</div>
		</line>
		<line n="4" h="50" c="509">
			<w x="754">To</w>
			<w x="847">suffer</w>
			<w x="887">so</w>
			<w x="979">much</w>
			<w x="1030">by</w>
			<w x="1090">the</w>
			<div id="4" group="1" x="1088" y="488" width="89" height="42" type="underline"
				attribution="HM" sealts="278_1_1.044" section="2">
				<w x="1172">aged</w>
			</div>
			<w x="1258">seas,</w>
		</line>
	</div>
</body>
