<body>
	<div id="2" group="1" x="277" y="466" width="811" height="793" type="score" attribution="HM"
		sealts="278_1_1.207" section="9">
		<line c="493" h="39" n="4">
			<w x="323">Of</w>
			<w x="423">massy</w>
			<w x="516">silver;</w>
			<w x="603">but</w>
			<w x="661">his</w>
			<w x="726">gift</w>
			<w x="810">most</w>
			<w x="914">famed</w>
		</line>
		<line c="542" h="38" n="5">
			<w x="351">Was</w>
			<w x="457">twelve</w>
			<w x="551">great</w>
			<w x="673">vessels,</w>
			<w x="755">
				<choice>
					<orig>fill'd</orig>
					<reg>filled</reg>
				</choice>
			</w>
			<w x="833">with</w>
			<w x="913">such</w>
			<w x="983">rich</w>
			<w x="1067">wine</w>
		</line>
		<line c="592" h="38" n="6">
			<w x="323">As</w>
			<w x="390">was</w>
			<w x="596">incorruptible</w>
			<w x="667">and</w>
			<w x="781">divine.</w>
		</line>
		<line c="641" h="39" n="7">
			<w x="330">He</w>
			<w x="409">kept</w>
			<w x="444">it</w>
			<w x="487">as</w>
			<w x="539">his</w>
			<w x="639">jewel,</w>
			<w x="741">which</w>
			<w x="826">none</w>
			<w x="919">knew</w>
		</line>
		<line c="690" h="36" n="8">
			<w x="341">But</w>
			<w x="388">he</w>
			<w x="519">himself,</w>
			<w x="576">his</w>
			<w x="659">wife,</w>
			<w x="729">and</w>
			<w x="776">he</w>
			<w x="850">that</w>
			<w x="944">drew.</w>
		</line>
		<line c="741" h="39" n="9">
			<w x="311">It</w>
			<w x="379">was</w>
			<w x="422">so</w>
			<w x="541">strong,</w>
			<w x="615">that</w>
			<w x="711">never</w>
			<w x="779">any</w>
			<w x="835">
				<choice>
					<orig>fill'd</orig>
					<reg>filled</reg>
				</choice>
			</w>
		</line>
		<line c="791" h="40" n="10">
			<w x="312">A</w>
			<w x="387">cup,</w>
			<w x="491">where</w>
			<w x="564">that</w>
			<w x="631">was</w>
			<w x="694">but</w>
			<w x="744">by</w>
			<w x="838">drops</w>
			<w x="973">
				<choice>
					<orig>instill'd,</orig>
					<reg>instilled,</reg>
				</choice>
			</w>
		</line>
		<line c="840" h="39" n="11">
			<w x="351">And</w>
			<w x="453">drunk</w>
			<w x="488">it</w>
			<w x="547">off,</w>
			<w x="610">but</w>
			<w x="699">
				<choice>
					<orig>'twas</orig>
					<reg>it was</reg>
					<reg>it</reg>
					<reg>was</reg>
				</choice>
			</w>
			<w x="803">before</w>
			<w x="896">
				<choice>
					<orig>allay'd</orig>
					<reg>allayed</reg>
				</choice>
			</w>
		</line>
		<line c="890" h="40" n="12">
			<w x="365">With</w>
			<w x="479">twenty</w>
			<w x="566">parts</w>
			<w x="608">in</w>
			<w x="705">water;</w>
			<w x="793">yet</w>
			<w x="835">so</w>
			<w x="950">
				<choice>
					<orig>sway'd</orig>
					<reg>swayed</reg>
				</choice>
			</w>
		</line>
		<line c="938" h="38" n="13">
			<w x="344">The</w>
			<w x="436">spirit</w>
			<w x="479">of</w>
			<w x="548">that</w>
			<w x="640">little,</w>
			<w x="714">that</w>
			<w x="773">the</w>
			<w x="873">whole</w>
		</line>
		<line c="985" h="34" n="14">
			<w x="313">A</w>
			<w x="419">sacred</w>
			<w x="516">
				<choice>
					<orig>odour</orig>
					<reg>odor</reg>
				</choice>
			</w>
			<w x="654">
				<choice>
					<orig>breath'd</orig>
					<reg>breathed</reg>
				</choice>
			</w>
			<w x="749">about</w>
			<w x="808">the</w>
			<w x="900">bowl.</w>
		</line>
		<line c="1036" h="37" n="15">
			<w x="353">Had</w>
			<w x="419">you</w>
			<w x="478">the</w>
			<w x="578">
				<choice>
					<orig>odour</orig>
					<reg>odor</reg>
				</choice>
			</w>
			<w x="671">smelt</w>
			<w x="739">and</w>
			<w x="829">scent</w>
			<w x="863">it</w>
			<w x="943">cast,</w>
		</line>
		<line c="1085" h="39" n="16">
			<w x="314">It</w>
			<w x="415">would</w>
			<w x="497">have</w>
			<w x="591">
				<choice>
					<orig>vex'd</orig>
					<reg>vexed</reg>
				</choice>
			</w>
			<w x="658">you</w>
			<w x="698">to</w>
			<w x="819">forbear</w>
			<w x="879">the</w>
			<w x="971">taste.</w>
		</line>
		<line c="1138" h="43" n="17">
			<w x="344">But</w>
			<w x="432">then,</w>
			<w x="493">the</w>
			<w x="576">taste</w>
			<w x="685">
				<choice>
					<orig>gain'd</orig>
					<reg>gained</reg>
				</choice>
			</w>
			<w x="751">too,</w>
			<w x="812">the</w>
			<w x="903">spirit</w>
			<w x="938">it</w>
			<w x="1075">wrought</w>
		</line>
		<line c="1187" h="41" n="18">
			<w x="327">To</w>
			<w x="406">dare</w>
			<w x="514">things</w>
			<w x="596">high</w>
			<w x="651">set</w>
			<w x="701">up</w>
			<w x="750">an</w>
			<w x="818">end</w>
			<w x="879">my</w>
			<w x="1017">thought.</w>
		</line>
		<line c="1235" h="39" n="19">
			<w x="368">Of</w>
			<w x="432">this</w>
			<w x="463">a</w>
			<w x="550">huge</w>
			<w x="642">great</w>
			<w x="746">flagon</w>
			<w x="809">full</w>
			<w x="838">I</w>
			<w x="925">bore,</w>
		</line>
	</div>
</body>
