<body>
	<div id="2" group="1" x="692" y="1514" width="816" height="399" type="score" attribution="HM"
		sealts="278_1_1.092" section="4">
		<line c="1534" h="31" n="25">
			<w x="743">To</w>
			<w x="807">ask</w>
			<w x="850">so</w>
			<w x="914">far.</w>
			<w x="984">It</w>
			<w x="1040">fits</w>
			<w x="1117">thee</w>
			<w x="1179">not</w>
			<w x="1219">to</w>
			<w x="1267">be</w>
		</line>
		<line c="1588" h="40" n="26">
			<w x="738">So</w>
			<w x="875">cunning</w>
			<w x="917">in</w>
			<w x="1007">thine</w>
			<w x="1080">own</w>
			<w x="1231">calamity.</w>
		</line>
		<line c="1635" h="38" n="27">
			<w x="762">Nor</w>
			<w x="841">seek</w>
			<w x="882">to</w>
			<w x="973">learn</w>
			<w x="1058">what</w>
			<w x="1177">
				<choice>
					<orig>learn'd</orig>
					<reg>learned</reg>
				</choice>
			</w>
			<w x="1257">thou</w>
			<w x="1392">
				<choice>
					<orig>shouldst</orig>
					<reg>should</reg>
				</choice>
			</w>
			<w x="1505">forget.</w>
		</line>
		<line c="1686" h="40" n="28">
			<w x="793">Men's</w>
			<w x="981">knowledges</w>
			<w x="1063">have</w>
			<w x="1175">proper</w>
			<w x="1271">limits</w>
			<w x="1336">set,</w>
		</line>
		<line c="1735" h="41" n="29">
			<w x="768">And</w>
			<w x="878">should</w>
			<w x="939">not</w>
			<w x="1048">prease</w>
			<w x="1119">into</w>
			<w x="1179">the</w>
			<w x="1268">mind</w>
			<w x="1312">of</w>
			<w x="1396">God.</w>
		</line>
		<line c="1781" h="48" n="30">
			<w x="758">But</w>
			<w x="847">'twill</w>
			<w x="907">not</w>
			<w x="987">long</w>
			<w x="1043">be,</w>
			<w x="1088">as</w>
			<w x="1149">my</w>
			<w x="1293">thoughts</w>
			<w x="1404">abode,</w>
		</line>
		<line c="1834" h="40" n="31">
			<w x="801">Before</w>
			<w x="882">thou</w>
			<w x="951">buy</w>
			<w x="1018">this</w>
			<w x="1139">curious</w>
			<w x="1215">skill</w>
			<w x="1293">with</w>
			<w x="1387">tears.</w>
		</line>
	</div>
	<div id="3" group="2" x="846" y="1866" width="590" height="39" type="score" attribution="HM"
		sealts="278_1_1.092" section="4">
		<line n="32" h="39" c="1886">
			<w x="968">Abode--</w>
			<w x="1179">prognosticate.</w>
			<w x="1225">A</w>
			<w x="1349">common</w>
			<w x="1436">word.</w>
		</line>
	</div>
</body>
