<body>
	<div id="2" group="1" x="694" y="612" width="778" height="210" type="arcedscore"
		attribution="HM" sealts="278_1_1.252" section="11">
		<line c="647" h="41" n="7">
			<w x="834">(Though</w>
			<w x="877">in</w>
			<w x="938">my</w>
			<w x="1011">ruth</w>
			<w x="1073">she</w>
			<w x="1152">held</w>
			<w x="1212">the</w>
			<w x="1336">highest</w>
			<w x="1464">degree)</w>
		</line>
		<line c="695" h="36" n="8">
			<w x="803">Would</w>
			<w x="833">I</w>
			<w x="931">admit</w>
			<w x="972">to</w>
			<w x="1070">touch</w>
			<w x="1130">the</w>
			<w x="1238">sacred</w>
			<w x="1339">blood,</w>
		</line>
		<line c="741" h="29" n="9">
			<w x="756">Till</w>
			<w x="838">from</w>
			<w x="972">Tiresias</w>
			<w x="1002">I</w>
			<w x="1071">had</w>
			<w x="1249">understood</w>
		</line>
		<line c="795" h="39" n="10">
			<w x="789">What</w>
			<w x="883">Circe</w>
			<w x="954">told</w>
			<w x="1021">me.</w>
			<w x="1102">At</w>
			<w x="1162">the</w>
			<w x="1272">length</w>
			<w x="1332">did</w>
			<w x="1411">land</w>
		</line>
	</div>
</body>
