<body>
	<div id="2" group="1" x="702" y="984" width="832" height="242" type="score" attribution="HM"
		sealts="278_2_2.152" section="19">
		<line c="1011" h="39" n="14">
			<w x="791">With</w>
			<w x="834">so</w>
			<w x="913">long</w>
			<w x="987">stay</w>
			<w x="1035">he</w>
			<w x="1103">was</w>
			<w x="1182">with</w>
			<w x="1258">you,</w>
			<w x="1326">you</w>
			<w x="1391">can</w>
		</line>
		<line c="1057" h="35" n="15">
			<w x="842">Describe</w>
			<w x="927">what</w>
			<w x="1015">weed</w>
			<w x="1063">he</w>
			<w x="1157">wore,</w>
			<w x="1244">what</w>
			<w x="1324">kind</w>
			<w x="1369">of</w>
			<w x="1442">man</w>
		</line>
		<line c="1108" h="35" n="16">
			<w x="784">Both</w>
			<w x="831">he</w>
			<w x="957">himself</w>
			<w x="1030">was,</w>
			<w x="1100">and</w>
			<w x="1185">what</w>
			<w x="1329">followers</w>
		</line>
		<line c="1156" h="37" n="17">
			<w x="850">Observed</w>
			<w x="920">him</w>
			<w x="1038">there."</w>
			<w x="1210">"Alas,"</w>
			<w x="1284">said</w>
			<w x="1341">he,</w>
			<w x="1436">"the</w>
			<w x="1528">years</w>
		</line>
		<line c="1208" h="41" n="18">
			<w x="790">Have</w>
			<w x="896">grown</w>
			<w x="939">so</w>
			<w x="1036">many</w>
			<w x="1157">since--</w>
			<w x="1217">this</w>
			<w x="1344">making</w>
			<w x="1418">now</w>
		</line>
	</div>
	<div id="3" group="2" x="698" y="1429" width="825" height="444" type="score" attribution="HM"
		sealts="278_2_2.152" section="19">
		<line c="1455" h="41" n="23">
			<w x="791">With</w>
			<w x="904">golden</w>
			<w x="1036">buttons,</w>
			<w x="1153">plaited</w>
			<w x="1250">thick,</w>
			<w x="1319">and</w>
			<w x="1396">bore</w>
		</line>
		<line c="1503" h="43" n="24">
			<w x="739">A</w>
			<w x="846">facing</w>
			<w x="947">where</w>
			<w x="977">a</w>
			<w x="1115">hundred</w>
			<w x="1233">
				<choice>
					<orig>colours</orig>
					<reg>colors</reg>
				</choice>
			</w>
			<w x="1352">shined.</w>
		</line>
		<line c="1547" h="33" n="25">
			<w x="802">About</w>
			<w x="861">the</w>
			<w x="955">skirts</w>
			<w x="986">a</w>
			<w x="1091">hound</w>
			<w x="1121">a</w>
			<w x="1254">freckled</w>
			<w x="1334">hind</w>
		</line>
		<line c="1599" h="37" n="26">
			<w x="747">In</w>
			<w x="810">full</w>
			<w x="917">course</w>
			<w x="1051">hunted;</w>
			<w x="1109">on</w>
			<w x="1169">the</w>
			<w x="1332">foreskirts,</w>
			<w x="1403">yet,</w>
		</line>
		<line c="1650" h="44" n="27">
			<w x="758">He</w>
			<w x="883">
				<choice>
					<orig>pinch'd</orig>
					<reg>pinched</reg>
				</choice>
			</w>
			<w x="949">and</w>
			<w x="1048">
				<choice>
					<orig>pull'd</orig>
					<reg>pulled</reg>
				</choice>
			</w>
			<w x="1111">her</w>
			<w x="1211">down,</w>
			<w x="1305">when</w>
			<w x="1384">with</w>
			<w x="1447">her</w>
			<w x="1524">feet,</w>
		</line>
		<line c="1698" h="39" n="28">
			<w x="777">And</w>
			<w x="827">all</w>
			<w x="888">her</w>
			<w x="983">force,</w>
			<w x="1046">she</w>
			<w x="1201">struggled</w>
			<w x="1283">hard</w>
			<w x="1338">for</w>
			<w x="1440">flight.</w>
		</line>
		<line c="1748" h="40" n="29">
			<w x="813">Which</w>
			<w x="880">had</w>
			<w x="960">such</w>
			<w x="1018">life</w>
			<w x="1061">in</w>
			<w x="1148">gold,</w>
			<w x="1223">that</w>
			<w x="1263">to</w>
			<w x="1323">the</w>
			<w x="1412">sight</w>
		</line>
		<line c="1797" h="38" n="30">
			<w x="739">It</w>
			<w x="855">
				<choice>
					<orig>seem'd</orig>
					<reg>seemed</reg>
				</choice>
			</w>
			<w x="914">the</w>
			<w x="994">hind</w>
			<w x="1082">itself</w>
			<w x="1133">for</w>
			<w x="1228">every</w>
			<w x="1306">hue,</w>
		</line>
		<line c="1846" h="38" n="31">
			<w x="771">The</w>
			<w x="876">hound</w>
			<w x="944">and</w>
			<w x="994">all</w>
			<w x="1036">so</w>
			<w x="1205">answering</w>
			<w x="1264">the</w>
			<w x="1355">view,</w>
		</line>
	</div>
</body>
