<body>
	<div id="2" group="1" x="298" y="1264" width="760" height="350" type="score" attribution="HM"
		sealts="278_1_1.199" section="9">
		<line c="1294" h="35" n="20">
			<w x="409">Whose</w>
			<w x="498">veins</w>
			<w x="557">the</w>
			<w x="625">like</w>
			<w x="779">affections</w>
			<w x="841">did</w>
			<w x="980">enflame,</w>
		</line>
		<line c="1340" h="29" n="21">
			<w x="415">Detain'</w>
			<w x="435">d</w>
			<w x="492">me</w>
			<w x="633">likewise.</w>
			<w x="732">But</w>
			<w x="773">to</w>
			<w x="916">neither's</w>
			<w x="990">love</w>
		</line>
		<line c="1395" h="38" n="22">
			<w x="393">Could</w>
			<w x="423">I</w>
			<w x="470">be</w>
			<w x="620">tempted;</w>
			<w x="731">which</w>
			<w x="811">doth</w>
			<w x="883">well</w>
			<w x="1023">approve,</w>
		</line>
		<line c="1444" h="37" n="23">
			<w x="431">Nothing</w>
			<w x="475">so</w>
			<w x="570">sweet</w>
			<w x="607">is</w>
			<w x="650">as</w>
			<w x="714">our</w>
			<w x="853">country's</w>
			<w x="970">earth,</w>
		</line>
		<line c="1493" h="39" n="24">
			<w x="370">And</w>
			<w x="429">joy</w>
			<w x="473">of</w>
			<w x="559">those</w>
			<w x="642">from</w>
			<w x="745">whom</w>
			<w x="798">we</w>
			<w x="893">claim</w>
			<w x="957">our</w>
			<w x="1051">birth.</w>
		</line>
		<line c="1543" h="38" n="25">
			<w x="424">Though</w>
			<w x="508">roofs</w>
			<w x="563">far</w>
			<w x="665">richer</w>
			<w x="717">we</w>
			<w x="773">far</w>
			<w x="826">off</w>
			<w x="951">possess,</w>
		</line>
		<line c="1591" h="35" n="26">
			<w x="371">Yet,</w>
			<w x="455">from</w>
			<w x="518">our</w>
			<w x="631">native,</w>
			<w x="682">all</w>
			<w x="745">our</w>
			<w x="833">more</w>
			<w x="870">is</w>
			<w x="945">less.</w>
		</line>
	</div>
</body>
