<body>
    <div id="1" group="1" x="167" y="173" width="346" height="90" type="notation" attribution="HM"
        sealts="278_1_a02" section="frontmatter">
        <line n="1" h="90" c="218">
            <w x="268">
                <choice>
                    <orig>C.</orig>
                    <reg>Cape</reg>
                </choice>
            </w>
            <w x="397">
                <choice>
                    <orig>H.</orig>
                    <reg>Horn</reg>
                </choice>
            </w>
            <w x="508">2.</w>
        </line>
    </div>
</body>
