<body>
	<div id="2" group="1" x="714" y="1487" width="690" height="149" type="score" attribution="HM"
		sealts="278_1_1.122" section="5">
		<line c="1516" h="45" n="25">
			<w x="800">How</w>
			<w x="848">all</w>
			<w x="907">the</w>
			<w x="978">tops</w>
			<w x="1026">he</w>
			<w x="1156">bottoms</w>
			<w x="1234">with</w>
			<w x="1292">the</w>
			<w x="1396">deeps,</w>
		</line>
		<line c="1565" h="43" n="26">
			<w x="792">And</w>
			<w x="834">in</w>
			<w x="893">the</w>
			<w x="1021">bottoms</w>
			<w x="1071">all</w>
			<w x="1130">the</w>
			<w x="1203">tops</w>
			<w x="1251">he</w>
			<w x="1370">steeps!</w>
		</line>
		<line c="1613" h="41" n="27">
			<w x="802">Thus</w>
			<w x="937">dreadful</w>
			<w x="973">is</w>
			<w x="1032">the</w>
			<w x="1175">presence</w>
			<w x="1220">of</w>
			<w x="1278">our</w>
			<w x="1381">death.</w>
		</line>
	</div>
</body>
