<body>
	<div id="2" group="1" x="706" y="1166" width="811" height="642" type="score" attribution="HM"
		sealts="278_1_1.056" section="3">
		<line c="1195" h="39" n="18">
			<w x="801">He</w>
			<w x="959">
				<choice>
					<orig>answer'd:</orig>
					<reg>answered:</reg>
				</choice>
			</w>
			<w x="1041">"O</w>
			<w x="1122">thou</w>
			<w x="1254">greatest</w>
			<w x="1349">grace</w>
			<w x="1393">of</w>
			<w x="1516">Greece,</w>
		</line>
		<line c="1245" h="39" n="19">
			<w x="825">Orestes</w>
			<w x="917">made</w>
			<w x="989">that</w>
			<w x="1092">wreak</w>
			<w x="1147">his</w>
			<w x="1362">
				<choice>
					<orig>master-piece,</orig>
					<reg>masterpiece,</reg>
				</choice>
			</w>
		</line>
		<line c="1295" h="40" n="20">
			<w x="779">And</w>
			<w x="849">him</w>
			<w x="908">the</w>
			<w x="1029">Greeks</w>
			<w x="1096">will</w>
			<w x="1171">give</w>
			<w x="1202">a</w>
			<w x="1430">master-praise,</w>
		</line>
		<line c="1343" h="39" n="21">
			<w x="798">Verse</w>
			<w x="917">finding</w>
			<w x="988">him</w>
			<w x="1028">to</w>
			<w x="1094">last</w>
			<w x="1141">all</w>
			<w x="1317">
				<choice>
					<orig>after-days.</orig>
					<reg>after days.</reg>
					<reg>after</reg>
					<reg>days.</reg>
				</choice>
			</w>
		</line>
		<line c="1388" h="31" n="22">
			<w x="778">And</w>
			<w x="878">would</w>
			<w x="918">to</w>
			<w x="996">God</w>
			<w x="1055">the</w>
			<w x="1145">Gods</w>
			<w x="1246">would</w>
			<w x="1352">
				<choice>
					<orig>favour</orig>
					<reg>favor</reg>
				</choice>
			</w>
			<w x="1409">me</w>
		</line>
		<line c="1441" h="39" n="23">
			<w x="792">With</w>
			<w x="848">his</w>
			<w x="1056">performance,</w>
			<w x="1130">that</w>
			<w x="1190">my</w>
			<w x="1303">injury,</w>
		</line>
		<line c="1490" h="39" n="24">
			<w x="792">Done</w>
			<w x="842">by</w>
			<w x="902">my</w>
			<w x="1044">mother's</w>
			<w x="1182">Wooers,</w>
			<w x="1279">being</w>
			<w x="1321">so</w>
			<w x="1399">foul,</w>
		</line>
		<line c="1540" h="38" n="25">
			<w x="727">I</w>
			<w x="830">might</w>
			<w x="960">revenge</w>
			<w x="1046">upon</w>
			<w x="1130">their</w>
			<w x="1224">every</w>
			<w x="1311">soul;</w>
		</line>
		<line c="1589" h="37" n="26">
			<w x="796">Who,</w>
			<w x="935">pressing</w>
			<w x="992">me</w>
			<w x="1070">with</w>
			<w x="1268">contumelies,</w>
			<w x="1347">dare</w>
		</line>
		<line c="1638" h="37" n="27">
			<w x="785">Such</w>
			<w x="892">things</w>
			<w x="936">as</w>
			<w x="1010">past</w>
			<w x="1069">the</w>
			<w x="1173">power</w>
			<w x="1217">of</w>
			<w x="1359">
				<choice>
					<orig>utt'rance</orig>
					<reg>utterance</reg>
				</choice>
			</w>
			<w x="1428">are.</w>
		</line>
		<line c="1688" h="39" n="28">
			<w x="767">But</w>
			<w x="920">Heaven's</w>
			<w x="1012">great</w>
			<w x="1134">Powers</w>
			<w x="1216">have</w>
			<w x="1330">graced</w>
			<w x="1389">my</w>
			<w x="1509">destiny</w>
		</line>
		<line c="1737" h="38" n="29">
			<w x="789">With</w>
			<w x="837">no</w>
			<w x="918">such</w>
			<w x="1043">
				<choice>
					<orig>honour.</orig>
					<reg>honor.</reg>
				</choice>
			</w>
			<w x="1159">Both</w>
			<w x="1219">my</w>
			<w x="1286">sire</w>
			<w x="1354">and</w>
			<w x="1383">I</w>
		</line>
		<line c="1786" h="38" n="30">
			<w x="766">Are</w>
			<w x="847">born</w>
			<w x="888">to</w>
			<w x="983">suffer</w>
			<w x="1215">everlastingly."</w>
		</line>
	</div>
</body>
