<body>
	<div id="2" group="1" x="272" y="956" width="770" height="189" type="wavyscore" attribution="HM"
		sealts="278_1_1.113" section="5">
		<line c="976" h="43" n="14">
			<w x="347">The</w>
			<w x="449">ample</w>
			<w x="537">cave,</w>
			<w x="601">nor</w>
			<w x="693">could</w>
			<w x="739">be</w>
			<w x="818">seen</w>
			<w x="967">unknown</w>
		</line>
		<line c="1026" h="41" n="15">
			<w x="327">Of</w>
			<w x="415">great</w>
			<w x="545">Calypso</w>
			<w x="614">(for</w>
			<w x="663">all</w>
			<w x="781">Deities</w>
			<w x="841">are</w>
		</line>
		<line c="1074" h="44" n="16">
			<w x="399">Prompt</w>
			<w x="441">in</w>
			<w x="521">each</w>
			<w x="634">other's</w>
			<w x="817">knowledge,</w>
			<w x="937">though</w>
			<w x="979">so</w>
			<w x="1034">far</w>
		</line>
		<line c="1123" h="39" n="17">
			<w x="397">
				<choice>
					<orig>Sever'd</orig>
					<reg>Severed</reg>
				</choice>
			</w>
			<w x="438">in</w>
			<w x="605">dwellings)</w>
			<w x="668">but</w>
			<w x="716">he</w>
			<w x="809">could</w>
			<w x="869">not</w>
			<w x="928">see</w>
		</line>
	</div>
</body>
