<body>
    <div id="1" group="1" x="685" y="156" width="779" height="365" type="autograph" type2="notation" attribution="HM" sealts="278_2_a5" section="frontmatter">
        <line n="1" h="120" c="223">
            <w x="816">H.</w>
            <w x="1073">Melville</w>
        </line>
        <line n="2" h="122" c="342">
            <blank x="798"/>
            <w x="936">from</w>
            <w x="1131">George</w>
            <w x="1460">Duyckinck</w>
        </line>
        <line n="3" h="121" c="434">
            <blank x="1143"/>
            <w x="1288">Nov.</w>
            <w x="1461">1858</w>
        </line>
    </div>
</body>
