<body>
	<div id="2" group="1" x="293" y="849" width="730" height="100" type="wavyscore3"
		attribution="HM" sealts="278_1_1.193" section="8">
		<line n="12" h="50" c="874">
			<w x="369">Old</w>
			<w x="467">death</w>
			<w x="545">with</w>
			<w x="612">life,</w>
			<w x="679">and</w>
			<w x="819">
				<choice>
					<orig>render'd</orig>
					<reg>rendered</reg>
				</choice>
			</w>
			<w x="875">life</w>
			<w x="925">so</w>
			<w x="1018">sweet,</w>
		</line>
		<line n="13" h="50" c="924">
			<w x="376">And</w>
			<w x="552">passionate,</w>
			<w x="630">that</w>
			<w x="676">all</w>
			<w x="764">there</w>
			<w x="832">felt</w>
			<w x="868">it</w>
			<w x="981">fleet;</w>
		</line>
	</div>
</body>
