<body>
	<div id="2" group="1" x="292" y="476" width="804" height="202" type="score" attribution="HM"
		sealts="278_1_1.275" section="11">
		<line c="507" h="40" n="4">
			<w x="357">The</w>
			<w x="453">sweat</w>
			<w x="542">came</w>
			<w x="676">gushing</w>
			<w x="737">out</w>
			<w x="820">from</w>
			<w x="917">every</w>
			<w x="1004">pore,</w>
		</line>
		<line c="556" h="40" n="5">
			<w x="363">And</w>
			<w x="412">on</w>
			<w x="467">his</w>
			<w x="551">head</w>
			<w x="581">a</w>
			<w x="723">standing</w>
			<w x="801">mist</w>
			<w x="849">he</w>
			<w x="944">wore,</w>
		</line>
		<line c="605" h="38" n="6">
			<w x="425">Reeking</w>
			<w x="508">from</w>
			<w x="629">thence,</w>
			<w x="674">as</w>
			<w x="712">if</w>
			<w x="739">a</w>
			<w x="831">cloud</w>
			<w x="876">of</w>
			<w x="949">dust</w>
		</line>
		<line c="649" h="41" n="7">
			<w x="381">Were</w>
			<w x="485">raised</w>
			<w x="579">about</w>
			<w x="622">it.</w>
			<w x="753">Down</w>
			<w x="832">with</w>
			<w x="921">these</w>
			<w x="988">was</w>
			<w x="1092">thrust</w>
		</line>
	</div>
	<div id="3" group="2" x="286" y="972" width="802" height="301" type="wavyscore" attribution="HM"
		sealts="278_1_1.275" section="11">
		<line c="997" h="30" n="14">
			<w x="389">About</w>
			<w x="459">him</w>
			<w x="532">flew</w>
			<w x="591">the</w>
			<w x="738">
				<choice>
					<orig>clamours</orig>
					<reg>clamors</reg>
				</choice>
			</w>
			<w x="783">of</w>
			<w x="838">the</w>
			<w x="923">dead</w>
		</line>
		<line c="1051" h="38" n="15">
			<w x="368">Like</w>
			<w x="466">fowls,</w>
			<w x="536">and</w>
			<w x="604">still</w>
			<w x="723">
				<choice>
					<orig>stoop'd</orig>
					<reg>stooped</reg>
				</choice>
			</w>
			<w x="839">cufling</w>
			<w x="880">at</w>
			<w x="935">his</w>
			<w x="1028">head.</w>
		</line>
		<line c="1100" h="39" n="16">
			<w x="343">He</w>
			<w x="421">with</w>
			<w x="476">his</w>
			<w x="558">bow,</w>
			<w x="627">like</w>
			<w x="742">Night,</w>
			<w x="836">
				<choice>
					<orig>stalk'd</orig>
					<reg>stalked</reg>
				</choice>
			</w>
			<w x="907">up</w>
			<w x="975">and</w>
			<w x="1077">down,</w>
		</line>
		<line c="1150" h="39" n="17">
			<w x="349">His</w>
			<w x="435">shaft</w>
			<w x="503">still</w>
			<w x="594">
				<choice>
					<orig>nock'd</orig>
					<reg>nocked</reg>
				</choice>
			</w>
			<w x="695">and</w>
			<w x="819">hurling</w>
			<w x="919">round</w>
			<w x="975">his</w>
			<w x="1073">frown</w>
		</line>
		<line c="1199" h="39" n="18">
			<w x="335">At</w>
			<w x="424">those</w>
			<w x="517">
				<choice>
					<orig>vex'd</orig>
					<reg>vexed</reg>
				</choice>
			</w>
			<w x="666">hoverers,</w>
			<w x="786">aiming</w>
			<w x="827">at</w>
			<w x="915">them</w>
			<w x="992">still,</w>
		</line>
		<line c="1249" h="38" n="19">
			<w x="360">And</w>
			<w x="436">still,</w>
			<w x="480">as</w>
			<w x="621">shooting</w>
			<w x="690">out,</w>
			<w x="792">desire</w>
			<w x="834">to</w>
			<w x="911">still.</w>
		</line>
	</div>
	<div id="4" group="3" x="284" y="1619" width="695" height="249" type="wavyscore"
		attribution="HM" sealts="278_1_1.275" section="11">
		<line c="1644" h="39" n="27">
			<w x="371">'Son</w>
			<w x="416">of</w>
			<w x="550">Laertes,</w>
			<w x="634">high</w>
			<w x="676">in</w>
			<w x="808">wisdom's</w>
			<w x="928">reach,</w>
		</line>
		<line c="1694" h="38" n="28">
			<w x="357">And</w>
			<w x="416">yet</w>
			<w x="560">unhappy</w>
			<w x="682">wretch,</w>
			<w x="739">for</w>
			<w x="781">in</w>
			<w x="848">this</w>
			<w x="950">heart,</w>
		</line>
		<line c="1743" h="39" n="29">
			<w x="332">Of</w>
			<w x="379">all</w>
			<w x="506">exploits</w>
			<w x="649">achieved</w>
			<w x="699">by</w>
			<w x="762">thy</w>
			<w x="875">desert,</w>
		</line>
		<line c="1792" h="38" n="30">
			<w x="354">Thy</w>
			<w x="451">worth</w>
			<w x="512">but</w>
			<w x="613">works</w>
			<w x="674">out</w>
			<w x="761">some</w>
			<w x="883">sinister</w>
			<w x="960">fate,</w>
		</line>
		<line c="1842" h="39" n="31">
			<w x="331">As</w>
			<w x="361">I</w>
			<w x="404">in</w>
			<w x="494">earth</w>
			<w x="563">did.</w>
			<w x="621">I</w>
			<w x="688">was</w>
			<w x="831">generate</w>
		</line>
	</div>
</body>
