<body>
	<div id="2" group="1" x="292" y="326" width="785" height="106" type="score" attribution="HM"
		sealts="278_1_1.203" section="9">
		<line n="1" h="53" c="352">
			<w x="376">Lest</w>
			<w x="456">they</w>
			<w x="566">should</w>
			<w x="642">taste</w>
			<w x="704">the</w>
			<w x="778">lote</w>
			<w x="842">too,</w>
			<w x="920">and</w>
			<w x="1022">forget</w>
		</line>
		<line n="2" h="53" c="405">
			<w x="386">With</w>
			<w x="466">such</w>
			<w x="596">strange</w>
			<w x="730">raptures</w>
			<w x="818">their</w>
			<w x="952">despised</w>
			<w x="1076">retreat.</w>
		</line>
	</div>
</body>
