<body>
	<div id="2" group="1" x="728" y="1108" width="712" height="100" type="checkmark"
		attribution="HM" sealts="278_1_1.186" section="8">
		<line n="17" h="50" c="1133">
			<w x="806">The</w>
			<w x="940">dancers'</w>
			<w x="1010">feet</w>
			<w x="1090">kept</w>
			<w x="1128">as</w>
			<w x="1186">his</w>
			<w x="1290">hands</w>
			<w x="1344">his</w>
			<w x="1436">cords.</w>
		</line>
		<line n="18" h="50" c="1183">
			<w x="856">Ulysses</w>
			<w x="952">much</w>
			<w x="1018">was</w>
			<w x="1148">pleased,</w>
			<w x="1222">and</w>
			<w x="1268">all</w>
			<w x="1330">the</w>
			<w x="1426">crew.</w>
		</line>
	</div>
</body>
