<body>
	<div id="2" group="1" x="737" y="1696" width="846" height="154" type="score" attribution="HM"
		sealts="278_1_1.130" section="5">
		<line c="1725" h="43" n="29">
			<w x="844">Where</w>
			<w x="925">peril</w>
			<w x="1053">possible</w>
			<w x="1097">of</w>
			<w x="1202">escape</w>
			<w x="1239">is</w>
			<w x="1329">tried.</w>
		</line>
		<line c="1774" h="42" n="30">
			<w x="799">But</w>
			<w x="846">he</w>
			<w x="919">that</w>
			<w x="1014">fights</w>
			<w x="1092">with</w>
			<w x="1217">heaven,</w>
			<w x="1262">or</w>
			<w x="1339">with</w>
			<w x="1398">the</w>
			<w x="1468">sea,</w>
		</line>
	</div>
</body>
