<body>
	<div id="2" group="1" x="299" y="1108" width="871" height="201" type="score" attribution="HM"
		sealts="278_1_b09" mode="commentary" section="intro">
		<line c="1132" h="38" n="17">
			<w x="458">terseness.</w>
			<w x="521">It</w>
			<w x="631">should</w>
			<w x="674">be</w>
			<w x="769">borne</w>
			<w x="811">in</w>
			<w x="898">mind</w>
			<w x="970">that</w>
			<w x="1026">his</w>
			<w x="1164">Odyssey</w>
		</line>
		<line c="1181" h="39" n="18">
			<w x="341">is</w>
			<w x="397">the</w>
			<w x="469">first</w>
			<w x="537">and</w>
			<w x="615">only</w>
			<w x="809">considerable</w>
			<w x="960">specimen</w>
			<w x="1005">of</w>
			<w x="1032">a</w>
			<w x="1124">poem</w>
			<w x="1166">of</w>
		</line>
		<line c="1230" h="39" n="19">
			<w x="367">this</w>
			<w x="504">measure</w>
			<w x="544">in</w>
			<w x="603">the</w>
			<w x="793">Elizabethan</w>
			<w x="868">age,</w>
			<w x="935">and</w>
			<w x="978">as</w>
			<w x="1059">such</w>
			<w x="1163">claims</w>
		</line>
		<div id="3" group="1" x="303" y="1252" width="863" height="45" type="checkmark"
			attribution="HM" sealts="278_1_b09" mode="commentary" section="intro">
			<line n="20" h="45" c="1275">
				<w x="367">our</w>
				<w x="496">interest</w>
				<w x="565">and</w>
				<w x="714">attention.</w>
				<w x="810">"It</w>
				<w x="849">is</w>
				<w x="920">like</w>
				<w x="978">the</w>
				<w x="1081">heroic</w>
				<w x="1161">mea-</w>
			</line>
		</div>
	</div>
	<div id="4" group="2" x="305" y="1310" width="863" height="41" type="checkmark" attribution="HM"
		sealts="278_1_b09" mode="commentary" section="intro">
		<line n="21" h="41" c="1331">
			<w x="390">sure</w>
			<w x="469">only</w>
			<w x="527">in</w>
			<w x="585">its</w>
			<w x="698">rhyme</w>
			<w x="770">and</w>
			<w x="825">its</w>
			<w x="969">number</w>
			<w x="1016">of</w>
			<w x="1161">syllables.</w>
		</line>
	</div>
</body>
