<body>
	<div id="2" group="1" x="284" y="1203" width="728" height="141" type="wavyscore"
		attribution="HM" sealts="278_1_1.149" section="6">
		<line c="1228" h="36" n="19">
			<w x="354">Her</w>
			<w x="453">maids</w>
			<w x="568">behind</w>
			<w x="630">her</w>
			<w x="684">set;</w>
			<w x="778">and</w>
			<w x="817">to</w>
			<w x="880">her</w>
			<w x="957">here</w>
		</line>
		<line c="1278" h="38" n="20">
			<w x="343">My</w>
			<w x="467">father's</w>
			<w x="583">dining</w>
			<w x="692">throne</w>
			<w x="790">looks,</w>
			<w x="897">seated</w>
			<w x="999">where</w>
		</line>
		<line c="1327" h="38" n="21">
			<w x="340">He</w>
			<w x="435">pours</w>
			<w x="492">his</w>
			<w x="599">choice</w>
			<w x="644">of</w>
			<w x="721">wine</w>
			<w x="774">in,</w>
			<w x="842">like</w>
			<w x="873">a</w>
			<w x="958">God.</w>
		</line>
	</div>
</body>
