<body>
	<div id="2" group="1" x="696" y="636" width="770" height="298" type="score" attribution="HM"
		sealts="278_1_1.182" section="8">
		<div id="3" group="1" x="707" y="640" width="731" height="44" type="underline"
			type2="checkmark" attribution="HM" sealts="278_1_1.182" section="8">
			<line n="7" h="44" c="662">
				<w x="782">And</w>
				<w x="878">shook</w>
				<w x="912">a</w>
				<w x="998">most</w>
				<w x="1100">divine</w>
				<w x="1194">dance</w>
				<w x="1280">from</w>
				<w x="1368">their</w>
				<w x="1436">feet,</w>
			</line>
		</div>
		<line c="708" h="45" n="8">
			<w x="783">That</w>
			<w x="925">twinkled</w>
			<w x="1076">
				<choice>
					<orig>star-like,</orig>
					<reg>star like,</reg>
					<reg>star</reg>
					<reg>like,</reg>
				</choice>
			</w>
			<w x="1181">
				<choice>
					<orig>mov'd</orig>
					<reg>moved</reg>
				</choice>
			</w>
			<w x="1224">as</w>
			<w x="1317">swift,</w>
			<w x="1386">and</w>
			<w x="1462">fine,</w>
		</line>
		<line c="763" h="40" n="9">
			<w x="775">And</w>
			<w x="850">beat</w>
			<w x="909">the</w>
			<w x="964">air</w>
			<w x="1006">so</w>
			<w x="1089">thin,</w>
			<w x="1169">they</w>
			<w x="1261">made</w>
			<w x="1296">it</w>
			<w x="1395">shine.</w>
		</line>
		<line c="813" h="41" n="10">
			<w x="823">Ulysses</w>
			<w x="972">
				<choice>
					<orig>wonder'd</orig>
					<reg>wondered</reg>
				</choice>
			</w>
			<w x="1014">at</w>
			<w x="1057">it,</w>
			<w x="1120">but</w>
			<w x="1239">
				<choice>
					<orig>amaz'd</orig>
					<reg>amazed</reg>
				</choice>
			</w>
		</line>
		<line c="860" h="38" n="11">
			<w x="757">He</w>
			<w x="848">stood</w>
			<w x="890">in</w>
			<w x="979">mind</w>
			<w x="1019">to</w>
			<w x="1100">hear</w>
			<w x="1159">the</w>
			<w x="1259">dance</w>
			<w x="1302">so</w>
			<w x="1434">
				<choice>
					<orig>phras'd.</orig>
					<reg>phrased.</reg>
				</choice>
			</w>
		</line>
		<line c="912" h="40" n="12">
			<w x="775">For,</w>
			<w x="818">as</w>
			<w x="897">they</w>
			<w x="1018">danc'd,</w>
			<w x="1205">Demodocus</w>
			<w x="1265">did</w>
			<w x="1352">sing,</w>
		</line>
	</div>
</body>
