<body>
	<div id="2" group="1" x="684" y="1125" width="870" height="440" type="score" attribution="HM"
		sealts="278_2_2.108" section="17">
		<line c="1153" h="40" n="17">
			<w x="763">The</w>
			<w x="841">dog,</w>
			<w x="920">with</w>
			<w x="1003">ticks</w>
			<w x="1160">
				<choice>
					<orig>(unlook'd</orig>
					<reg>(unlooked</reg>
				</choice>
			</w>
			<w x="1214">to)</w>
			<w x="1395">overgrown.</w>
		</line>
		<line c="1201" h="38" n="18">
			<w x="761">But</w>
			<w x="810">by</w>
			<w x="877">this</w>
			<w x="946">dog</w>
			<w x="994">no</w>
			<w x="1105">sooner</w>
			<w x="1183">seen</w>
			<w x="1245">but</w>
			<w x="1358">known</w>
		</line>
		<line c="1250" h="38" n="19">
			<w x="771">Was</w>
			<w x="847">wise</w>
			<w x="985">Ulysses,</w>
			<w x="1058">who</w>
			<w x="1131">new</w>
			<w x="1250">
				<choice>
					<orig>enter'd</orig>
					<reg>entered</reg>
				</choice>
			</w>
			<w x="1350">there,</w>
		</line>
		<line c="1300" h="38" n="20">
			<w x="750">Up</w>
			<w x="834">went</w>
			<w x="890">his</w>
			<w x="982">dog's</w>
			<w x="1050">laid</w>
			<w x="1134">ears,</w>
			<w x="1212">and,</w>
			<w x="1336">coming</w>
			<w x="1424">near,</w>
		</line>
		<line c="1348" h="39" n="21">
			<w x="749">Up</w>
			<w x="798">he</w>
			<w x="922">himself</w>
			<w x="1001">rose,</w>
			<w x="1124">
				<choice>
					<orig>fawn'd,</orig>
					<reg>fawned,</reg>
				</choice>
			</w>
			<w x="1193">and</w>
			<w x="1315">
				<choice>
					<orig>wagg'd</orig>
					<reg>wagged</reg>
				</choice>
			</w>
			<w x="1371">his</w>
			<w x="1469">stern,</w>
		</line>
		<line c="1397" h="39" n="22">
			<w x="827">
				<choice>
					<orig>Couch'd</orig>
					<reg>Couched</reg>
				</choice>
			</w>
			<w x="910">close</w>
			<w x="966">his</w>
			<w x="1049">ears,</w>
			<w x="1118">and</w>
			<w x="1176">lay</w>
			<w x="1218">so;</w>
			<w x="1315">nor</w>
			<w x="1430">discern</w>
		</line>
		<line c="1448" h="38" n="23">
			<w x="790">Could</w>
			<w x="940">evermore</w>
			<w x="996">his</w>
			<w x="1170">
				<choice>
					<orig>dear-loved</orig>
					<reg>dear loved</reg>
					<reg>dear</reg>
					<reg>loved</reg>
				</choice>
			</w>
			<w x="1244">lord</w>
			<w x="1349">again.</w>
		</line>
		<line c="1497" h="39" n="24">
			<w x="816">Ulysses</w>
			<w x="885">saw</w>
			<w x="929">it,</w>
			<w x="992">nor</w>
			<w x="1060">had</w>
			<w x="1162">power</w>
			<w x="1194">t'</w>
			<w x="1314">abstain</w>
		</line>
		<line c="1546" h="40" n="25">
			<w x="785">From</w>
			<w x="934">shedding</w>
			<w x="1037">tears;</w>
			<w x="1148">which</w>
			<w x="1274">(far-off</w>
			<w x="1380">seeing</w>
			<w x="1435">his</w>
			<w x="1547">swain)</w>
		</line>
	</div>
</body>
