<body>
	<div id="2" group="1" x="298" y="742" width="244" height="52" type="underline" attribution="HM"
		sealts="278_1_1.189" section="8">
		<line n="10" h="52" c="768">
			<blank x="660"/>
			<w x="758">make</w>
			<w x="826">him</w>
			<w x="902">hold</w>
		</line>
	</div>
	<line n="11" h="52" c="816">
		<w x="358">My</w>
		<w x="492">memory</w>
		<w x="608">always</w>
		<w x="694">dear,</w>
	</line>
	<div id="3" group="2" x="296" y="1483" width="736" height="103" type="checkmark"
		attribution="HM" sealts="278_1_1.189" section="8">
		<line n="25" h="51" c="1508">
			<w x="422">This</w>
			<w x="514">when</w>
			<w x="636">Ulysses</w>
			<w x="746">heard,</w>
			<w x="796">all</w>
			<w x="864">sure</w>
			<w x="918">her</w>
			<w x="1018">made,</w>
		</line>
		<line n="26" h="51" c="1559">
			<w x="448">Enclosed</w>
			<w x="516">and</w>
			<w x="620">bound</w>
			<w x="710">safe;</w>
			<w x="772">for</w>
			<w x="834">the</w>
			<div id="4" group="2" x="826" y="1538" width="200" height="42" type="underline"
				attribution="HM" sealts="278_1_1.189" section="8">
				<w x="944">saving</w>
				<w x="1024">trade</w>
			</div>
		</line>
	</div>

</body>
