<body>
    <div id="63" group="1" x="777" y="165" width="742" height="272" type="autograph" attribution="HM" sealts="278_1_a05" section="frontmatter">
        <line n="1" h="89" c="221">
            <w x="900">H.</w>
            <w x="1167">Melville</w>
        </line>
        <line n="2" h="89" c="305">
            <blank x="906"/>
            <w x="1026">from</w>
        </line>
        <line n="3" h="90" c="390">
            <blank x="934"/>
            <w x="1134">George</w>
            <w x="1511">Duyckinck</w>
        </line>
    </div>
    <div id="64" group="1" x="165" y="385" width="302" height="88" type="notation" attribution="HM" sealts="278_1_a05" section="frontmatter">
        <line n="1" h="88" c="429">
            <w x="306">Nov.</w>
            <w x="463">1858</w>
        </line>
    </div>
</body>
