<body>
	<div id="2" group="1" x="280" y="478" width="698" height="94" type="crosschecks3"
		attribution="HM" sealts="278_1_1.279" section="12">
		<line n="4" h="47" c="501">
			<w x="340">By</w>
			<w x="404">sea</w>
			<w x="476">and</w>
			<w x="574">shore,</w>
			<w x="634">the</w>
			<w x="728">
				<choice>
					<orig>woful</orig>
					<reg>woeful</reg>
				</choice>
			</w>
			<w x="806">ends</w>
			<w x="882">that</w>
			<w x="970">reign</w>
		</line>
		<line n="5" h="47" c="548">
			<w x="332">In</w>
			<w x="430">
				<choice>
					<orig>wilful</orig>
					<reg>willful</reg>
				</choice>
			</w>
			<w x="572">actions.'</w>
			<w x="686">Thus</w>
			<w x="750">did</w>
			<w x="804">she</w>
			<w x="946">advise,</w>
		</line>
	</div>
</body>
