<body>
	<div id="2" group="1" x="268" y="695" width="728" height="100" type="checkmark" attribution="HM"
		sealts="278_1_1.117" section="5">
		<line n="41" h="50" c="720">
			<w x="363">That</w>
			<w x="454">more</w>
			<w x="490">in</w>
			<w x="596">power</w>
			<w x="661">are,</w>
			<w x="749">more</w>
			<w x="796">in</w>
			<w x="876">skill,</w>
			<w x="960">than</w>
			<w x="994">I,</w>
		</line>
		<line n="42" h="50" c="770">
			<w x="356">And</w>
			<w x="443">more</w>
			<w x="505">can</w>
			<w x="601">judge</w>
			<w x="690">what</w>
			<w x="745">fits</w>
			<w x="943">humanity."</w>
		</line>
	</div>
</body>
