<body>
	<div id="2" group="1" x="310" y="1518" width="792" height="98" type="checkmark" attribution="HM"
		sealts="278_1_1.093" section="4">
		<line n="25" h="49" c="1542">
			<w x="412">Swum</w>
			<w x="463">on</w>
			<w x="521">the</w>
			<w x="623">rough</w>
			<w x="720">waves</w>
			<w x="761">of</w>
			<w x="820">the</w>
			<w x="941">world's</w>
			<w x="1007">vast</w>
			<w x="1094">mote,</w>
		</line>
		<line n="26" h="49" c="1591">
			<w x="381">Till</w>
			<w x="490">having</w>
			<w x="592">drunk</w>
			<w x="623">a</w>
			<w x="687">salt</w>
			<w x="750">cup</w>
			<w x="807">for</w>
			<w x="856">his</w>
			<w x="923">sin,</w>
		</line>
	</div>
</body>
