<body>
	<div id="2" group="1" x="306" y="1123" width="722" height="145" type="score" attribution="HM"
		sealts="278_2_2.029" section="14">
		<line c="1143" h="33" n="17">
			<w x="486">Eumaeus</w>
			<w x="647">
				<choice>
					<orig>answer'd:</orig>
					<reg>answered:</reg>
				</choice>
			</w>
			<w x="817">"Father,</w>
			<w x="916">never</w>
			<w x="991">one,</w>
		</line>
		<line c="1191" h="50" n="18">
			<w x="302">I</w>
			<w x="360">of</w>
			<w x="406">all</w>
			<w x="465">the</w>
			<w x="618">strangers</w>
			<w x="692">that</w>
			<w x="773">have</w>
			<w x="877">touch'</w>
			<w x="897">d</w>
			<w x="984">upon</w>
		</line>
		<line c="1245" h="40" n="19">
			<w x="386">This</w>
			<w x="484">coast,</w>
			<w x="563">with</w>
			<w x="619">his</w>
			<w x="702">life's</w>
			<w x="789">news</w>
			<w x="882">could</w>
			<w x="958">ever</w>
			<w x="1018">yet</w>
		</line>
	</div>
	<div id="3" group="2" x="292" y="1314" width="690" height="98" type="wavyscore" attribution="HM"
		sealts="278_2_2.029" section="14">
		<div id="4" group="2" x="306" y="1314" width="680" height="49" type="underline"
			attribution="HM" sealts="278_2_2.029" section="14">
			<line n="21" h="49" c="1339">
				<w x="413">These</w>
				<w x="576">
					<choice>
						<orig>travellers,</orig>
						<reg>travelers,</reg>
					</choice>
				</w>
				<w x="632">for</w>
				<w x="756">clothes,</w>
				<w x="800">or</w>
				<w x="860">for</w>
				<w x="884">a</w>
				<w x="986">meal,</w>
			</line>
		</div>
		<line n="22" h="49" c="1383">
			<w x="367">At</w>
			<w x="415">all</w>
			<w x="599">adventures,</w>
			<w x="670">any</w>
			<w x="714">lie</w>
			<w x="785">will</w>
			<w x="846">tell.</w>
		</line>
	</div>
</body>
