<body>
	<div id="2" group="1" x="304" y="1126" width="776" height="96" type="checkmark" attribution="HM"
		sealts="278_2_2.247" section="23">
		<line n="17" h="48" c="1150">
			<w x="425">This</w>
			<w x="488">last</w>
			<w x="577">word</w>
			<w x="664">used,</w>
			<w x="754">sleep</w>
			<w x="854">seized</w>
			<w x="913">his</w>
			<w x="1018">weary</w>
			<w x="1076">eye</w>
		</line>
		<line n="18" h="48" c="1198">
			<w x="396">That</w>
			<w x="489">salves</w>
			<w x="538">all</w>
			<w x="614">care</w>
			<w x="658">to</w>
			<w x="708">all</w>
			<w x="876">mortality.</w>
		</line>
	</div>
	<div id="3" group="2" x="293" y="1470" width="748" height="346" type="wavyscore"
		attribution="HM" sealts="278_2_2.247" section="23">
		<line c="1495" h="41" n="24">
			<w x="377">"O</w>
			<w x="500">Queen,</w>
			<w x="575">now</w>
			<w x="685">satiate</w>
			<w x="764">with</w>
			<w x="917">afflictions</w>
			<w x="987">laid</w>
		</line>
		<line c="1546" h="41" n="25">
			<w x="366">On</w>
			<w x="445">both</w>
			<w x="508">our</w>
			<w x="624">bosoms,--</w>
			<w x="732">you</w>
			<w x="892">oppressed</w>
			<w x="971">here</w>
		</line>
		<line c="1595" h="46" n="26">
			<w x="399">With</w>
			<w x="487">cares</w>
			<w x="542">for</w>
			<w x="602">my</w>
			<w x="719">return,</w>
			<w x="750">I</w>
			<w x="936">everywhere</w>
		</line>
		<line c="1647" h="46" n="27">
			<w x="366">By</w>
			<w x="448">Jove</w>
			<w x="515">and</w>
			<w x="565">all</w>
			<w x="624">the</w>
			<w x="716">other</w>
			<w x="836">Deities</w>
			<w x="934">
				<choice>
					<orig>toss'd</orig>
					<reg>tossed</reg>
				</choice>
			</w>
		</line>
		<line c="1696" h="42" n="28">
			<w x="399">Even</w>
			<w x="453">till</w>
			<w x="501">all</w>
			<w x="583">hope</w>
			<w x="628">of</w>
			<w x="685">my</w>
			<w x="792">return</w>
			<w x="860">was</w>
			<w x="977">lost,--</w>
		</line>
		<line c="1742" h="36" n="29">
			<w x="389">Aud</w>
			<w x="467">both</w>
			<w x="585">arrived</w>
			<w x="626">at</w>
			<div id="4" group="2" x="699" y="1717" width="349" height="48" type="underline"
				attribution="HM" sealts="278_2_2.247" section="23">
				<w x="790">sweet</w>
				<w x="900">haven,</w>
				<w x="970">our</w>
				<w x="1045">bed,</w>
			</div>
		</line>
		<line c="1796" h="44" n="30">
			<w x="366">Be</w>
			<w x="447">your</w>
			<w x="520">care</w>
			<w x="600">used</w>
			<w x="640">to</w>
			<w x="699">see</w>
			<w x="900">
				<choice>
					<orig>administ'red</orig>
					<reg>administered</reg>
				</choice>
			</w>
		</line>
	</div>
</body>
