<body>
	<div id="2" group="1" x="1007" y="971" width="276" height="44" type="underline" attribution="HM"
		sealts="278_1_b46" mode="commentary" section="frontverse">
		<line n="14" h="44" c="993">
			<w x="1178">unsilenced</w>
			<w x="1281">story?</w>
		</line>
	</div>
	<div id="3" group="2" x="630" y="1320" width="730" height="144" type="score" attribution="HM"
		sealts="278_1_b46" mode="commentary" section="frontverse">
		<line c="1341" h="41" n="21">
			<w x="728">From</w>
			<w x="830">whose</w>
			<w x="912">deep</w>
			<w x="1005">fount</w>
			<w x="1048">of</w>
			<w x="1105">life</w>
			<w x="1165">the</w>
			<w x="1277">thirsty</w>
			<w x="1351">rout</w>
		</line>
		<line c="1393" h="46" n="22">
			<w x="686">Of</w>
			<w x="833">Thespian</w>
			<w x="975">prophets</w>
			<w x="1057">have</w>
			<w x="1126">lien</w>
			<w x="1256">sucking</w>
			<w x="1316">out</w>
		</line>
		<line c="1439" h="41" n="23">
			<w x="729">Their</w>
			<w x="835">sacred</w>
			<w x="938">rages.</w>
			<w x="1045">And</w>
			<w x="1088">as</w>
			<w x="1140">th'</w>
			<w x="1263">influent</w>
			<w x="1352">stone</w>
		</line>
	</div>
</body>
