<body>
	<div id="2" group="1" x="710" y="335" width="761" height="343" type="score" attribution="HM"
		sealts="278_2_2.260" section="24">
		<line c="363" h="40" n="1">
			<w x="789">And</w>
			<w x="848">yet</w>
			<w x="962">(which</w>
			<w x="1013">let</w>
			<w x="1073">not</w>
			<w x="1163">move</w>
			<w x="1244">you)</w>
			<w x="1313">you</w>
			<w x="1427">bestow</w>
		</line>
		<line c="413" h="38" n="2">
			<w x="752">N</w>
			<w x="769">O</w>
			<w x="844">care</w>
			<w x="930">upon</w>
			<w x="1071">yourself,</w>
			<w x="1192">though</w>
			<w x="1233">to</w>
			<w x="1299">this</w>
			<w x="1386">show</w>
		</line>
		<line c="461" h="37" n="3">
			<w x="768">Of</w>
			<w x="897">outward</w>
			<w x="1091">irksomeness</w>
			<w x="1132">to</w>
			<w x="1219">what</w>
			<w x="1285">you</w>
			<w x="1346">are</w>
		</line>
		<line c="505" h="43" n="4">
			<w x="789">You</w>
			<w x="896">
				<choice>
					<orig>labour</orig>
					<reg>labor</reg>
				</choice>
			</w>
			<w x="974">with</w>
			<w x="1022">an</w>
			<w x="1139">inward</w>
			<w x="1266">
				<choice>
					<orig>froward</orig>
					<reg>forward</reg>
				</choice>
			</w>
			<w x="1352">care,</w>
		</line>
		<line c="560" h="39" n="5">
			<w x="827">'Which</w>
			<w x="861">is</w>
			<w x="942">your</w>
			<w x="1017">age,</w>
			<w x="1092">that</w>
			<w x="1201">should</w>
			<w x="1284">wear</w>
			<w x="1334">all</w>
			<w x="1459">without</w>
		</line>
		<line c="609" h="38" n="6">
			<w x="802">More</w>
			<w x="879">neat</w>
			<w x="947">and</w>
			<w x="1126">cherishing.</w>
			<w x="1183">I</w>
			<w x="1277">make</w>
			<w x="1326">no</w>
			<w x="1423">doubt</w>
		</line>
		<line c="659" h="38" n="7">
			<w x="795">That</w>
			<w x="863">any</w>
			<w x="947">sloth</w>
			<w x="1014">you</w>
			<w x="1075">use</w>
			<w x="1214">procures</w>
			<w x="1295">your</w>
			<w x="1367">lord</w>
		</line>
	</div>
</body>
