<body>
	<div id="2" group="1" x="286" y="1219" width="778" height="95" type="checkmark" attribution="HM"
		sealts="278_2_2.143" section="19">
		<line n="19" h="48" c="1242">
			<w x="433">Wrath's</w>
			<w x="536">means</w>
			<w x="598">for</w>
			<w x="660">act,</w>
			<w x="738">curb</w>
			<w x="797">all</w>
			<w x="856">the</w>
			<w x="946">ways</w>
			<w x="989">ye</w>
			<w x="1055">can,</w>
		</line>
		<line n="20" h="47" c="1290">
			<w x="342">As</w>
			<w x="502">loadstones</w>
			<w x="597">draw</w>
			<w x="654">the</w>
			<w x="743">steel,</w>
			<w x="782">so</w>
			<w x="858">steel</w>
			<w x="965">draws</w>
			<w x="1051">man.</w>
		</line>
	</div>
</body>
