<body>
	<div id="2" group="1" x="293" y="854" width="773" height="200" type="wavyscore" attribution="HM"
		sealts="278_1_1.179" section="8">
		<line c="882" h="40" n="12">
			<w x="365">But</w>
			<w x="446">urge</w>
			<w x="507">the</w>
			<w x="607">whole</w>
			<w x="691">state</w>
			<w x="736">of</w>
			<w x="799">you;</w>
			<w x="905">only</w>
			<w x="979">one,</w>
		</line>
		<line c="931" h="38" n="13">
			<w x="323">I</w>
			<w x="390">will</w>
			<w x="450">not</w>
			<w x="607">challenge</w>
			<w x="650">in</w>
			<w x="711">my</w>
			<w x="815">forced</w>
			<w x="916">boast,</w>
		</line>
		<line c="978" h="36" n="14">
			<w x="371">And</w>
			<w x="466">that's</w>
			<w x="646">Laodamas,</w>
			<w x="702">for</w>
			<w x="773">he's</w>
			<w x="860">mine</w>
			<w x="946">host.</w>
		</line>
		<line c="1029" h="39" n="15">
			<w x="371">And</w>
			<w x="465">who</w>
			<w x="511">will</w>
			<w x="603">fight,</w>
			<w x="647">or</w>
			<w x="791">wrangle,</w>
			<w x="871">with</w>
			<w x="927">his</w>
			<w x="1030">friend?</w>
		</line>
	</div>
	<div id="3" group="1" x="296" y="1054" width="782" height="148" type="wavyscore"
		attribution="HM" sealts="278_1_1.179" section="8">
		<line c="1078" h="36" n="16">
			<w x="417">Unwise</w>
			<w x="466">he</w>
			<w x="511">is,</w>
			<w x="581">and</w>
			<w x="667">base,</w>
			<w x="744">that</w>
			<w x="810">will</w>
			<w x="943">contend</w>
		</line>
		<line c="1128" h="38" n="17">
			<w x="387">With</w>
			<w x="457">him</w>
			<w x="529">that</w>
			<w x="617">feeds</w>
			<w x="697">him,</w>
			<w x="741">in</w>
			<w x="771">a</w>
			<w x="891">foreign</w>
			<w x="982">place;</w>
		</line>
		<line c="1178" h="39" n="18">
			<w x="372">And</w>
			<w x="462">takes</w>
			<w x="512">all</w>
			<w x="595">edge</w>
			<w x="649">off</w>
			<w x="729">from</w>
			<w x="783">his</w>
			<w x="857">own</w>
			<w x="971">sought</w>
			<w x="1075">grace.</w>
		</line>
	</div>
</body>
