<body>
	<div id="2" group="1" x="666" y="565" width="779" height="150" type="score" attribution="HM"
		sealts="278_1_1.040" section="2">
		<line c="596" h="42" n="6">
			<w x="733">For</w>
			<w x="806">few,</w>
			<w x="880">that</w>
			<w x="995">rightly</w>
			<w x="1076">bred</w>
			<w x="1124">on</w>
			<w x="1204">both</w>
			<w x="1288">sides</w>
			<w x="1391">stand,</w>
		</line>
		<line c="647" h="39" n="7">
			<w x="736">Are</w>
			<w x="804">like</w>
			<w x="889">their</w>
			<w x="1021">parents,</w>
			<w x="1118">many</w>
			<w x="1192">that</w>
			<w x="1251">are</w>
			<w x="1359">worse,</w>
		</line>
		<line c="693" h="34" n="8">
			<w x="744">And</w>
			<w x="827">most</w>
			<w x="892">few</w>
			<w x="1001">better.</w>
			<w x="1134">Those</w>
			<w x="1214">then</w>
			<w x="1286">that</w>
			<w x="1346">the</w>
			<w x="1441">nurse</w>
		</line>
	</div>
	<div id="3" group="2" x="675" y="1154" width="726" height="110" type="checkmark"
		attribution="HM" sealts="278_1_1.040" section="2">
		<line n="18" h="55" c="1182">
			<w x="769">They</w>
			<w x="892">neither</w>
			<w x="1010">counsel</w>
			<w x="1096">have</w>
			<w x="1154">nor</w>
			<w x="1236">soul,</w>
			<w x="1321">since</w>
			<w x="1398">they</w>
		</line>
		<line n="19" h="55" c="1237">
			<w x="739">Are</w>
			<div id="4" group="2" x="744" y="1216" width="346" height="43" type="underline"
				attribution="HM" sealts="278_1_1.040" section="2">
				<w x="867">neither</w>
				<w x="947">wise</w>
				<w x="1010">nor</w>
				<w x="1079">just</w>
			</div>
			<w x="1152">and</w>
			<w x="1198">so</w>
			<w x="1279">must</w>
			<w x="1378">needs</w>
		</line>
	</div>
</body>
