<body>
	<div id="2" group="1" x="281" y="1299" width="705" height="106" type="wavyscore"
		attribution="HM" sealts="278_1_1.163" section="7">
		<line n="21" h="53" c="1325">
			<w x="471">
				<choice>
					<orig>Fair-hair'd,</orig>
					<reg>Fair hair'd,</reg>
					<reg>Fair haired,</reg>
					<reg>Fair-haired,</reg>
					<reg>Fair</reg>
					<reg>hair'd,</reg>
					<reg>haired,</reg>
				</choice>
			</w>
			<w x="599">Calypso</w>
			<w x="689">lives;</w>
			<w x="739">a</w>
			<w x="867">Goddess</w>
			<w x="976">grave,</w>
		</line>
		<line n="22" h="53" c="1378">
			<w x="367">And</w>
			<w x="441">with</w>
			<w x="547">whom</w>
			<w x="613">men</w>
			<w x="681">nor</w>
			<w x="769">Gods</w>
			<w x="881">society</w>
			<w x="976">have;</w>
		</line>
	</div>
</body>
