<body>
	<div id="2" group="1" x="276" y="1280" width="609" height="92" type="checkmark" type2="enclosure"
		attribution="HM" sealts="278_1_1.011" section="1">
		<line n="20" h="46" c="1303">
			<w x="394">Guests</w>
			<w x="430">to</w>
			<w x="501">my</w>
			<w x="603">father.</w>
			<w x="770">Studious</w>
			<w x="818">of</w>
			<w x="880">men</w>
		</line>
		<line n="21" h="46" c="1349">
			<w x="343">His</w>
			<w x="478">sociable</w>
			<w x="581">nature</w>
			<w x="658">ever</w>
			<w x="758">was."</w>
		</line>
	</div>
</body>
